m,w,target,seed,outcome,t_ext1,t_ext2,res1,res2,dormant1,dormant2,mean_share1,end_l1,end_l2,pokes
inf,1,none,1,FIX2,28,,0,0,0,0,0.000,0,24,0
inf,1,none,2,FIX2,74,,0,0,0,0,0.001,0,24,0
inf,1,none,3,FIX1,,66,0,0,0,0,0.999,24,0,0
inf,1,none,4,FIX1,,182,0,0,0,0,0.996,24,0,0
inf,1,none,5,FIX1,,18,0,0,0,0,1.000,24,0,0
inf,1,none,6,FIX1,,148,0,0,0,0,0.997,24,0,0
inf,1,none,7,FIX1,,196,0,0,0,0,0.996,24,0,0
inf,1,none,8,FIX2,96,,0,0,0,0,0.002,0,24,0
inf,1,none,9,FIX2,98,,0,0,0,0,0.001,0,24,0
inf,1,none,10,FIX2,58,,0,0,0,0,0.001,0,24,0
inf,1,none,11,FIX2,70,,0,0,0,0,0.001,0,24,0
inf,1,none,12,FIX1,,46,0,0,0,0,0.999,24,0,0
inf,1,none,13,FIX2,48,,0,0,0,0,0.001,0,24,0
inf,1,none,14,FIX1,,116,0,0,0,0,0.998,24,0,0
inf,1,none,15,FIX1,,186,0,0,0,0,0.996,24,0,0
inf,1,none,16,FIX1,,200,0,0,0,0,0.997,24,0,0
inf,1,none,17,FIX2,98,,0,0,0,0,0.001,0,24,0
inf,1,none,18,FIX2,50,,0,0,0,0,0.001,0,24,0
inf,1,none,19,FIX1,,152,0,0,0,0,0.998,24,0,0
inf,1,none,20,FIX1,,102,0,0,0,0,0.999,24,0,0
inf,1,none,21,FIX1,,174,0,0,0,0,0.997,24,0,0
inf,1,none,22,FIX1,,52,0,0,0,0,0.999,24,0,0
inf,1,none,23,FIX1,,176,0,0,0,0,0.996,24,0,0
inf,1,none,24,FIX2,256,,0,0,0,0,0.005,0,24,0
16,1,none,1,FIX2,28,,0,0,0,0,0.000,0,24,1411
16,1,none,2,FIX2,464,,1,0,3,0,0.006,0,24,1411
16,1,none,3,FIX1,,450,0,0,0,0,0.995,24,0,1411
16,1,none,4,FIX1,,328,0,0,0,0,0.993,24,0,1411
16,1,none,5,FIX1,,18,0,0,0,0,1.000,24,0,1411
16,1,none,6,FIX1,,488,2,1,2,2,0.990,24,0,1411
16,1,none,7,FIX2,79,,1,0,3,0,0.001,0,24,1411
16,1,none,8,FIX2,194,,0,1,0,1,0.003,0,24,1411
16,1,none,9,FIX2,146,,0,1,0,1,0.002,0,24,1411
16,1,none,10,FIX2,58,,0,0,0,0,0.001,0,24,1411
16,1,none,11,FIX2,69,,1,0,1,0,0.001,0,24,1411
16,1,none,12,FIX1,,46,2,0,2,0,0.999,24,0,1411
16,1,none,13,FIX2,48,,0,0,0,0,0.001,0,24,1411
16,1,none,14,FIX1,,82,1,0,1,0,0.999,24,0,1411
16,1,none,15,FIX2,322,,0,0,2,0,0.004,0,24,1411
16,1,none,16,FIX2,183,,0,1,0,1,0.004,0,24,1411
16,1,none,17,FIX2,839,,1,1,2,1,0.015,0,24,1411
16,1,none,18,FIX2,50,,0,3,0,3,0.001,0,24,1411
16,1,none,19,FIX2,398,,0,2,0,6,0.009,0,24,1411
16,1,none,20,FIX2,196,,1,0,2,0,0.004,0,24,1411
16,1,none,21,FIX2,641,,2,1,3,1,0.008,0,24,1411
16,1,none,22,FIX1,,52,2,0,2,0,0.999,24,0,1411
16,1,none,23,FIX1,,208,0,1,0,2,0.996,24,0,1411
16,1,none,24,FIX1,,567,0,0,0,0,0.988,24,0,1411
8,1,none,1,FIX2,28,,0,0,0,0,0.000,0,24,2666
8,1,none,2,FIX1,,407,1,0,5,0,0.992,24,0,2666
8,1,none,3,FIX1,,95,0,0,0,0,0.999,24,0,2666
8,1,none,4,FIX2,378,,0,0,16,0,0.005,0,24,2666
8,1,none,5,FIX1,,18,0,0,0,0,1.000,23,0,2666
8,1,none,6,FIX1,,295,0,2,0,6,0.996,23,0,2666
8,1,none,7,FIX2,79,,1,0,3,0,0.001,0,23,2666
8,1,none,8,FIX1,,314,0,2,0,7,0.996,24,0,2666
8,1,none,9,FIX1,,406,0,2,0,10,0.991,23,0,2666
8,1,none,10,FIX2,58,,0,0,0,0,0.001,0,24,2666
8,1,none,11,FIX2,69,,1,0,1,0,0.001,0,24,2666
8,1,none,12,FIX1,,46,0,0,0,0,0.999,24,0,2666
8,1,none,13,FIX2,48,,0,0,0,0,0.001,0,24,2666
8,1,none,14,FIX1,,857,1,0,4,0,0.982,24,0,2666
8,1,none,15,FIX1,,466,0,0,0,0,0.989,24,0,2666
8,1,none,16,FIX1,,194,0,0,0,0,0.997,24,0,2666
8,1,none,17,FIX1,,817,1,1,4,1,0.981,24,0,2666
8,1,none,18,FIX2,50,,0,0,0,0,0.001,0,23,2666
8,1,none,19,FIX1,,392,0,0,0,0,0.993,23,0,2666
8,1,none,20,FIX1,,230,1,1,2,1,0.996,24,0,2666
8,1,none,21,FIX2,437,,0,0,0,0,0.005,0,24,2666
8,1,none,22,FIX1,,52,0,0,0,0,0.999,24,0,2666
8,1,none,23,FIX1,,727,0,0,0,14,0.985,23,0,2666
8,1,none,24,FIX1,,210,0,1,0,17,0.997,23,0,2666
4,1,none,1,FIX2,28,,0,0,0,0,0.000,0,20,4800
4,1,none,2,FIX2,402,,4,0,29,0,0.004,0,20,4800
4,1,none,3,FIX1,,74,0,1,0,1,0.999,22,0,4800
4,1,none,4,FIX2,449,,0,2,0,3,0.010,0,24,4800
4,1,none,5,FIX1,,18,0,0,0,0,1.000,23,0,4800
4,1,none,6,FIX1,,290,0,0,0,0,0.997,21,0,4800
4,1,none,7,FIX1,,139,1,0,3,0,0.997,23,0,4800
4,1,none,8,FIX1,,162,0,0,0,0,0.998,22,0,4800
4,1,none,9,FIX2,217,,1,0,2,0,0.003,0,21,4800
4,1,none,10,FIX2,58,,0,0,0,0,0.001,0,21,4800
4,1,none,11,FIX2,69,,1,0,1,0,0.001,0,22,4800
4,1,none,12,FIX1,,46,0,0,0,0,0.999,23,0,4800
4,1,none,13,FIX2,48,,0,0,0,0,0.001,0,23,4800
4,1,none,14,FIX2,444,,1,0,7,0,0.007,0,20,4800
4,1,none,15,FIX2,75,,0,0,0,0,0.001,0,22,4800
4,1,none,16,FIX1,,173,0,1,0,7,0.998,22,0,4800
4,1,none,17,FIX2,106,,1,0,3,0,0.001,0,22,4800
4,1,none,18,FIX2,50,,0,0,0,0,0.001,0,23,4800
4,1,none,19,FIX1,,915,0,3,0,25,0.984,22,0,4800
4,1,none,20,FIX1,,1087,1,0,2,0,0.978,20,0,4800
4,1,none,21,FIX2,324,,2,0,4,0,0.004,0,21,4800
4,1,none,22,FIX1,,52,0,0,0,0,0.999,21,0,4800
4,1,none,23,FIX2,492,,0,0,0,0,0.011,0,22,4800
4,1,none,24,FIX1,,906,0,2,0,8,0.987,24,0,4800
2,1,none,1,FIX2,28,,0,0,0,0,0.000,0,14,8000
2,1,none,2,FIX2,89,,0,1,9,1,0.001,0,13,8000
2,1,none,3,FIX1,,629,0,2,0,9,0.988,17,0,8000
2,1,none,4,FIX2,174,,0,0,0,0,0.003,0,11,8000
2,1,none,5,FIX1,,18,0,0,0,0,1.000,17,0,8000
2,1,none,6,FIX1,,242,0,5,0,43,0.997,14,0,8000
2,1,none,7,FIX2,271,,3,0,55,0,0.003,0,16,8000
2,1,none,8,FIX1,,806,4,4,10,26,0.985,12,0,8000
2,1,none,9,FIX2,482,,6,0,17,0,0.005,0,13,8000
2,1,none,10,FIX2,58,,0,4,0,4,0.001,0,12,8000
2,1,none,11,FIX2,342,,5,2,13,2,0.004,0,11,8000
2,1,none,12,FIX1,,46,0,0,0,0,0.999,13,0,8000
2,1,none,13,FIX2,48,,0,0,0,0,0.001,0,13,8000
2,1,none,14,FIX1,,238,0,3,0,22,0.997,18,0,8000
2,1,none,15,FIX2,122,,1,1,7,1,0.001,0,19,8000
2,1,none,16,FIX2,336,,0,0,0,0,0.008,0,16,8000
2,1,none,17,FIX2,530,,6,2,16,2,0.006,0,18,8000
2,1,none,18,FIX2,50,,0,0,0,0,0.001,0,15,8000
2,1,none,19,FIX2,467,,0,2,0,2,0.010,0,15,8000
2,1,none,20,FIX2,220,,1,2,7,2,0.005,0,16,8000
2,1,none,21,FIX2,171,,0,0,0,0,0.003,0,15,8000
2,1,none,22,FIX1,,52,0,0,0,0,0.999,12,0,8000
2,1,none,23,FIX2,171,,0,0,0,0,0.003,0,15,8000
2,1,none,24,FIX2,199,,0,0,8,0,0.003,0,18,8000
inf,0.500,handler,1,FIX2,28,,0,0,0,0,0.000,0,24,0
inf,0.500,handler,2,FIX2,74,,0,0,0,0,0.001,0,24,0
inf,0.500,handler,3,FIX1,,66,0,0,0,0,0.999,24,0,0
inf,0.500,handler,4,FIX1,,182,0,0,0,0,0.996,24,0,0
inf,0.500,handler,5,FIX1,,18,0,0,0,0,1.000,24,0,0
inf,0.500,handler,6,FIX1,,148,0,0,0,0,0.997,24,0,0
inf,0.500,handler,7,FIX1,,196,0,0,0,0,0.996,24,0,0
inf,0.500,handler,8,FIX2,96,,0,0,0,0,0.002,0,24,0
inf,0.500,handler,9,FIX2,98,,0,0,0,0,0.001,0,24,0
inf,0.500,handler,10,FIX2,58,,0,0,0,0,0.001,0,24,0
inf,0.500,handler,11,FIX2,70,,0,0,0,0,0.001,0,24,0
inf,0.500,handler,12,FIX1,,46,0,0,0,0,0.999,24,0,0
inf,0.500,handler,13,FIX2,48,,0,0,0,0,0.001,0,24,0
inf,0.500,handler,14,FIX1,,116,0,0,0,0,0.998,24,0,0
inf,0.500,handler,15,FIX1,,186,0,0,0,0,0.996,24,0,0
inf,0.500,handler,16,FIX1,,200,0,0,0,0,0.997,24,0,0
inf,0.500,handler,17,FIX2,98,,0,0,0,0,0.001,0,24,0
inf,0.500,handler,18,FIX2,50,,0,0,0,0,0.001,0,24,0
inf,0.500,handler,19,FIX1,,152,0,0,0,0,0.998,24,0,0
inf,0.500,handler,20,FIX1,,102,0,0,0,0,0.999,24,0,0
inf,0.500,handler,21,FIX1,,174,0,0,0,0,0.997,24,0,0
inf,0.500,handler,22,FIX1,,52,0,0,0,0,0.999,24,0,0
inf,0.500,handler,23,FIX1,,176,0,0,0,0,0.996,24,0,0
inf,0.500,handler,24,FIX2,256,,0,0,0,0,0.005,0,24,0
inf,0.500,mover,1,FIX1,,34,0,0,0,0,0.999,24,0,0
inf,0.500,mover,2,FIX1,,42,0,0,0,0,1.000,24,0,0
inf,0.500,mover,3,FIX1,,20,0,0,0,0,1.000,24,0,0
inf,0.500,mover,4,FIX1,,22,0,0,0,0,1.000,24,0,0
inf,0.500,mover,5,FIX1,,18,0,0,0,0,1.000,24,0,0
inf,0.500,mover,6,FIX1,,36,0,0,0,0,1.000,24,0,0
inf,0.500,mover,7,FIX1,,26,0,0,0,0,1.000,24,0,0
inf,0.500,mover,8,FIX1,,46,0,0,0,0,0.999,24,0,0
inf,0.500,mover,9,FIX1,,64,0,0,0,0,0.999,24,0,0
inf,0.500,mover,10,FIX1,,26,0,0,0,0,1.000,24,0,0
inf,0.500,mover,11,FIX1,,24,0,0,0,0,1.000,24,0,0
inf,0.500,mover,12,FIX1,,18,0,0,0,0,1.000,24,0,0
inf,0.500,mover,13,FIX1,,30,0,0,0,0,1.000,24,0,0
inf,0.500,mover,14,FIX1,,20,0,0,0,0,1.000,24,0,0
inf,0.500,mover,15,FIX1,,48,0,0,0,0,0.999,24,0,0
inf,0.500,mover,16,FIX1,,24,0,0,0,0,1.000,24,0,0
inf,0.500,mover,17,FIX1,,32,0,0,0,0,1.000,24,0,0
inf,0.500,mover,18,FIX1,,72,0,0,0,0,0.998,24,0,0
inf,0.500,mover,19,FIX1,,26,0,0,0,0,1.000,24,0,0
inf,0.500,mover,20,FIX1,,20,0,0,0,0,1.000,24,0,0
inf,0.500,mover,21,FIX1,,16,0,0,0,0,1.000,24,0,0
inf,0.500,mover,22,FIX1,,20,0,0,0,0,1.000,24,0,0
inf,0.500,mover,23,FIX1,,42,0,0,0,0,0.999,24,0,0
inf,0.500,mover,24,FIX1,,30,0,0,0,0,1.000,24,0,0
inf,0.250,handler,1,FIX2,28,,0,0,0,0,0.000,0,24,0
inf,0.250,handler,2,FIX2,74,,0,0,0,0,0.001,0,24,0
inf,0.250,handler,3,FIX1,,66,0,0,0,0,0.999,24,0,0
inf,0.250,handler,4,FIX1,,182,0,0,0,0,0.996,24,0,0
inf,0.250,handler,5,FIX1,,18,0,0,0,0,1.000,24,0,0
inf,0.250,handler,6,FIX1,,148,0,0,0,0,0.997,24,0,0
inf,0.250,handler,7,FIX1,,196,0,0,0,0,0.996,24,0,0
inf,0.250,handler,8,FIX2,96,,0,0,0,0,0.002,0,24,0
inf,0.250,handler,9,FIX2,98,,0,0,0,0,0.001,0,24,0
inf,0.250,handler,10,FIX2,58,,0,0,0,0,0.001,0,24,0
inf,0.250,handler,11,FIX2,70,,0,0,0,0,0.001,0,24,0
inf,0.250,handler,12,FIX1,,46,0,0,0,0,0.999,24,0,0
inf,0.250,handler,13,FIX2,48,,0,0,0,0,0.001,0,24,0
inf,0.250,handler,14,FIX1,,116,0,0,0,0,0.998,24,0,0
inf,0.250,handler,15,FIX1,,186,0,0,0,0,0.996,24,0,0
inf,0.250,handler,16,FIX1,,200,0,0,0,0,0.997,24,0,0
inf,0.250,handler,17,FIX2,98,,0,0,0,0,0.001,0,24,0
inf,0.250,handler,18,FIX2,50,,0,0,0,0,0.001,0,24,0
inf,0.250,handler,19,FIX1,,152,0,0,0,0,0.998,24,0,0
inf,0.250,handler,20,FIX1,,102,0,0,0,0,0.999,24,0,0
inf,0.250,handler,21,FIX1,,174,0,0,0,0,0.997,24,0,0
inf,0.250,handler,22,FIX1,,52,0,0,0,0,0.999,24,0,0
inf,0.250,handler,23,FIX1,,176,0,0,0,0,0.996,24,0,0
inf,0.250,handler,24,FIX2,256,,0,0,0,0,0.005,0,24,0
inf,0.250,mover,1,FIX1,,20,0,0,0,0,1.000,24,0,0
inf,0.250,mover,2,FIX1,,22,0,0,0,0,1.000,24,0,0
inf,0.250,mover,3,FIX1,,20,0,0,0,0,1.000,24,0,0
inf,0.250,mover,4,FIX1,,14,0,0,0,0,1.000,24,0,0
inf,0.250,mover,5,FIX1,,18,0,0,0,0,1.000,24,0,0
inf,0.250,mover,6,FIX1,,22,0,0,0,0,1.000,24,0,0
inf,0.250,mover,7,FIX1,,20,0,0,0,0,1.000,24,0,0
inf,0.250,mover,8,FIX1,,36,0,0,0,0,1.000,24,0,0
inf,0.250,mover,9,FIX1,,22,0,0,0,0,1.000,24,0,0
inf,0.250,mover,10,FIX1,,26,0,0,0,0,1.000,24,0,0
inf,0.250,mover,11,FIX1,,16,0,0,0,0,1.000,24,0,0
inf,0.250,mover,12,FIX1,,14,0,0,0,0,1.000,24,0,0
inf,0.250,mover,13,FIX1,,24,0,0,0,0,1.000,24,0,0
inf,0.250,mover,14,FIX1,,14,0,0,0,0,1.000,24,0,0
inf,0.250,mover,15,FIX1,,16,0,0,0,0,1.000,24,0,0
inf,0.250,mover,16,FIX1,,20,0,0,0,0,1.000,24,0,0
inf,0.250,mover,17,FIX1,,20,0,0,0,0,1.000,24,0,0
inf,0.250,mover,18,FIX1,,36,0,0,0,0,0.999,24,0,0
inf,0.250,mover,19,FIX1,,12,0,0,0,0,1.000,24,0,0
inf,0.250,mover,20,FIX1,,12,0,0,0,0,1.000,24,0,0
inf,0.250,mover,21,FIX1,,14,0,0,0,0,1.000,24,0,0
inf,0.250,mover,22,FIX1,,16,0,0,0,0,1.000,24,0,0
inf,0.250,mover,23,FIX1,,16,0,0,0,0,1.000,24,0,0
inf,0.250,mover,24,FIX1,,22,0,0,0,0,1.000,24,0,0
16,0.500,handler,1,FIX2,28,,0,3,0,3,0.000,0,24,1411
16,0.500,handler,2,FIX2,378,,0,2,0,2,0.006,0,23,1411
16,0.500,handler,3,FIX1,,259,0,0,0,0,0.997,24,0,1411
16,0.500,handler,4,FIX2,98,,0,0,0,0,0.002,0,24,1411
16,0.500,handler,5,FIX1,,18,0,0,0,0,1.000,24,0,1411
16,0.500,handler,6,FIX2,593,,0,2,0,3,0.011,0,24,1411
16,0.500,handler,7,FIX2,79,,1,3,3,3,0.001,0,24,1411
16,0.500,handler,8,FIX2,686,,2,0,2,0,0.012,0,24,1411
16,0.500,handler,9,FIX2,146,,0,0,0,0,0.002,0,24,1411
16,0.500,handler,10,FIX2,58,,0,1,0,1,0.001,0,24,1411
16,0.500,handler,11,FIX2,69,,1,0,1,0,0.001,0,24,1411
16,0.500,handler,12,FIX1,,46,2,0,2,0,0.999,24,0,1411
16,0.500,handler,13,FIX2,48,,0,0,0,0,0.001,0,24,1411
16,0.500,handler,14,FIX1,,82,1,0,1,0,0.999,24,0,1411
16,0.500,handler,15,FIX2,482,,1,0,1,0,0.007,0,24,1411
16,0.500,handler,16,FIX1,,100,1,0,1,0,0.999,24,0,1411
16,0.500,handler,17,FIX2,778,,0,0,0,0,0.012,0,24,1411
16,0.500,handler,18,FIX2,50,,0,0,0,0,0.001,0,24,1411
16,0.500,handler,19,FIX1,,641,0,0,0,0,0.990,24,0,1411
16,0.500,handler,20,FIX2,160,,1,3,2,3,0.003,0,24,1411
16,0.500,handler,21,FIX2,409,,3,2,8,3,0.010,0,24,1411
16,0.500,handler,22,FIX1,,52,2,0,2,0,0.999,24,0,1411
16,0.500,handler,23,FIX1,,208,0,1,0,2,0.996,24,0,1411
16,0.500,handler,24,FIX2,706,,1,1,1,1,0.012,0,24,1411
16,0.500,mover,1,FIX1,,34,0,0,0,0,0.999,24,0,1411
16,0.500,mover,2,FIX1,,42,0,0,0,0,1.000,24,0,1411
16,0.500,mover,3,FIX1,,20,0,0,0,0,1.000,24,0,1411
16,0.500,mover,4,FIX1,,22,0,0,0,0,1.000,24,0,1411
16,0.500,mover,5,FIX1,,18,0,0,0,0,1.000,24,0,1411
16,0.500,mover,6,FIX1,,36,1,0,1,0,1.000,24,0,1411
16,0.500,mover,7,FIX1,,26,0,0,0,0,1.000,24,0,1411
16,0.500,mover,8,FIX1,,46,1,0,1,0,0.999,24,0,1411
16,0.500,mover,9,FIX1,,64,1,0,1,0,0.999,24,0,1411
16,0.500,mover,10,FIX1,,26,0,0,0,0,1.000,24,0,1411
16,0.500,mover,11,FIX1,,24,0,0,0,0,1.000,24,0,1411
16,0.500,mover,12,FIX1,,18,2,0,2,0,1.000,24,0,1411
16,0.500,mover,13,FIX1,,30,1,0,1,0,1.000,24,0,1411
16,0.500,mover,14,FIX1,,20,1,0,1,0,1.000,24,0,1411
16,0.500,mover,15,FIX1,,48,0,0,0,0,0.999,24,0,1411
16,0.500,mover,16,FIX1,,24,1,0,1,0,1.000,24,0,1411
16,0.500,mover,17,FIX1,,32,0,0,0,0,1.000,24,0,1411
16,0.500,mover,18,FIX1,,77,2,0,2,0,0.998,24,0,1411
16,0.500,mover,19,FIX1,,26,0,0,0,0,1.000,24,0,1411
16,0.500,mover,20,FIX1,,20,0,0,0,0,1.000,24,0,1411
16,0.500,mover,21,FIX1,,16,1,0,1,0,1.000,24,0,1411
16,0.500,mover,22,FIX1,,20,2,0,2,0,1.000,24,0,1411
16,0.500,mover,23,FIX1,,42,0,0,0,0,0.999,24,0,1411
16,0.500,mover,24,FIX1,,30,0,0,0,0,1.000,24,0,1411
16,0.250,handler,1,FIX2,28,,0,5,0,5,0.000,0,24,1411
16,0.250,handler,2,FIX1,,735,0,0,0,0,0.984,24,0,1411
16,0.250,handler,3,FIX2,836,,0,1,0,1,0.021,0,24,1411
16,0.250,handler,4,FIX2,98,,0,0,0,0,0.002,0,24,1411
16,0.250,handler,5,FIX1,,18,0,0,0,0,1.000,24,0,1411
16,0.250,handler,6,FIX2,599,,0,3,0,4,0.012,0,24,1411
16,0.250,handler,7,FIX2,79,,1,1,3,1,0.001,0,24,1411
16,0.250,handler,8,FIX1,,952,2,0,2,0,0.978,24,0,1411
16,0.250,handler,9,FIX2,137,,0,2,0,2,0.002,0,24,1411
16,0.250,handler,10,FIX2,58,,0,3,0,3,0.001,0,24,1411
16,0.250,handler,11,FIX2,69,,1,1,1,1,0.001,0,24,1411
16,0.250,handler,12,FIX1,,46,2,0,2,0,0.999,24,0,1411
16,0.250,handler,13,FIX2,48,,0,1,0,1,0.001,0,24,1411
16,0.250,handler,14,FIX1,,82,1,0,1,0,0.999,24,0,1411
16,0.250,handler,15,FIX2,73,,0,1,0,1,0.001,0,24,1411
16,0.250,handler,16,FIX1,,100,1,0,1,0,0.999,24,0,1411
16,0.250,handler,17,FIX2,107,,0,1,0,1,0.001,0,23,1411
16,0.250,handler,18,FIX2,50,,0,2,0,2,0.001,0,24,1411
16,0.250,handler,19,FIX2,365,,0,2,0,2,0.007,0,24,1411
16,0.250,handler,20,FIX2,188,,1,2,2,2,0.003,0,24,1411
16,0.250,handler,21,FIX2,409,,3,2,8,3,0.010,0,24,1411
16,0.250,handler,22,FIX1,,52,2,0,2,0,0.999,24,0,1411
16,0.250,handler,23,FIX2,338,,0,4,0,8,0.007,0,24,1411
16,0.250,handler,24,FIX2,787,,0,4,0,4,0.016,0,24,1411
16,0.250,mover,1,FIX1,,20,1,0,1,0,1.000,24,0,1411
16,0.250,mover,2,FIX1,,22,0,0,0,0,1.000,24,0,1411
16,0.250,mover,3,FIX1,,20,0,0,0,0,1.000,24,0,1411
16,0.250,mover,4,FIX1,,14,0,0,0,0,1.000,24,0,1411
16,0.250,mover,5,FIX1,,18,0,0,0,0,1.000,24,0,1411
16,0.250,mover,6,FIX1,,22,1,0,1,0,1.000,24,0,1411
16,0.250,mover,7,FIX1,,20,0,0,0,0,1.000,24,0,1411
16,0.250,mover,8,FIX1,,36,2,0,2,0,1.000,24,0,1411
16,0.250,mover,9,FIX1,,22,1,0,1,0,1.000,24,0,1411
16,0.250,mover,10,FIX1,,26,0,0,0,0,1.000,24,0,1411
16,0.250,mover,11,FIX1,,16,0,0,0,0,1.000,24,0,1411
16,0.250,mover,12,FIX1,,14,2,0,2,0,1.000,24,0,1411
16,0.250,mover,13,FIX1,,24,0,0,0,0,1.000,24,0,1411
16,0.250,mover,14,FIX1,,14,1,0,1,0,1.000,24,0,1411
16,0.250,mover,15,FIX1,,16,0,0,0,0,1.000,24,0,1411
16,0.250,mover,16,FIX1,,20,1,0,1,0,1.000,24,0,1411
16,0.250,mover,17,FIX1,,20,0,0,0,0,1.000,24,0,1411
16,0.250,mover,18,FIX1,,36,3,0,3,0,0.999,24,0,1411
16,0.250,mover,19,FIX1,,12,0,0,0,0,1.000,24,0,1411
16,0.250,mover,20,FIX1,,12,0,0,0,0,1.000,24,0,1411
16,0.250,mover,21,FIX1,,14,1,0,1,0,1.000,24,0,1411
16,0.250,mover,22,FIX1,,16,2,0,2,0,1.000,24,0,1411
16,0.250,mover,23,FIX1,,16,0,0,0,0,1.000,24,0,1411
16,0.250,mover,24,FIX1,,22,0,0,0,0,1.000,24,0,1411
8,0.500,handler,1,FIX2,28,,0,1,0,1,0.000,0,23,2666
8,0.500,handler,2,FIX2,407,,1,0,1,0,0.005,0,24,2666
8,0.500,handler,3,FIX1,,95,0,0,0,0,0.999,24,0,2666
8,0.500,handler,4,FIX2,195,,1,0,13,0,0.003,0,24,2666
8,0.500,handler,5,FIX1,,18,0,0,0,0,1.000,23,0,2666
8,0.500,handler,6,FIX1,,203,0,1,0,10,0.997,23,0,2666
8,0.500,handler,7,FIX2,84,,1,0,3,0,0.001,0,23,2666
8,0.500,handler,8,FIX1,,249,0,1,0,6,0.997,24,0,2666
8,0.500,handler,9,FIX2,102,,0,0,0,0,0.001,0,23,2666
8,0.500,handler,10,FIX2,58,,0,0,0,0,0.001,0,23,2666
8,0.500,handler,11,FIX2,69,,1,0,1,0,0.001,0,24,2666
8,0.500,handler,12,FIX1,,46,0,0,0,0,0.999,24,0,2666
8,0.500,handler,13,FIX2,48,,0,0,0,0,0.001,0,24,2666
8,0.500,handler,14,FIX1,,113,0,0,0,0,0.999,24,0,2666
8,0.500,handler,15,FIX2,341,,0,0,0,0,0.005,0,24,2666
8,0.500,handler,16,FIX1,,196,0,1,0,3,0.998,24,0,2666
8,0.500,handler,17,FIX2,206,,2,0,12,0,0.002,0,24,2666
8,0.500,handler,18,FIX2,50,,0,1,0,1,0.001,0,23,2666
8,0.500,handler,19,FIX1,,450,0,3,0,9,0.993,23,0,2666
8,0.500,handler,20,FIX2,519,,1,0,2,0,0.012,0,24,2666
8,0.500,handler,21,FIX2,144,,0,0,0,0,0.003,0,24,2666
8,0.500,handler,22,FIX1,,52,0,0,0,0,0.999,24,0,2666
8,0.500,handler,23,FIX1,,599,0,1,0,1,0.989,23,0,2666
8,0.500,handler,24,FIX2,448,,1,1,3,1,0.008,0,24,2666
8,0.500,mover,1,FIX1,,34,0,0,0,0,0.999,24,0,2666
8,0.500,mover,2,FIX1,,42,0,0,0,0,1.000,24,0,2666
8,0.500,mover,3,FIX1,,20,0,0,0,0,1.000,24,0,2666
8,0.500,mover,4,FIX1,,22,0,0,0,0,1.000,24,0,2666
8,0.500,mover,5,FIX1,,18,0,0,0,0,1.000,23,0,2666
8,0.500,mover,6,FIX1,,36,0,0,0,0,1.000,23,0,2666
8,0.500,mover,7,FIX1,,26,0,0,0,0,1.000,23,0,2666
8,0.500,mover,8,FIX1,,46,0,0,0,0,0.999,24,0,2666
8,0.500,mover,9,FIX1,,64,0,0,0,0,0.999,23,0,2666
8,0.500,mover,10,FIX1,,26,0,0,0,0,1.000,24,0,2666
8,0.500,mover,11,FIX1,,24,0,0,0,0,1.000,24,0,2666
8,0.500,mover,12,FIX1,,18,0,0,0,0,1.000,24,0,2666
8,0.500,mover,13,FIX1,,30,0,0,0,0,1.000,24,0,2666
8,0.500,mover,14,FIX1,,20,0,0,0,0,1.000,24,0,2666
8,0.500,mover,15,FIX1,,48,0,0,0,0,0.999,24,0,2666
8,0.500,mover,16,FIX1,,24,0,0,0,0,1.000,24,0,2666
8,0.500,mover,17,FIX1,,32,0,0,0,0,1.000,24,0,2666
8,0.500,mover,18,FIX1,,81,0,0,0,0,0.998,23,0,2666
8,0.500,mover,19,FIX1,,26,0,0,0,0,1.000,23,0,2666
8,0.500,mover,20,FIX1,,20,0,0,0,0,1.000,24,0,2666
8,0.500,mover,21,FIX1,,16,0,0,0,0,1.000,24,0,2666
8,0.500,mover,22,FIX1,,20,0,0,0,0,1.000,24,0,2666
8,0.500,mover,23,FIX1,,42,0,0,0,0,0.999,23,0,2666
8,0.500,mover,24,FIX1,,30,0,0,0,0,1.000,23,0,2666
8,0.250,handler,1,FIX2,28,,0,0,0,0,0.000,0,23,2666
8,0.250,handler,2,FIX1,,1243,1,2,1,2,0.978,24,0,2666
8,0.250,handler,3,FIX1,,95,0,0,0,0,0.999,24,0,2666
8,0.250,handler,4,FIX2,111,,0,0,0,0,0.002,0,24,2666
8,0.250,handler,5,FIX1,,18,0,0,0,0,1.000,23,0,2666
8,0.250,handler,6,FIX1,,151,0,1,0,22,0.998,23,0,2666
8,0.250,handler,7,FIX2,84,,1,1,3,1,0.001,0,24,2666
8,0.250,handler,8,FIX1,,249,0,1,0,6,0.997,24,0,2666
8,0.250,handler,9,FIX2,102,,0,2,0,2,0.001,0,21,2666
8,0.250,handler,10,FIX2,58,,0,2,0,2,0.001,0,24,2666
8,0.250,handler,11,FIX2,69,,1,1,1,1,0.001,0,23,2666
8,0.250,handler,12,FIX1,,46,0,0,0,0,0.999,24,0,2666
8,0.250,handler,13,FIX2,48,,0,1,0,1,0.001,0,22,2666
8,0.250,handler,14,FIX2,140,,0,1,3,1,0.004,0,23,2666
8,0.250,handler,15,FIX2,73,,0,0,0,0,0.001,0,24,2666
8,0.250,handler,16,FIX1,,196,0,1,0,3,0.998,24,0,2666
8,0.250,handler,17,FIX2,436,,0,2,0,3,0.006,0,24,2666
8,0.250,handler,18,FIX2,50,,0,0,0,0,0.001,0,23,2666
8,0.250,handler,19,FIX1,,543,0,1,0,4,0.992,23,0,2666
8,0.250,handler,20,FIX1,,228,2,0,3,0,0.997,24,0,2666
8,0.250,handler,21,FIX2,143,,0,1,0,1,0.003,0,24,2666
8,0.250,handler,22,FIX1,,52,0,0,0,0,0.999,24,0,2666
8,0.250,handler,23,FIX1,,292,0,1,0,5,0.996,23,0,2666
8,0.250,handler,24,FIX2,196,,0,0,0,0,0.004,0,23,2666
8,0.250,mover,1,FIX1,,20,0,0,0,0,1.000,24,0,2666
8,0.250,mover,2,FIX1,,22,0,0,0,0,1.000,24,0,2666
8,0.250,mover,3,FIX1,,20,0,0,0,0,1.000,24,0,2666
8,0.250,mover,4,FIX1,,14,0,0,0,0,1.000,24,0,2666
8,0.250,mover,5,FIX1,,18,0,0,0,0,1.000,23,0,2666
8,0.250,mover,6,FIX1,,22,0,0,0,0,1.000,23,0,2666
8,0.250,mover,7,FIX1,,20,0,0,0,0,1.000,23,0,2666
8,0.250,mover,8,FIX1,,36,1,0,1,0,1.000,24,0,2666
8,0.250,mover,9,FIX1,,22,0,0,0,0,1.000,23,0,2666
8,0.250,mover,10,FIX1,,26,0,0,0,0,1.000,24,0,2666
8,0.250,mover,11,FIX1,,16,0,0,0,0,1.000,24,0,2666
8,0.250,mover,12,FIX1,,14,0,0,0,0,1.000,24,0,2666
8,0.250,mover,13,FIX1,,24,0,0,0,0,1.000,24,0,2666
8,0.250,mover,14,FIX1,,14,0,0,0,0,1.000,24,0,2666
8,0.250,mover,15,FIX1,,16,0,0,0,0,1.000,24,0,2666
8,0.250,mover,16,FIX1,,20,0,0,0,0,1.000,24,0,2666
8,0.250,mover,17,FIX1,,20,0,0,0,0,1.000,24,0,2666
8,0.250,mover,18,FIX1,,36,1,0,1,0,0.999,23,0,2666
8,0.250,mover,19,FIX1,,12,0,0,0,0,1.000,23,0,2666
8,0.250,mover,20,FIX1,,12,0,0,0,0,1.000,24,0,2666
8,0.250,mover,21,FIX1,,14,0,0,0,0,1.000,24,0,2666
8,0.250,mover,22,FIX1,,16,0,0,0,0,1.000,24,0,2666
8,0.250,mover,23,FIX1,,16,0,0,0,0,1.000,23,0,2666
8,0.250,mover,24,FIX1,,22,0,0,0,0,1.000,23,0,2666
4,0.500,handler,1,FIX2,28,,0,0,0,0,0.000,0,21,4800
4,0.500,handler,2,FIX1,,864,0,2,0,14,0.983,20,0,4800
4,0.500,handler,3,FIX1,,74,0,1,0,1,0.999,22,0,4800
4,0.500,handler,4,FIX1,,259,0,1,0,4,0.996,24,0,4800
4,0.500,handler,5,FIX1,,18,0,0,0,0,1.000,23,0,4800
4,0.500,handler,6,FIX1,,184,0,1,0,10,0.997,21,0,4800
4,0.500,handler,7,FIX1,,314,2,1,4,17,0.993,23,0,4800
4,0.500,handler,8,FIX1,,369,0,2,0,11,0.995,22,0,4800
4,0.500,handler,9,FIX2,557,,1,0,3,0,0.009,0,20,4800
4,0.500,handler,10,FIX2,58,,0,0,0,0,0.001,0,22,4800
4,0.500,handler,11,FIX2,69,,1,0,1,0,0.001,0,23,4800
4,0.500,handler,12,FIX1,,46,0,0,0,0,0.999,23,0,4800
4,0.500,handler,13,FIX2,48,,0,0,0,0,0.001,0,22,4800
4,0.500,handler,14,FIX1,,238,0,2,0,18,0.997,20,0,4800
4,0.500,handler,15,FIX1,,409,0,1,0,7,0.993,22,0,4800
4,0.500,handler,16,FIX1,,173,0,0,0,18,0.998,22,0,4800
4,0.500,handler,17,FIX2,856,,1,1,3,2,0.015,0,19,4800
4,0.500,handler,18,FIX2,50,,0,0,0,0,0.001,0,23,4800
4,0.500,handler,19,FIX2,1813,,3,2,18,3,0.035,0,22,4800
4,0.500,handler,20,FIX1,,526,1,2,2,13,0.990,20,0,4800
4,0.500,handler,21,FIX1,,472,0,1,0,2,0.991,21,0,4800
4,0.500,handler,22,FIX1,,52,0,0,0,0,0.999,21,0,4800
4,0.500,handler,23,FIX2,353,,0,0,0,0,0.006,0,22,4800
4,0.500,handler,24,FIX1,,497,0,2,0,21,0.992,24,0,4800
4,0.500,mover,1,FIX1,,34,0,0,0,0,0.999,20,0,4800
4,0.500,mover,2,FIX1,,42,0,0,0,0,1.000,20,0,4800
4,0.500,mover,3,FIX1,,20,0,0,0,0,1.000,22,0,4800
4,0.500,mover,4,FIX1,,22,0,0,0,0,1.000,24,0,4800
4,0.500,mover,5,FIX1,,18,0,0,0,0,1.000,23,0,4800
4,0.500,mover,6,FIX1,,36,0,0,0,0,1.000,21,0,4800
4,0.500,mover,7,FIX1,,26,0,0,0,0,1.000,23,0,4800
4,0.500,mover,8,FIX1,,46,0,0,0,0,0.999,22,0,4800
4,0.500,mover,9,FIX1,,64,0,0,0,0,0.999,21,0,4800
4,0.500,mover,10,FIX1,,26,0,0,0,0,1.000,21,0,4800
4,0.500,mover,11,FIX1,,24,0,0,0,0,1.000,22,0,4800
4,0.500,mover,12,FIX1,,18,0,0,0,0,1.000,23,0,4800
4,0.500,mover,13,FIX1,,30,0,0,0,0,1.000,23,0,4800
4,0.500,mover,14,FIX1,,20,0,0,0,0,1.000,20,0,4800
4,0.500,mover,15,FIX1,,48,0,0,0,0,0.999,22,0,4800
4,0.500,mover,16,FIX1,,24,0,0,0,0,1.000,22,0,4800
4,0.500,mover,17,FIX1,,32,0,0,0,0,1.000,22,0,4800
4,0.500,mover,18,FIX1,,72,0,0,0,0,0.998,23,0,4800
4,0.500,mover,19,FIX1,,26,0,0,0,0,1.000,22,0,4800
4,0.500,mover,20,FIX1,,20,0,0,0,0,1.000,20,0,4800
4,0.500,mover,21,FIX1,,16,0,0,0,0,1.000,21,0,4800
4,0.500,mover,22,FIX1,,20,0,0,0,0,1.000,21,0,4800
4,0.500,mover,23,FIX1,,42,0,0,0,0,0.999,22,0,4800
4,0.500,mover,24,FIX1,,30,0,0,0,0,1.000,24,0,4800
4,0.250,handler,1,FIX2,28,,0,0,0,0,0.000,0,21,4800
4,0.250,handler,2,FIX2,89,,0,2,0,2,0.001,0,24,4800
4,0.250,handler,3,FIX1,,74,0,1,0,1,0.999,22,0,4800
4,0.250,handler,4,FIX2,1024,,5,3,11,8,0.017,0,21,4800
4,0.250,handler,5,FIX1,,18,0,0,0,0,1.000,23,0,4800
4,0.250,handler,6,FIX1,,163,1,1,1,26,0.997,21,0,4800
4,0.250,handler,7,FIX2,96,,1,1,3,1,0.001,0,21,4800
4,0.250,handler,8,FIX1,,141,0,1,0,16,0.998,22,0,4800
4,0.250,handler,9,FIX1,,619,2,1,3,4,0.988,21,0,4800
4,0.250,handler,10,FIX2,58,,0,1,0,1,0.001,0,20,4800
4,0.250,handler,11,FIX2,69,,1,2,1,2,0.001,0,22,4800
4,0.250,handler,12,FIX1,,46,0,0,0,0,0.999,23,0,4800
4,0.250,handler,13,FIX2,48,,0,0,0,0,0.001,0,22,4800
4,0.250,handler,14,FIX1,,316,0,2,0,40,0.997,20,0,4800
4,0.250,handler,15,FIX2,1191,,3,3,11,31,0.024,0,22,4800
4,0.250,handler,16,FIX1,,187,0,0,0,0,0.998,22,0,4800
4,0.250,handler,17,FIX2,1109,,7,5,21,47,0.023,0,21,4800
4,0.250,handler,18,FIX2,50,,0,0,0,0,0.001,0,22,4800
4,0.250,handler,19,FIX1,,527,0,5,0,35,0.992,22,0,4800
4,0.250,handler,20,FIX1,,542,3,0,9,12,0.988,20,0,4800
4,0.250,handler,21,FIX2,262,,4,0,16,0,0.004,0,22,4800
4,0.250,handler,22,FIX1,,52,0,0,0,0,0.999,21,0,4800
4,0.250,handler,23,FIX1,,422,0,1,0,2,0.992,22,0,4800
4,0.250,handler,24,FIX1,,367,0,1,0,11,0.995,24,0,4800
4,0.250,mover,1,FIX1,,20,0,0,0,0,1.000,20,0,4800
4,0.250,mover,2,FIX1,,22,0,0,0,0,1.000,20,0,4800
4,0.250,mover,3,FIX1,,20,0,0,0,0,1.000,22,0,4800
4,0.250,mover,4,FIX1,,14,0,0,0,0,1.000,24,0,4800
4,0.250,mover,5,FIX1,,18,0,0,0,0,1.000,23,0,4800
4,0.250,mover,6,FIX1,,22,0,0,0,0,1.000,21,0,4800
4,0.250,mover,7,FIX1,,20,0,0,0,0,1.000,22,0,4800
4,0.250,mover,8,FIX1,,36,1,0,1,0,1.000,22,0,4800
4,0.250,mover,9,FIX1,,22,0,0,0,0,1.000,21,0,4800
4,0.250,mover,10,FIX1,,26,0,0,0,0,1.000,21,0,4800
4,0.250,mover,11,FIX1,,16,0,0,0,0,1.000,22,0,4800
4,0.250,mover,12,FIX1,,14,0,0,0,0,1.000,23,0,4800
4,0.250,mover,13,FIX1,,24,0,0,0,0,1.000,23,0,4800
4,0.250,mover,14,FIX1,,14,0,0,0,0,1.000,20,0,4800
4,0.250,mover,15,FIX1,,16,0,0,0,0,1.000,22,0,4800
4,0.250,mover,16,FIX1,,20,0,0,0,0,1.000,22,0,4800
4,0.250,mover,17,FIX1,,20,0,0,0,0,1.000,22,0,4800
4,0.250,mover,18,FIX1,,36,0,0,0,0,0.999,23,0,4800
4,0.250,mover,19,FIX1,,12,0,0,0,0,1.000,22,0,4800
4,0.250,mover,20,FIX1,,12,0,0,0,0,1.000,20,0,4800
4,0.250,mover,21,FIX1,,14,0,0,0,0,1.000,21,0,4800
4,0.250,mover,22,FIX1,,16,0,0,0,0,1.000,21,0,4800
4,0.250,mover,23,FIX1,,16,0,0,0,0,1.000,22,0,4800
4,0.250,mover,24,FIX1,,22,0,0,0,0,1.000,24,0,4800
2,0.500,handler,1,FIX2,28,,0,2,0,2,0.000,0,18,8000
2,0.500,handler,2,FIX2,89,,2,0,2,0,0.001,0,14,8000
2,0.500,handler,3,FIX2,356,,1,1,17,1,0.007,0,16,8000
2,0.500,handler,4,FIX1,,295,0,2,0,6,0.996,17,0,8000
2,0.500,handler,5,FIX1,,18,0,0,0,0,1.000,17,0,8000
2,0.500,handler,6,FIX1,,132,1,1,1,45,0.998,15,0,8000
2,0.500,handler,7,FIX2,307,,5,1,33,2,0.003,0,17,8000
2,0.500,handler,8,FIX2,369,,1,4,4,23,0.008,0,18,8000
2,0.500,handler,9,FIX2,100,,3,0,7,0,0.001,0,12,8000
2,0.500,handler,10,FIX2,58,,0,4,0,4,0.001,0,13,8000
2,0.500,handler,11,FIX1,,453,2,3,2,35,0.991,11,0,8000
2,0.500,handler,12,FIX1,,46,0,0,0,0,0.999,13,0,8000
2,0.500,handler,13,FIX2,48,,0,3,0,3,0.001,0,13,8000
2,0.500,handler,14,FIX1,,316,1,3,1,35,0.996,18,0,8000
2,0.500,handler,15,FIX2,109,,0,1,0,1,0.001,0,18,8000
2,0.500,handler,16,FIX2,329,,1,5,1,15,0.007,0,13,8000
2,0.500,handler,17,FIX2,169,,3,1,12,1,0.002,0,14,8000
2,0.500,handler,18,FIX2,50,,0,0,0,0,0.001,0,15,8000
2,0.500,handler,19,FIX1,,467,0,3,0,43,0.992,15,0,8000
2,0.500,handler,20,FIX2,261,,1,4,2,5,0.006,0,13,8000
2,0.500,handler,21,FIX1,,403,0,3,0,31,0.994,15,0,8000
2,0.500,handler,22,FIX1,,52,0,0,0,0,0.999,12,0,8000
2,0.500,handler,23,FIX2,276,,3,1,13,1,0.004,0,13,8000
2,0.500,handler,24,FIX2,209,,0,4,0,4,0.003,0,15,8000
2,0.500,mover,1,FIX1,,34,1,0,1,0,0.999,14,0,8000
2,0.500,mover,2,FIX1,,42,1,0,1,0,1.000,13,0,8000
2,0.500,mover,3,FIX1,,20,0,0,0,0,1.000,17,0,8000
2,0.500,mover,4,FIX1,,22,0,0,0,0,1.000,17,0,8000
2,0.500,mover,5,FIX1,,18,0,0,0,0,1.000,17,0,8000
2,0.500,mover,6,FIX1,,36,1,0,1,0,1.000,15,0,8000
2,0.500,mover,7,FIX1,,26,0,0,0,0,1.000,16,0,8000
2,0.500,mover,8,FIX1,,46,0,0,0,0,0.999,12,0,8000
2,0.500,mover,9,FIX1,,64,0,0,0,0,0.999,13,0,8000
2,0.500,mover,10,FIX1,,26,3,0,3,0,1.000,12,0,8000
2,0.500,mover,11,FIX1,,24,2,0,2,0,1.000,11,0,8000
2,0.500,mover,12,FIX1,,18,0,0,0,0,1.000,13,0,8000
2,0.500,mover,13,FIX1,,30,1,0,1,0,1.000,15,0,8000
2,0.500,mover,14,FIX1,,20,0,0,0,0,1.000,18,0,8000
2,0.500,mover,15,FIX1,,48,1,0,1,0,0.999,19,0,8000
2,0.500,mover,16,FIX1,,24,0,0,0,0,1.000,16,0,8000
2,0.500,mover,17,FIX1,,32,2,0,2,0,1.000,18,0,8000
2,0.500,mover,18,FIX1,,333,2,1,2,19,0.995,14,0,8000
2,0.500,mover,19,FIX1,,26,1,0,1,0,1.000,15,0,8000
2,0.500,mover,20,FIX1,,20,0,0,0,0,1.000,16,0,8000
2,0.500,mover,21,FIX1,,16,0,0,0,0,1.000,15,0,8000
2,0.500,mover,22,FIX1,,20,0,0,0,0,1.000,12,0,8000
2,0.500,mover,23,FIX1,,42,0,0,0,0,0.999,15,0,8000
2,0.500,mover,24,FIX1,,30,1,0,1,0,1.000,18,0,8000
2,0.250,handler,1,FIX2,28,,0,4,0,4,0.000,0,16,8000
2,0.250,handler,2,FIX2,89,,2,3,2,3,0.001,0,16,8000
2,0.250,handler,3,FIX2,484,,5,10,13,32,0.010,0,17,8000
2,0.250,handler,4,FIX2,208,,2,6,9,6,0.004,0,17,8000
2,0.250,handler,5,FIX1,,18,0,0,0,0,1.000,17,0,8000
2,0.250,handler,6,FIX1,,158,1,2,1,51,0.998,15,0,8000
2,0.250,handler,7,FIX2,101,,1,4,8,4,0.001,0,18,8000
2,0.250,handler,8,FIX2,549,,0,8,0,28,0.011,0,17,8000
2,0.250,handler,9,FIX2,120,,2,8,2,8,0.001,0,16,8000
2,0.250,handler,10,FIX2,58,,0,6,0,6,0.001,0,15,8000
2,0.250,handler,11,FIX1,,234,2,3,10,40,0.996,15,0,8000
2,0.250,handler,12,FIX1,,46,0,0,0,0,0.999,13,0,8000
2,0.250,handler,13,FIX2,48,,0,8,0,8,0.001,0,13,8000
2,0.250,handler,14,FIX1,,275,2,2,2,48,0.997,10,0,8000
2,0.250,handler,15,FIX2,70,,0,6,0,6,0.001,0,18,8000
2,0.250,handler,16,FIX1,,249,0,3,0,40,0.997,16,0,8000
2,0.250,handler,17,FIX2,103,,1,9,4,9,0.001,0,18,8000
2,0.250,handler,18,FIX2,50,,0,6,0,6,0.001,0,15,8000
2,0.250,handler,19,FIX2,139,,2,10,6,10,0.002,0,13,8000
2,0.250,handler,20,FIX2,238,,1,6,2,9,0.006,0,13,8000
2,0.250,handler,21,FIX1,,674,3,1,5,47,0.987,15,0,8000
2,0.250,handler,22,FIX1,,52,0,0,0,0,0.999,12,0,8000
2,0.250,handler,23,FIX2,352,,0,9,0,15,0.006,0,15,8000
2,0.250,handler,24,FIX1,,399,2,2,2,37,0.992,13,0,8000
2,0.250,mover,1,FIX1,,20,1,0,1,0,1.000,14,0,8000
2,0.250,mover,2,FIX1,,22,1,0,1,0,1.000,13,0,8000
2,0.250,mover,3,FIX1,,20,0,0,0,0,1.000,17,0,8000
2,0.250,mover,4,FIX1,,14,1,0,1,0,1.000,17,0,8000
2,0.250,mover,5,FIX1,,18,0,0,0,0,1.000,17,0,8000
2,0.250,mover,6,FIX1,,22,0,0,0,0,1.000,14,0,8000
2,0.250,mover,7,FIX1,,20,1,0,1,0,1.000,16,0,8000
2,0.250,mover,8,FIX1,,36,2,0,2,0,1.000,12,0,8000
2,0.250,mover,9,FIX1,,22,0,0,0,0,1.000,12,0,8000
2,0.250,mover,10,FIX1,,26,3,0,3,0,1.000,12,0,8000
2,0.250,mover,11,FIX1,,16,1,0,1,0,1.000,11,0,8000
2,0.250,mover,12,FIX1,,14,0,0,0,0,1.000,13,0,8000
2,0.250,mover,13,FIX1,,24,0,0,0,0,1.000,13,0,8000
2,0.250,mover,14,FIX1,,14,0,0,0,0,1.000,12,0,8000
2,0.250,mover,15,FIX1,,16,1,0,1,0,1.000,19,0,8000
2,0.250,mover,16,FIX1,,20,0,0,0,0,1.000,16,0,8000
2,0.250,mover,17,FIX1,,20,2,0,2,0,1.000,18,0,8000
2,0.250,mover,18,FIX1,,36,0,0,0,0,0.999,14,0,8000
2,0.250,mover,19,FIX1,,12,1,0,1,0,1.000,15,0,8000
2,0.250,mover,20,FIX1,,12,1,0,1,0,1.000,16,0,8000
2,0.250,mover,21,FIX1,,14,0,0,0,0,1.000,15,0,8000
2,0.250,mover,22,FIX1,,16,0,0,0,0,1.000,12,0,8000
2,0.250,mover,23,FIX1,,16,4,0,4,0,1.000,15,0,8000
2,0.250,mover,24,FIX1,,22,1,0,1,0,1.000,13,0,8000
