arm,m,seed,runmean_init,runmean_lastq,runmax_init,runmax_lastq,tape_lastq,s_share_lastq,rep_base,rep_boost,min_tape
base,inf,1,1.714,1.714,4,4,22.000,0.333,0,0,22
base,inf,2,2.400,2.400,10,10,22.000,0.333,0,0,22
base,inf,3,3.000,3.000,8,8,22.000,0.208,0,0,22
base,inf,4,3.000,3.000,6,6,22.000,0.417,0,0,22
base,inf,5,2.000,2.000,8,8,22.000,0.292,0,0,22
base,inf,6,2.000,2.000,5,5,22.000,0.458,0,0,22
base,inf,7,2.400,2.400,7,7,22.000,0.292,0,0,22
base,inf,8,1.714,1.714,5,5,22.000,0.375,0,0,22
base,inf,9,1.500,1.500,3,3,22.000,0.375,0,0,22
base,inf,10,2.000,2.000,5,5,22.000,0.333,0,0,22
base,inf,11,1.714,1.714,6,6,22.000,0.375,0,0,22
base,inf,12,1.714,1.714,3,3,22.000,0.417,0,0,22
base,inf,13,2.000,2.000,5,5,22.000,0.417,0,0,22
base,inf,14,2.000,2.000,8,8,22.000,0.292,0,0,22
base,inf,15,2.400,2.400,6,6,22.000,0.375,0,0,22
base,inf,16,1.714,1.714,5,5,22.000,0.333,0,0,22
base,inf,17,1.500,1.500,5,5,22.000,0.333,0,0,22
base,inf,18,2.000,2.000,4,4,22.000,0.458,0,0,22
base,inf,19,2.400,2.400,4,4,22.000,0.417,0,0,22
base,inf,20,2.400,2.400,6,6,22.000,0.458,0,0,22
base,inf,21,2.400,2.400,5,5,22.000,0.333,0,0,22
base,inf,22,2.000,2.000,6,6,22.000,0.292,0,0,22
base,inf,23,2.000,2.000,4,4,22.000,0.417,0,0,22
base,inf,24,2.000,2.000,8,8,22.000,0.292,0,0,22
base,inf,25,2.400,2.400,5,5,22.000,0.333,0,0,22
base,inf,26,1.500,1.500,5,5,22.000,0.500,0,0,22
base,inf,27,3.000,3.000,8,8,22.000,0.417,0,0,22
base,inf,28,3.000,3.000,9,9,22.000,0.292,0,0,22
base,inf,29,3.000,3.000,7,7,22.000,0.250,0,0,22
base,inf,30,2.000,2.000,6,6,22.000,0.292,0,0,22
base,inf,31,2.000,2.000,7,7,22.000,0.375,0,0,22
base,inf,32,1.714,1.714,4,4,22.000,0.417,0,0,22
base,inf,33,2.000,2.000,6,6,22.000,0.417,0,0,22
base,inf,34,2.400,2.400,6,6,22.000,0.375,0,0,22
base,inf,35,2.000,2.000,9,9,22.000,0.333,0,0,22
base,inf,36,2.400,2.400,5,5,22.000,0.333,0,0,22
base,inf,37,2.000,2.000,7,7,22.000,0.375,0,0,22
base,inf,38,2.000,2.000,4,4,22.000,0.292,0,0,22
base,inf,39,1.500,1.500,3,3,22.000,0.417,0,0,22
base,inf,40,1.714,1.714,4,4,22.000,0.375,0,0,22
base,inf,41,2.400,2.400,6,6,22.000,0.292,0,0,22
base,inf,42,2.400,2.400,4,4,22.000,0.333,0,0,22
base,inf,43,2.000,2.000,5,5,22.000,0.375,0,0,22
base,inf,44,2.000,2.000,4,4,22.000,0.417,0,0,22
base,inf,45,3.000,3.000,7,7,22.000,0.292,0,0,22
base,inf,46,2.000,2.000,6,6,22.000,0.417,0,0,22
base,inf,47,2.400,2.400,5,5,22.000,0.458,0,0,22
base,inf,48,3.000,3.000,8,8,22.000,0.333,0,0,22
base,inf,49,2.400,2.400,4,4,22.000,0.417,0,0,22
base,inf,50,2.400,2.400,5,5,22.000,0.333,0,0,22
base,inf,51,1.714,1.714,4,4,22.000,0.458,0,0,22
base,inf,52,2.000,2.000,7,7,22.000,0.375,0,0,22
base,inf,53,3.000,3.000,5,5,22.000,0.375,0,0,22
base,inf,54,1.500,1.500,4,4,22.000,0.417,0,0,22
base,inf,55,2.000,2.000,6,6,22.000,0.375,0,0,22
base,inf,56,1.714,1.714,4,4,22.000,0.375,0,0,22
base,inf,57,2.000,2.000,6,6,22.000,0.292,0,0,22
base,inf,58,1.714,1.714,4,4,22.000,0.417,0,0,22
base,inf,59,2.000,2.000,7,7,22.000,0.333,0,0,22
base,inf,60,3.000,3.000,6,6,22.000,0.375,0,0,22
base,inf,61,2.000,2.000,5,5,22.000,0.292,0,0,22
base,inf,62,2.400,2.400,5,5,22.000,0.417,0,0,22
base,inf,63,2.400,2.400,5,5,22.000,0.417,0,0,22
base,inf,64,2.400,2.400,6,6,22.000,0.417,0,0,22
base,8,1,1.714,6.475,4,24,17.150,1.000,2660,0,13
base,8,2,2.400,12.902,10,24,19.658,0.000,2664,0,14
base,8,3,3.000,12.062,8,24,19.583,0.000,2663,0,16
base,8,4,3.000,5.309,6,23,16.242,1.000,2661,0,12
base,8,5,2.000,4.923,8,20,16.142,1.000,2660,0,12
base,8,6,2.000,5.908,5,21,16.867,1.000,2661,0,12
base,8,7,2.400,5.508,7,23,16.358,1.000,2662,0,12
base,8,8,1.714,12.192,5,24,19.675,0.000,2664,0,15
base,8,9,1.500,5.455,3,22,16.483,1.000,2658,0,12
base,8,10,2.000,5.306,5,17,18.775,0.386,2663,0,14
base,8,11,1.714,12.815,6,24,19.725,0.000,2665,0,15
base,8,12,1.714,12.258,3,24,19.692,0.000,2665,0,15
base,8,13,2.000,5.056,5,18,16.417,1.000,2663,0,12
base,8,14,2.000,13.938,8,24,19.908,0.000,2665,0,14
base,8,15,2.400,5.713,6,21,16.650,1.000,2661,0,12
base,8,16,1.714,13.167,5,24,19.717,0.000,2664,0,17
base,8,17,1.500,5.466,5,23,16.475,1.000,2660,0,12
base,8,18,2.000,5.615,4,23,16.567,1.000,2662,0,12
base,8,19,2.400,13.179,4,24,19.808,0.000,2664,0,14
base,8,20,2.400,4.696,6,17,16.042,1.000,2660,0,12
base,8,21,2.400,13.834,5,24,19.792,0.000,2663,0,16
base,8,22,2.000,13.079,6,24,19.858,0.000,2665,0,14
base,8,23,2.000,4.612,4,19,16.000,1.000,2660,0,12
base,8,24,2.000,12.914,8,24,19.683,0.000,2663,0,16
base,8,25,2.400,11.713,5,23,19.583,0.000,2665,0,15
base,8,26,1.500,13.692,5,24,19.908,0.000,2663,0,15
base,8,27,3.000,5.662,8,22,16.808,1.000,2661,0,12
base,8,28,3.000,12.822,9,24,19.733,0.000,2664,0,16
base,8,29,3.000,9.870,7,24,19.500,0.082,2665,0,13
base,8,30,2.000,5.391,6,20,16.792,1.000,2662,0,12
base,8,31,2.000,13.034,7,24,19.850,0.000,2664,0,16
base,8,32,1.714,11.530,4,23,19.608,0.000,2666,0,14
base,8,33,2.000,5.228,6,22,16.150,1.000,2660,0,12
base,8,34,2.400,5.992,6,23,16.708,1.000,2660,0,12
base,8,35,2.000,5.116,9,22,16.408,1.000,2663,0,12
base,8,36,2.400,5.773,5,21,16.892,1.000,2663,0,12
base,8,37,2.000,5.315,7,23,16.300,1.000,2661,0,12
base,8,38,2.000,12.785,4,24,19.675,0.000,2664,0,14
base,8,39,1.500,12.387,3,24,19.725,0.000,2664,0,14
base,8,40,1.714,5.953,4,23,16.767,1.000,2659,0,12
base,8,41,2.400,5.751,6,23,16.625,1.000,2661,0,12
base,8,42,2.400,5.526,4,23,16.450,1.000,2660,0,11
base,8,43,2.000,13.343,5,24,19.833,0.000,2666,0,16
base,8,44,2.000,4.571,4,19,16.717,0.881,2660,0,13
base,8,45,3.000,6.185,7,23,17.167,1.000,2662,0,11
base,8,46,2.000,13.000,6,24,19.792,0.000,2665,0,15
base,8,47,2.400,4.966,5,19,16.250,1.000,2661,0,13
base,8,48,3.000,12.717,8,24,19.758,0.000,2664,0,16
base,8,49,2.400,12.879,4,23,19.775,0.000,2664,0,15
base,8,50,2.400,6.014,5,21,16.975,1.000,2661,0,12
base,8,51,1.714,13.719,4,24,19.775,0.000,2665,0,16
base,8,52,2.000,13.227,7,24,19.717,0.000,2663,0,16
base,8,53,3.000,12.945,5,24,19.750,0.000,2664,0,16
base,8,54,1.500,5.578,4,20,16.633,1.000,2659,0,12
base,8,55,2.000,13.014,6,24,19.767,0.000,2663,0,15
base,8,56,1.714,13.057,4,24,19.742,0.000,2664,0,16
base,8,57,2.000,5.638,6,20,16.842,1.000,2659,0,12
base,8,58,1.714,5.572,4,23,16.742,1.000,2663,0,12
base,8,59,2.000,5.016,7,23,17.258,0.769,2660,0,13
base,8,60,3.000,5.339,6,19,16.533,1.000,2663,0,11
base,8,61,2.000,5.086,5,20,16.492,1.000,2661,0,12
base,8,62,2.400,4.558,5,17,17.850,0.594,2662,0,14
base,8,63,2.400,13.726,5,24,19.800,0.000,2663,0,14
base,8,64,2.400,12.997,6,24,19.783,0.000,2663,0,15
base,4,1,1.714,4.934,4,18,15.942,0.000,4794,0,11
base,4,2,2.400,4.346,10,16,15.492,0.000,4796,0,12
base,4,3,3.000,2.829,8,10,5.175,1.000,4784,0,0
base,4,4,3.000,3.074,6,11,5.283,1.000,4786,0,0
base,4,5,2.000,2.906,8,10,5.542,1.000,4783,0,0
base,4,6,2.000,2.799,5,14,6.892,1.000,4784,0,0
base,4,7,2.400,5.281,7,23,15.850,0.000,4792,0,11
base,4,8,1.714,4.805,5,20,15.767,0.000,4795,0,9
base,4,9,1.500,3.116,3,18,6.658,1.000,4781,0,0
base,4,10,2.000,2.970,5,11,6.958,1.000,4794,0,0
base,4,11,1.714,4.549,6,20,15.833,0.000,4797,0,10
base,4,12,1.714,3.150,3,12,6.042,1.000,4782,0,0
base,4,13,2.000,4.884,5,20,15.758,0.000,4793,0,8
base,4,14,2.000,4.747,8,19,15.625,0.000,4794,0,8
base,4,15,2.400,2.917,6,11,6.850,1.000,4787,0,0
base,4,16,1.714,4.278,5,18,15.517,0.000,4794,0,11
base,4,17,1.500,4.724,5,19,15.792,0.000,4794,0,11
base,4,18,2.000,4.961,4,23,15.758,0.000,4797,0,9
base,4,19,2.400,5.047,4,20,15.767,0.000,4795,0,11
base,4,20,2.400,3.070,6,12,6.225,1.000,4790,0,0
base,4,21,2.400,5.067,5,22,16.258,0.000,4793,0,10
base,4,22,2.000,4.761,6,20,15.958,0.000,4795,0,11
base,4,23,2.000,3.037,4,11,7.133,1.000,4783,0,0
base,4,24,2.000,3.034,8,11,6.167,1.000,4787,0,0
base,4,25,2.400,2.918,5,10,4.742,1.000,4784,0,0
base,4,26,1.500,4.308,5,19,15.367,0.000,4797,0,7
base,4,27,3.000,2.904,8,10,7.375,1.000,4785,0,0
base,4,28,3.000,2.780,9,9,6.392,1.000,4779,0,0
base,4,29,3.000,5.167,7,22,16.325,0.000,4794,0,12
base,4,30,2.000,2.939,6,16,7.400,1.000,4784,0,0
base,4,31,2.000,2.805,7,10,5.175,1.000,4781,0,0
base,4,32,1.714,2.779,4,11,5.408,1.000,4783,0,0
base,4,33,2.000,4.696,6,18,15.917,0.000,4793,0,11
base,4,34,2.400,5.062,6,22,15.933,0.000,4793,0,11
base,4,35,2.000,5.005,9,20,15.917,0.000,4795,0,11
base,4,36,2.400,2.923,5,11,5.983,1.000,4787,0,0
base,4,37,2.000,5.135,7,19,15.883,0.000,4797,0,11
base,4,38,2.000,4.402,4,17,15.392,0.000,4795,0,6
base,4,39,1.500,2.888,3,13,6.725,1.000,4783,0,1
base,4,40,1.714,4.683,4,20,15.858,0.000,4793,0,7
base,4,41,2.400,5.118,6,22,15.850,0.000,4794,0,11
base,4,42,2.400,5.116,4,23,16.000,0.000,4792,0,8
base,4,43,2.000,2.686,5,8,5.417,1.000,4784,0,0
base,4,44,2.000,2.782,4,10,6.200,1.000,4781,0,0
base,4,45,3.000,4.914,7,23,15.925,0.000,4793,0,6
base,4,46,2.000,2.804,6,11,6.725,1.000,4786,0,0
base,4,47,2.400,3.027,5,10,4.767,1.000,4780,0,0
base,4,48,3.000,4.646,8,22,15.742,0.000,4795,0,8
base,4,49,2.400,4.377,4,20,15.450,0.000,4794,0,8
base,4,50,2.400,3.117,5,10,6.883,1.000,4790,0,0
base,4,51,1.714,3.197,4,14,6.567,1.000,4784,0,0
base,4,52,2.000,2.783,7,11,4.767,1.000,4784,0,1
base,4,53,3.000,2.896,5,10,5.742,1.000,4787,0,0
base,4,54,1.500,2.809,4,10,5.592,1.000,4789,0,0
base,4,55,2.000,4.529,6,20,16.008,0.000,4794,0,7
base,4,56,1.714,4.634,4,21,15.725,0.000,4794,0,8
base,4,57,2.000,4.954,6,21,15.942,0.000,4796,0,11
base,4,58,1.714,2.765,4,9,6.133,1.000,4782,0,0
base,4,59,2.000,2.982,7,9,4.933,1.000,4783,0,0
base,4,60,3.000,4.608,6,19,15.908,0.000,4795,0,4
base,4,61,2.000,4.577,5,19,15.625,0.000,4795,0,11
base,4,62,2.400,2.879,5,13,5.792,1.000,4784,0,1
base,4,63,2.400,3.022,5,10,5.150,1.000,4786,0,0
base,4,64,2.400,4.379,6,17,15.492,0.000,4793,0,5
base,2,1,1.714,1.778,4,4,1.536,1.000,7756,0,0
base,2,2,2.400,1.704,10,4,1.326,1.000,7787,0,0
base,2,3,3.000,1.725,8,3,1.529,1.000,7771,0,0
base,2,4,3.000,1.825,6,4,1.381,1.000,7778,0,0
base,2,5,2.000,1.695,8,4,1.298,1.000,7753,0,0
base,2,6,2.000,2.643,5,8,4.350,0.000,7985,0,0
base,2,7,2.400,1.917,7,4,1.271,1.000,7761,0,0
base,2,8,1.714,2.714,5,8,4.622,0.000,7981,0,0
base,2,9,1.500,1.866,3,4,1.477,1.000,7746,0,0
base,2,10,2.000,3.059,5,8,4.100,0.000,7981,0,0
base,2,11,1.714,2.660,6,8,5.390,0.000,7985,0,0
base,2,12,1.714,1.722,3,4,1.257,1.000,7783,0,0
base,2,13,2.000,1.739,5,4,1.384,1.000,7738,0,0
base,2,14,2.000,2.793,8,8,4.425,0.000,7982,0,0
base,2,15,2.400,2.074,6,5,1.494,1.000,7740,0,0
base,2,16,1.714,2.423,5,9,5.133,0.000,7985,0,0
base,2,17,1.500,1.831,5,4,1.369,1.000,7776,0,0
base,2,18,2.000,1.925,4,5,1.400,1.000,7766,0,0
base,2,19,2.400,1.788,4,4,1.263,1.000,7744,0,0
base,2,20,2.400,2.604,6,7,5.311,0.000,7983,0,0
base,2,21,2.400,2.722,5,9,5.758,0.000,7983,0,0
base,2,22,2.000,1.759,6,4,1.320,1.000,7766,0,0
base,2,23,2.000,2.680,4,9,4.875,0.000,7983,0,0
base,2,24,2.000,1.802,8,5,1.433,1.000,7760,0,0
base,2,25,2.400,1.693,5,4,1.225,1.000,7765,0,0
base,2,26,1.500,1.806,5,4,1.397,1.000,7770,0,0
base,2,27,3.000,1.789,8,5,1.406,1.000,7738,0,0
base,2,28,3.000,2.625,9,8,4.277,0.000,7980,0,0
base,2,29,3.000,1.868,7,5,1.406,1.000,7748,0,0
base,2,30,2.000,1.849,6,4,1.471,1.000,7751,0,0
base,2,31,2.000,2.815,7,9,4.525,0.000,7981,0,0
base,2,32,1.714,1.870,4,4,1.313,1.000,7729,0,0
base,2,33,2.000,2.721,6,8,4.842,0.000,7981,0,0
base,2,34,2.400,1.799,6,4,1.511,1.000,7750,0,0
base,2,35,2.000,2.850,9,10,5.252,0.000,7986,0,0
base,2,36,2.400,1.778,5,4,1.448,1.000,7792,0,0
base,2,37,2.000,1.786,7,4,1.429,1.000,7761,0,0
base,2,38,2.000,1.697,4,4,1.310,1.000,7796,0,0
base,2,39,1.500,1.693,3,5,1.248,1.000,7741,0,0
base,2,40,1.714,1.814,4,5,1.274,1.000,7772,0,0
base,2,41,2.400,1.821,6,4,1.340,1.000,7767,0,0
base,2,42,2.400,1.913,4,4,1.394,1.000,7752,0,0
base,2,43,2.000,1.796,5,4,1.522,1.000,7747,0,0
base,2,44,2.000,1.895,4,5,1.460,1.000,7756,0,0
base,2,45,3.000,1.699,7,4,1.333,1.000,7748,0,0
base,2,46,2.000,1.853,6,4,1.295,1.000,7750,0,0
base,2,47,2.400,2.703,5,8,4.183,0.000,7981,0,0
base,2,48,3.000,2.656,8,7,5.017,0.000,7985,0,0
base,2,49,2.400,1.719,4,4,1.287,1.000,7753,0,0
base,2,50,2.400,2.716,5,9,4.750,0.000,7982,0,0
base,2,51,1.714,1.869,4,4,1.472,1.000,7794,0,0
base,2,52,2.000,2.588,7,7,4.585,0.000,7982,0,0
base,2,53,3.000,1.815,5,4,1.327,1.000,7757,0,0
base,2,54,1.500,1.765,4,4,1.238,1.000,7774,0,0
base,2,55,2.000,2.805,6,8,4.143,0.000,7984,0,0
base,2,56,1.714,2.784,4,8,3.588,0.000,7981,0,0
base,2,57,2.000,2.632,6,7,4.908,0.000,7983,0,0
base,2,58,1.714,2.623,4,9,5.333,0.000,7982,0,0
base,2,59,2.000,1.682,7,3,1.483,1.000,7768,0,0
base,2,60,3.000,2.594,6,8,4.342,0.000,7984,0,0
base,2,61,2.000,1.803,5,4,1.414,1.000,7758,0,0
base,2,62,2.400,1.926,5,4,1.481,1.000,7750,0,0
base,2,63,2.400,1.750,5,4,1.265,1.000,7757,0,0
base,2,64,2.400,1.940,6,4,1.488,1.000,7749,0,0
boost,inf,1,1.714,1.714,4,4,22.000,0.333,0,0,22
boost,inf,2,2.400,2.400,10,10,22.000,0.333,0,0,22
boost,inf,3,3.000,3.000,8,8,22.000,0.208,0,0,22
boost,inf,4,3.000,3.000,6,6,22.000,0.417,0,0,22
boost,inf,5,2.000,2.000,8,8,22.000,0.292,0,0,22
boost,inf,6,2.000,2.000,5,5,22.000,0.458,0,0,22
boost,inf,7,2.400,2.400,7,7,22.000,0.292,0,0,22
boost,inf,8,1.714,1.714,5,5,22.000,0.375,0,0,22
boost,inf,9,1.500,1.500,3,3,22.000,0.375,0,0,22
boost,inf,10,2.000,2.000,5,5,22.000,0.333,0,0,22
boost,inf,11,1.714,1.714,6,6,22.000,0.375,0,0,22
boost,inf,12,1.714,1.714,3,3,22.000,0.417,0,0,22
boost,inf,13,2.000,2.000,5,5,22.000,0.417,0,0,22
boost,inf,14,2.000,2.000,8,8,22.000,0.292,0,0,22
boost,inf,15,2.400,2.400,6,6,22.000,0.375,0,0,22
boost,inf,16,1.714,1.714,5,5,22.000,0.333,0,0,22
boost,inf,17,1.500,1.500,5,5,22.000,0.333,0,0,22
boost,inf,18,2.000,2.000,4,4,22.000,0.458,0,0,22
boost,inf,19,2.400,2.400,4,4,22.000,0.417,0,0,22
boost,inf,20,2.400,2.400,6,6,22.000,0.458,0,0,22
boost,inf,21,2.400,2.400,5,5,22.000,0.333,0,0,22
boost,inf,22,2.000,2.000,6,6,22.000,0.292,0,0,22
boost,inf,23,2.000,2.000,4,4,22.000,0.417,0,0,22
boost,inf,24,2.000,2.000,8,8,22.000,0.292,0,0,22
boost,inf,25,2.400,2.400,5,5,22.000,0.333,0,0,22
boost,inf,26,1.500,1.500,5,5,22.000,0.500,0,0,22
boost,inf,27,3.000,3.000,8,8,22.000,0.417,0,0,22
boost,inf,28,3.000,3.000,9,9,22.000,0.292,0,0,22
boost,inf,29,3.000,3.000,7,7,22.000,0.250,0,0,22
boost,inf,30,2.000,2.000,6,6,22.000,0.292,0,0,22
boost,inf,31,2.000,2.000,7,7,22.000,0.375,0,0,22
boost,inf,32,1.714,1.714,4,4,22.000,0.417,0,0,22
boost,inf,33,2.000,2.000,6,6,22.000,0.417,0,0,22
boost,inf,34,2.400,2.400,6,6,22.000,0.375,0,0,22
boost,inf,35,2.000,2.000,9,9,22.000,0.333,0,0,22
boost,inf,36,2.400,2.400,5,5,22.000,0.333,0,0,22
boost,inf,37,2.000,2.000,7,7,22.000,0.375,0,0,22
boost,inf,38,2.000,2.000,4,4,22.000,0.292,0,0,22
boost,inf,39,1.500,1.500,3,3,22.000,0.417,0,0,22
boost,inf,40,1.714,1.714,4,4,22.000,0.375,0,0,22
boost,inf,41,2.400,2.400,6,6,22.000,0.292,0,0,22
boost,inf,42,2.400,2.400,4,4,22.000,0.333,0,0,22
boost,inf,43,2.000,2.000,5,5,22.000,0.375,0,0,22
boost,inf,44,2.000,2.000,4,4,22.000,0.417,0,0,22
boost,inf,45,3.000,3.000,7,7,22.000,0.292,0,0,22
boost,inf,46,2.000,2.000,6,6,22.000,0.417,0,0,22
boost,inf,47,2.400,2.400,5,5,22.000,0.458,0,0,22
boost,inf,48,3.000,3.000,8,8,22.000,0.333,0,0,22
boost,inf,49,2.400,2.400,4,4,22.000,0.417,0,0,22
boost,inf,50,2.400,2.400,5,5,22.000,0.333,0,0,22
boost,inf,51,1.714,1.714,4,4,22.000,0.458,0,0,22
boost,inf,52,2.000,2.000,7,7,22.000,0.375,0,0,22
boost,inf,53,3.000,3.000,5,5,22.000,0.375,0,0,22
boost,inf,54,1.500,1.500,4,4,22.000,0.417,0,0,22
boost,inf,55,2.000,2.000,6,6,22.000,0.375,0,0,22
boost,inf,56,1.714,1.714,4,4,22.000,0.375,0,0,22
boost,inf,57,2.000,2.000,6,6,22.000,0.292,0,0,22
boost,inf,58,1.714,1.714,4,4,22.000,0.417,0,0,22
boost,inf,59,2.000,2.000,7,7,22.000,0.333,0,0,22
boost,inf,60,3.000,3.000,6,6,22.000,0.375,0,0,22
boost,inf,61,2.000,2.000,5,5,22.000,0.292,0,0,22
boost,inf,62,2.400,2.400,5,5,22.000,0.417,0,0,22
boost,inf,63,2.400,2.400,5,5,22.000,0.417,0,0,22
boost,inf,64,2.400,2.400,6,6,22.000,0.417,0,0,22
boost,8,1,1.714,6.035,4,21,17.092,1.000,1586,1077,12
boost,8,2,2.400,6.503,10,23,17.267,1.000,1519,1142,12
boost,8,3,3.000,13.427,8,24,19.825,0.000,1451,1214,15
boost,8,4,3.000,6.235,6,22,17.133,1.000,1551,1110,12
boost,8,5,2.000,5.573,8,21,16.683,1.000,1588,1076,12
boost,8,6,2.000,6.630,5,23,17.467,1.000,1552,1110,12
boost,8,7,2.400,5.542,7,21,16.675,1.000,1590,1073,12
boost,8,8,1.714,5.864,5,20,19.250,0.293,1569,1095,15
boost,8,9,1.500,11.812,3,24,19.850,0.045,1584,1081,14
boost,8,10,2.000,4.952,5,17,18.208,0.628,1563,1098,14
boost,8,11,1.714,13.649,6,24,19.933,0.000,1435,1230,16
boost,8,12,1.714,6.426,3,23,17.483,1.000,1542,1121,12
boost,8,13,2.000,14.079,5,24,19.858,0.000,1474,1190,15
boost,8,14,2.000,13.967,8,24,20.017,0.000,1499,1165,14
boost,8,15,2.400,13.910,6,24,19.917,0.000,1416,1248,16
boost,8,16,1.714,13.766,5,24,19.883,0.000,1480,1184,16
boost,8,17,1.500,13.071,5,24,19.842,0.000,1448,1217,15
boost,8,18,2.000,14.703,4,24,20.008,0.000,1500,1165,14
boost,8,19,2.400,13.249,4,24,19.783,0.000,1403,1260,16
boost,8,20,2.400,6.199,6,22,17.150,1.000,1530,1130,12
boost,8,21,2.400,6.533,5,23,17.283,1.000,1557,1104,13
boost,8,22,2.000,6.997,6,23,17.667,1.000,1537,1125,13
boost,8,23,2.000,13.590,4,24,19.900,0.000,1475,1191,13
boost,8,24,2.000,14.289,8,24,19.992,0.000,1415,1250,17
boost,8,25,2.400,12.540,5,24,19.750,0.000,1496,1168,17
boost,8,26,1.500,6.140,5,23,17.008,1.000,1555,1109,12
boost,8,27,3.000,14.898,8,24,19.967,0.000,1496,1169,14
boost,8,28,3.000,14.863,9,24,20.108,0.000,1491,1174,16
boost,8,29,3.000,6.141,7,22,17.225,1.000,1539,1121,12
boost,8,30,2.000,5.919,6,23,17.225,1.000,1545,1115,12
boost,8,31,2.000,12.781,7,24,19.850,0.013,1559,1105,14
boost,8,32,1.714,6.463,4,22,17.375,1.000,1607,1055,12
boost,8,33,2.000,6.595,6,23,17.508,1.000,1517,1145,12
boost,8,34,2.400,5.275,6,17,18.267,0.691,1552,1110,14
boost,8,35,2.000,6.336,9,23,17.325,1.000,1550,1111,12
boost,8,36,2.400,13.335,5,24,19.867,0.000,1512,1153,14
boost,8,37,2.000,6.119,7,23,17.250,1.000,1538,1125,12
boost,8,38,2.000,6.167,4,22,16.942,1.000,1560,1099,11
boost,8,39,1.500,6.096,3,23,17.300,1.000,1564,1099,13
boost,8,40,1.714,5.498,4,24,16.683,1.000,1600,1063,12
boost,8,41,2.400,6.451,6,22,17.225,1.000,1571,1091,13
boost,8,42,2.400,6.187,4,23,17.392,1.000,1554,1107,12
boost,8,43,2.000,13.060,5,24,19.858,0.000,1432,1232,17
boost,8,44,2.000,5.785,4,23,16.958,1.000,1525,1135,12
boost,8,45,3.000,13.943,7,24,19.917,0.000,1447,1218,15
boost,8,46,2.000,14.747,6,24,20.067,0.000,1376,1288,16
boost,8,47,2.400,6.396,5,23,17.292,1.000,1564,1098,13
boost,8,48,3.000,13.642,8,24,19.875,0.000,1432,1232,16
boost,8,49,2.400,14.049,4,24,20.017,0.000,1490,1173,15
boost,8,50,2.400,6.909,5,23,17.600,1.000,1485,1179,13
boost,8,51,1.714,14.262,4,24,19.883,0.000,1388,1277,15
boost,8,52,2.000,6.502,7,23,17.275,1.000,1569,1095,13
boost,8,53,3.000,9.936,5,24,19.625,0.157,1582,1083,14
boost,8,54,1.500,6.636,4,21,17.392,1.000,1530,1130,12
boost,8,55,2.000,5.581,6,23,16.858,1.000,1558,1101,11
boost,8,56,1.714,6.392,4,23,17.250,1.000,1630,1030,13
boost,8,57,2.000,6.621,6,23,17.475,1.000,1566,1092,13
boost,8,58,1.714,13.562,4,24,19.825,0.000,1462,1202,14
boost,8,59,2.000,5.824,7,21,16.775,1.000,1565,1097,13
boost,8,60,3.000,13.936,6,24,19.900,0.000,1467,1196,14
boost,8,61,2.000,6.019,5,23,17.508,0.980,1546,1115,13
boost,8,62,2.400,6.098,5,22,17.233,1.000,1545,1117,13
boost,8,63,2.400,14.572,5,24,19.992,0.000,1463,1203,16
boost,8,64,2.400,5.322,6,18,18.575,0.522,1592,1073,14
boost,4,1,1.714,3.162,4,12,9.708,1.000,3056,1731,1
boost,4,2,2.400,5.441,10,19,16.358,0.000,2626,2173,11
boost,4,3,3.000,5.029,8,20,16.142,0.000,2658,2135,12
boost,4,4,3.000,5.655,6,21,16.692,0.000,2640,2152,9
boost,4,5,2.000,5.435,8,20,16.792,0.000,2649,2149,7
boost,4,6,2.000,2.941,5,11,8.533,1.000,3021,1763,0
boost,4,7,2.400,5.876,7,22,16.767,0.000,2623,2170,11
boost,4,8,1.714,3.070,5,11,6.942,1.000,3000,1785,0
boost,4,9,1.500,5.698,3,22,16.742,0.000,2710,2083,7
boost,4,10,2.000,3.101,5,11,7.333,1.000,2875,1907,1
boost,4,11,1.714,3.011,6,12,9.350,1.000,3033,1757,1
boost,4,12,1.714,5.741,3,20,16.733,0.000,2658,2136,8
boost,4,13,2.000,5.477,5,19,16.575,0.000,2617,2178,8
boost,4,14,2.000,5.749,8,19,16.933,0.000,2614,2183,10
boost,4,15,2.400,3.263,6,12,7.158,1.000,3101,1685,0
boost,4,16,1.714,4.797,5,18,16.250,0.000,2643,2150,11
boost,4,17,1.500,2.804,5,10,6.967,1.000,3060,1723,1
boost,4,18,2.000,3.041,4,12,8.692,1.000,2949,1836,0
boost,4,19,2.400,5.594,4,19,16.608,0.000,2705,2087,11
boost,4,20,2.400,3.101,6,13,9.408,1.000,2892,1891,1
boost,4,21,2.400,5.165,5,19,16.775,0.000,2674,2120,12
boost,4,22,2.000,5.346,6,21,16.567,0.000,2658,2136,11
boost,4,23,2.000,2.948,4,11,7.917,1.000,3009,1782,0
boost,4,24,2.000,5.261,8,23,16.417,0.000,2622,2173,9
boost,4,25,2.400,3.064,5,16,7.750,1.000,3049,1743,0
boost,4,26,1.500,3.198,5,12,7.758,1.000,2965,1821,1
boost,4,27,3.000,3.134,8,12,9.492,1.000,3001,1788,1
boost,4,28,3.000,3.004,9,12,10.183,1.000,2958,1824,0
boost,4,29,3.000,5.479,7,21,16.458,0.000,2684,2112,10
boost,4,30,2.000,2.959,6,15,8.958,1.000,2914,1871,0
boost,4,31,2.000,3.053,7,12,9.208,1.000,2923,1860,0
boost,4,32,1.714,3.158,4,11,6.750,1.000,2935,1856,1
boost,4,33,2.000,3.240,6,13,10.992,1.000,2832,1956,2
boost,4,34,2.400,6.121,6,22,16.992,0.000,2630,2167,12
boost,4,35,2.000,5.058,9,23,16.300,0.000,2689,2105,11
boost,4,36,2.400,5.564,5,21,16.700,0.000,2583,2213,12
boost,4,37,2.000,3.098,7,13,8.142,1.000,2965,1822,0
boost,4,38,2.000,5.789,4,20,17.000,0.000,2609,2186,11
boost,4,39,1.500,3.036,3,16,9.792,1.000,2997,1794,1
boost,4,40,1.714,3.146,4,13,9.725,1.000,2945,1839,0
boost,4,41,2.400,2.961,6,13,8.175,1.000,3024,1760,0
boost,4,42,2.400,5.621,4,20,16.517,0.000,2629,2165,7
boost,4,43,2.000,2.915,5,12,6.383,1.000,3150,1640,1
boost,4,44,2.000,3.087,4,13,7.617,1.000,3079,1702,1
boost,4,45,3.000,5.630,7,20,16.692,0.000,2603,2191,10
boost,4,46,2.000,2.899,6,9,7.117,1.000,2984,1803,1
boost,4,47,2.400,3.018,5,11,9.100,1.000,3047,1741,0
boost,4,48,3.000,3.039,8,13,10.008,1.000,2925,1859,1
boost,4,49,2.400,2.937,4,12,7.800,1.000,3039,1746,0
boost,4,50,2.400,5.373,5,21,16.675,0.000,2647,2149,12
boost,4,51,1.714,3.108,4,15,8.017,1.000,2986,1798,1
boost,4,52,2.000,2.905,7,11,7.317,1.000,3118,1665,0
boost,4,53,3.000,3.127,5,12,6.942,1.000,3075,1717,1
boost,4,54,1.500,5.656,4,21,16.408,0.000,2672,2122,8
boost,4,55,2.000,5.499,6,19,16.708,0.000,2596,2199,11
boost,4,56,1.714,2.950,4,12,7.342,1.000,3037,1752,0
boost,4,57,2.000,3.080,6,13,7.325,1.000,3051,1741,1
boost,4,58,1.714,2.893,4,12,7.358,1.000,3017,1764,0
boost,4,59,2.000,5.013,7,19,16.492,0.000,2641,2153,9
boost,4,60,3.000,3.064,6,14,7.225,1.000,2932,1849,1
boost,4,61,2.000,2.965,5,11,9.000,1.000,3021,1771,0
boost,4,62,2.400,3.012,5,11,7.592,1.000,2968,1816,1
boost,4,63,2.400,3.092,5,15,7.775,1.000,2980,1813,1
boost,4,64,2.400,4.998,6,19,16.183,0.000,2663,2130,6
boost,2,1,1.714,2.022,4,4,1.565,1.000,7271,508,0
boost,2,2,2.400,1.904,10,5,1.382,1.000,7329,466,0
boost,2,3,3.000,1.905,8,5,1.402,1.000,7278,514,0
boost,2,4,3.000,1.760,6,4,1.436,1.000,7297,491,0
boost,2,5,2.000,1.928,8,5,1.314,1.000,7280,491,0
boost,2,6,2.000,1.833,5,5,1.516,1.000,7234,528,0
boost,2,7,2.400,2.650,7,8,5.300,0.000,4792,3193,0
boost,2,8,1.714,2.686,5,9,5.175,0.000,4813,3169,0
boost,2,9,1.500,1.742,3,3,1.523,1.000,7288,485,0
boost,2,10,2.000,2.804,5,10,5.625,0.000,4879,3102,0
boost,2,11,1.714,2.570,6,9,5.483,0.000,4759,3222,0
boost,2,12,1.714,1.749,3,5,1.350,1.000,7280,463,0
boost,2,13,2.000,2.053,5,4,1.481,1.000,7241,494,0
boost,2,14,2.000,2.738,8,10,5.267,0.000,4894,3088,0
boost,2,15,2.400,1.923,6,4,1.313,1.000,7278,477,0
boost,2,16,1.714,2.700,5,9,4.983,0.000,4873,3110,0
boost,2,17,1.500,1.880,5,5,1.320,1.000,7313,444,0
boost,2,18,2.000,1.790,4,5,1.323,1.000,7312,461,0
boost,2,19,2.400,1.791,4,4,1.343,1.000,7336,403,0
boost,2,20,2.400,2.583,6,10,5.689,0.000,4782,3207,0
boost,2,21,2.400,2.840,5,8,5.733,0.000,4750,3236,0
boost,2,22,2.000,1.672,6,4,1.289,1.000,7305,441,0
boost,2,23,2.000,2.869,4,9,5.608,0.000,4788,3195,0
boost,2,24,2.000,1.733,8,4,1.307,1.000,7301,451,0
boost,2,25,2.400,2.571,5,8,5.308,0.000,4864,3119,0
boost,2,26,1.500,1.823,5,5,1.422,1.000,7331,442,0
boost,2,27,3.000,1.706,8,3,1.467,1.000,7267,515,0
boost,2,28,3.000,2.719,9,8,5.208,0.000,4837,3143,0
boost,2,29,3.000,2.927,7,10,6.092,0.000,4708,3277,0
boost,2,30,2.000,2.666,6,9,6.092,0.000,4781,3203,0
boost,2,31,2.000,2.757,7,8,5.950,0.000,4812,3170,0
boost,2,32,1.714,1.762,4,4,1.301,1.000,7305,478,0
boost,2,33,2.000,1.701,6,3,1.407,1.000,7280,477,0
boost,2,34,2.400,1.741,6,5,1.456,1.000,7266,491,0
boost,2,35,2.000,1.705,9,4,1.333,1.000,7277,482,0
boost,2,36,2.400,1.748,5,3,1.500,1.000,7320,452,0
boost,2,37,2.000,1.678,7,3,1.319,1.000,7288,463,0
boost,2,38,2.000,1.722,4,4,1.459,1.000,7336,441,0
boost,2,39,1.500,1.752,3,4,1.231,1.000,7282,483,0
boost,2,40,1.714,1.796,4,4,1.278,1.000,7281,450,0
boost,2,41,2.400,1.771,6,5,1.303,1.000,7273,494,0
boost,2,42,2.400,1.675,4,4,1.204,1.000,7319,454,0
boost,2,43,2.000,1.731,5,4,1.366,1.000,7248,529,0
boost,2,44,2.000,1.998,4,4,1.550,1.000,7260,516,0
boost,2,45,3.000,1.747,7,5,1.269,1.000,7309,456,0
boost,2,46,2.000,1.867,6,4,1.506,1.000,7307,449,0
boost,2,47,2.400,2.815,5,10,5.692,0.000,4811,3172,0
boost,2,48,3.000,1.993,8,4,1.522,1.000,7290,478,0
boost,2,49,2.400,1.734,4,4,1.343,1.000,7328,428,0
boost,2,50,2.400,1.771,5,4,1.484,1.000,7242,515,0
boost,2,51,1.714,1.657,4,4,1.320,1.000,7267,524,0
boost,2,52,2.000,1.930,7,4,1.516,1.000,7276,473,0
boost,2,53,3.000,1.881,5,5,1.295,1.000,7280,491,0
boost,2,54,1.500,1.921,4,5,1.352,1.000,7321,442,0
boost,2,55,2.000,2.841,6,7,4.683,0.000,4898,3084,0
boost,2,56,1.714,1.943,4,6,1.422,1.000,7288,465,0
boost,2,57,2.000,1.717,6,4,1.417,1.000,7298,489,0
boost,2,58,1.714,1.765,4,3,1.235,1.000,7283,483,0
boost,2,59,2.000,1.869,7,4,1.534,1.000,7215,545,0
boost,2,60,3.000,2.625,6,9,5.467,0.000,4852,3134,0
boost,2,61,2.000,1.776,5,4,1.303,1.000,7261,477,0
boost,2,62,2.400,1.753,5,4,1.473,1.000,7291,445,0
boost,2,63,2.400,1.783,5,4,1.406,1.000,7309,438,0
boost,2,64,2.400,1.791,6,4,1.484,1.000,7254,519,0
pair,inf,1,1.714,1.714,4,4,22.000,0.333,0,0,22
pair,inf,2,2.400,2.400,10,10,22.000,0.333,0,0,22
pair,inf,3,3.000,3.000,8,8,22.000,0.208,0,0,22
pair,inf,4,3.000,3.000,6,6,22.000,0.417,0,0,22
pair,inf,5,2.000,2.000,8,8,22.000,0.292,0,0,22
pair,inf,6,2.000,2.000,5,5,22.000,0.458,0,0,22
pair,inf,7,2.400,2.400,7,7,22.000,0.292,0,0,22
pair,inf,8,1.714,1.714,5,5,22.000,0.375,0,0,22
pair,inf,9,1.500,1.500,3,3,22.000,0.375,0,0,22
pair,inf,10,2.000,2.000,5,5,22.000,0.333,0,0,22
pair,inf,11,1.714,1.714,6,6,22.000,0.375,0,0,22
pair,inf,12,1.714,1.714,3,3,22.000,0.417,0,0,22
pair,inf,13,2.000,2.000,5,5,22.000,0.417,0,0,22
pair,inf,14,2.000,2.000,8,8,22.000,0.292,0,0,22
pair,inf,15,2.400,2.400,6,6,22.000,0.375,0,0,22
pair,inf,16,1.714,1.714,5,5,22.000,0.333,0,0,22
pair,inf,17,1.500,1.500,5,5,22.000,0.333,0,0,22
pair,inf,18,2.000,2.000,4,4,22.000,0.458,0,0,22
pair,inf,19,2.400,2.400,4,4,22.000,0.417,0,0,22
pair,inf,20,2.400,2.400,6,6,22.000,0.458,0,0,22
pair,inf,21,2.400,2.400,5,5,22.000,0.333,0,0,22
pair,inf,22,2.000,2.000,6,6,22.000,0.292,0,0,22
pair,inf,23,2.000,2.000,4,4,22.000,0.417,0,0,22
pair,inf,24,2.000,2.000,8,8,22.000,0.292,0,0,22
pair,inf,25,2.400,2.400,5,5,22.000,0.333,0,0,22
pair,inf,26,1.500,1.500,5,5,22.000,0.500,0,0,22
pair,inf,27,3.000,3.000,8,8,22.000,0.417,0,0,22
pair,inf,28,3.000,3.000,9,9,22.000,0.292,0,0,22
pair,inf,29,3.000,3.000,7,7,22.000,0.250,0,0,22
pair,inf,30,2.000,2.000,6,6,22.000,0.292,0,0,22
pair,inf,31,2.000,2.000,7,7,22.000,0.375,0,0,22
pair,inf,32,1.714,1.714,4,4,22.000,0.417,0,0,22
pair,inf,33,2.000,2.000,6,6,22.000,0.417,0,0,22
pair,inf,34,2.400,2.400,6,6,22.000,0.375,0,0,22
pair,inf,35,2.000,2.000,9,9,22.000,0.333,0,0,22
pair,inf,36,2.400,2.400,5,5,22.000,0.333,0,0,22
pair,inf,37,2.000,2.000,7,7,22.000,0.375,0,0,22
pair,inf,38,2.000,2.000,4,4,22.000,0.292,0,0,22
pair,inf,39,1.500,1.500,3,3,22.000,0.417,0,0,22
pair,inf,40,1.714,1.714,4,4,22.000,0.375,0,0,22
pair,inf,41,2.400,2.400,6,6,22.000,0.292,0,0,22
pair,inf,42,2.400,2.400,4,4,22.000,0.333,0,0,22
pair,inf,43,2.000,2.000,5,5,22.000,0.375,0,0,22
pair,inf,44,2.000,2.000,4,4,22.000,0.417,0,0,22
pair,inf,45,3.000,3.000,7,7,22.000,0.292,0,0,22
pair,inf,46,2.000,2.000,6,6,22.000,0.417,0,0,22
pair,inf,47,2.400,2.400,5,5,22.000,0.458,0,0,22
pair,inf,48,3.000,3.000,8,8,22.000,0.333,0,0,22
pair,inf,49,2.400,2.400,4,4,22.000,0.417,0,0,22
pair,inf,50,2.400,2.400,5,5,22.000,0.333,0,0,22
pair,inf,51,1.714,1.714,4,4,22.000,0.458,0,0,22
pair,inf,52,2.000,2.000,7,7,22.000,0.375,0,0,22
pair,inf,53,3.000,3.000,5,5,22.000,0.375,0,0,22
pair,inf,54,1.500,1.500,4,4,22.000,0.417,0,0,22
pair,inf,55,2.000,2.000,6,6,22.000,0.375,0,0,22
pair,inf,56,1.714,1.714,4,4,22.000,0.375,0,0,22
pair,inf,57,2.000,2.000,6,6,22.000,0.292,0,0,22
pair,inf,58,1.714,1.714,4,4,22.000,0.417,0,0,22
pair,inf,59,2.000,2.000,7,7,22.000,0.333,0,0,22
pair,inf,60,3.000,3.000,6,6,22.000,0.375,0,0,22
pair,inf,61,2.000,2.000,5,5,22.000,0.292,0,0,22
pair,inf,62,2.400,2.400,5,5,22.000,0.417,0,0,22
pair,inf,63,2.400,2.400,5,5,22.000,0.417,0,0,22
pair,inf,64,2.400,2.400,6,6,22.000,0.417,0,0,22
pair,8,1,1.714,5.059,4,23,18.025,0.657,2182,240,14
pair,8,2,2.400,13.836,10,24,19.892,0.000,2337,164,16
pair,8,3,3.000,14.454,8,24,20.008,0.000,2334,165,16
pair,8,4,3.000,5.954,6,23,16.842,1.000,2033,314,13
pair,8,5,2.000,13.397,8,24,19.758,0.000,2282,191,14
pair,8,6,2.000,6.899,5,23,17.642,1.000,2024,320,12
pair,8,7,2.400,6.157,7,22,17.050,1.000,2071,296,12
pair,8,8,1.714,6.064,5,22,17.208,1.000,2088,286,13
pair,8,9,1.500,13.401,3,23,19.758,0.000,2331,167,16
pair,8,10,2.000,12.803,5,24,19.825,0.000,2290,187,16
pair,8,11,1.714,12.567,6,24,19.867,0.000,2283,191,15
pair,8,12,1.714,6.317,3,24,17.033,1.000,2092,285,12
pair,8,13,2.000,12.978,5,24,19.708,0.000,2350,157,15
pair,8,14,2.000,6.521,8,23,17.267,1.000,2023,320,13
pair,8,15,2.400,6.656,6,23,17.650,1.000,2075,294,12
pair,8,16,1.714,13.885,5,24,19.900,0.000,2320,172,17
pair,8,17,1.500,13.494,5,24,19.900,0.000,2341,161,16
pair,8,18,2.000,6.272,4,23,17.283,1.000,2026,318,13
pair,8,19,2.400,13.506,4,24,19.700,0.000,2315,174,16
pair,8,20,2.400,6.746,6,21,17.525,1.000,2088,286,12
pair,8,21,2.400,14.398,5,24,19.925,0.000,2288,187,16
pair,8,22,2.000,12.894,6,24,19.808,0.000,2277,194,14
pair,8,23,2.000,5.656,4,23,16.900,1.000,2037,312,12
pair,8,24,2.000,13.914,8,24,19.875,0.000,2345,159,16
pair,8,25,2.400,5.033,5,23,16.650,1.000,2169,247,13
pair,8,26,1.500,13.855,5,24,19.883,0.000,2314,175,16
pair,8,27,3.000,6.578,8,23,17.308,1.000,2040,311,12
pair,8,28,3.000,6.156,9,21,17.375,1.000,2033,314,12
pair,8,29,3.000,13.662,7,24,19.892,0.000,2389,137,17
pair,8,30,2.000,6.163,6,23,17.450,1.000,2052,305,12
pair,8,31,2.000,5.634,7,23,16.800,1.000,2172,245,12
pair,8,32,1.714,12.401,4,23,19.767,0.000,2283,191,15
pair,8,33,2.000,13.543,6,24,19.817,0.000,2268,198,14
pair,8,34,2.400,12.876,6,24,19.717,0.000,2283,191,13
pair,8,35,2.000,6.335,9,23,17.308,1.000,2103,279,13
pair,8,36,2.400,6.919,5,23,17.850,1.000,2129,266,13
pair,8,37,2.000,12.688,7,24,19.792,0.000,2338,163,15
pair,8,38,2.000,13.044,4,24,19.733,0.000,2320,172,14
pair,8,39,1.500,13.314,3,24,19.850,0.000,2297,183,15
pair,8,40,1.714,13.293,4,24,19.825,0.000,2241,212,14
pair,8,41,2.400,6.481,6,23,17.217,1.000,2130,265,13
pair,8,42,2.400,13.312,4,24,19.808,0.000,2273,196,14
pair,8,43,2.000,13.447,5,24,19.783,0.000,2341,162,16
pair,8,44,2.000,6.468,4,23,17.417,1.000,2085,288,13
pair,8,45,3.000,5.579,7,20,16.842,1.000,2210,226,13
pair,8,46,2.000,13.940,6,24,19.975,0.000,2356,153,16
pair,8,47,2.400,5.387,5,19,16.808,1.000,2093,285,12
pair,8,48,3.000,13.733,8,24,19.850,0.000,2321,172,17
pair,8,49,2.400,6.866,4,23,17.642,1.000,2069,297,12
pair,8,50,2.400,7.203,5,23,17.917,1.000,2056,303,12
pair,8,51,1.714,13.383,4,24,19.842,0.000,2345,159,16
pair,8,52,2.000,10.112,7,24,19.558,0.061,2191,236,12
pair,8,53,3.000,13.947,5,24,19.950,0.000,2310,177,15
pair,8,54,1.500,6.587,4,23,17.108,1.000,2004,328,12
pair,8,55,2.000,6.150,6,23,17.042,1.000,2061,299,13
pair,8,56,1.714,13.849,4,24,19.908,0.000,2294,185,17
pair,8,57,2.000,9.459,6,24,19.725,0.123,2345,160,15
pair,8,58,1.714,6.724,4,23,17.383,1.000,2005,329,12
pair,8,59,2.000,6.801,7,23,17.517,1.000,2115,273,12
pair,8,60,3.000,13.346,6,24,19.817,0.000,2221,221,14
pair,8,61,2.000,13.181,5,24,19.808,0.000,2285,189,15
pair,8,62,2.400,5.768,5,23,17.600,0.858,2205,228,14
pair,8,63,2.400,14.185,5,24,20.008,0.000,2239,212,14
pair,8,64,2.400,6.456,6,22,17.292,1.000,2089,284,12
pair,4,1,1.714,3.462,4,15,12.217,1.000,2929,932,1
pair,4,2,2.400,3.384,10,16,11.167,1.000,2755,1017,1
pair,4,3,3.000,5.492,8,20,16.800,0.000,3444,675,12
pair,4,4,3.000,5.524,6,19,16.792,0.000,3455,670,9
pair,4,5,2.000,5.992,8,23,17.108,0.000,3439,679,8
pair,4,6,2.000,5.597,5,23,16.717,0.000,3401,697,12
pair,4,7,2.400,6.207,7,23,17.033,0.000,3416,689,12
pair,4,8,1.714,3.477,5,17,10.550,1.000,2832,978,2
pair,4,9,1.500,5.528,3,23,16.758,0.000,3427,685,12
pair,4,10,2.000,6.300,5,23,17.033,0.000,3398,698,10
pair,4,11,1.714,3.394,6,13,11.275,1.000,2939,927,2
pair,4,12,1.714,3.141,3,15,10.725,1.000,2862,963,2
pair,4,13,2.000,3.419,5,13,10.350,1.000,2829,980,1
pair,4,14,2.000,3.311,8,13,10.758,1.000,2835,978,1
pair,4,15,2.400,7.204,6,24,17.658,0.000,3426,685,11
pair,4,16,1.714,5.771,5,22,16.933,0.000,3477,660,12
pair,4,17,1.500,5.328,5,19,16.592,0.000,3381,706,12
pair,4,18,2.000,3.649,4,15,11.550,1.000,2811,990,2
pair,4,19,2.400,6.653,4,23,17.408,0.000,3436,680,11
pair,4,20,2.400,6.168,6,21,17.067,0.000,3378,708,8
pair,4,21,2.400,6.102,5,21,17.233,0.000,3377,710,11
pair,4,22,2.000,5.708,6,21,16.758,0.000,3444,676,12
pair,4,23,2.000,2.970,4,12,9.450,1.000,2880,952,1
pair,4,24,2.000,3.285,8,13,10.683,1.000,2804,994,2
pair,4,25,2.400,3.180,5,13,9.958,1.000,2784,1003,1
pair,4,26,1.500,3.548,5,17,12.417,1.000,2866,962,1
pair,4,27,3.000,3.178,8,13,11.308,1.000,2870,961,3
pair,4,28,3.000,5.450,9,19,16.900,0.000,3475,660,9
pair,4,29,3.000,6.053,7,23,16.950,0.000,3447,674,12
pair,4,30,2.000,5.939,6,19,17.033,0.000,3451,673,8
pair,4,31,2.000,5.663,7,23,16.867,0.000,3471,662,12
pair,4,32,1.714,3.325,4,15,11.750,1.000,2834,978,2
pair,4,33,2.000,6.162,6,23,17.075,0.000,3477,658,12
pair,4,34,2.400,5.832,6,23,16.750,0.000,3368,714,12
pair,4,35,2.000,5.792,9,23,16.925,0.000,3455,670,12
pair,4,36,2.400,3.413,5,17,10.475,1.000,2860,966,3
pair,4,37,2.000,6.018,7,23,16.708,0.000,3448,675,10
pair,4,38,2.000,5.923,4,19,16.900,0.000,3443,675,11
pair,4,39,1.500,5.690,3,20,16.700,0.000,3430,682,12
pair,4,40,1.714,3.466,4,14,11.700,1.000,2900,946,2
pair,4,41,2.400,5.620,6,23,16.658,0.000,3350,721,10
pair,4,42,2.400,3.365,4,16,12.133,1.000,2738,1026,2
pair,4,43,2.000,3.253,5,15,10.383,1.000,2865,961,1
pair,4,44,2.000,3.220,4,14,10.700,1.000,2918,933,3
pair,4,45,3.000,3.437,7,18,10.517,1.000,2868,962,2
pair,4,46,2.000,5.738,6,20,17.042,0.000,3454,671,8
pair,4,47,2.400,3.418,5,15,11.442,1.000,2793,1000,2
pair,4,48,3.000,3.379,8,13,11.567,1.000,2894,948,1
pair,4,49,2.400,3.403,4,14,10.967,1.000,2819,983,1
pair,4,50,2.400,3.305,5,16,11.075,1.000,2801,996,2
pair,4,51,1.714,3.533,4,15,10.550,1.000,2794,998,2
pair,4,52,2.000,3.826,7,16,12.125,1.000,2893,949,1
pair,4,53,3.000,3.352,5,13,9.558,1.000,2891,948,2
pair,4,54,1.500,5.720,4,22,16.967,0.000,3378,709,8
pair,4,55,2.000,5.857,6,22,16.892,0.000,3419,687,12
pair,4,56,1.714,3.423,4,14,10.333,1.000,2863,964,2
pair,4,57,2.000,3.294,6,17,10.800,1.000,2889,949,3
pair,4,58,1.714,3.253,4,13,11.475,1.000,2833,980,2
pair,4,59,2.000,6.052,7,23,17.375,0.000,3425,686,9
pair,4,60,3.000,6.196,6,23,17.383,0.000,3427,684,9
pair,4,61,2.000,3.286,5,17,11.283,1.000,3018,885,3
pair,4,62,2.400,6.027,5,20,17.108,0.000,3443,676,9
pair,4,63,2.400,3.522,5,19,12.650,1.000,2862,964,2
pair,4,64,2.400,3.285,6,15,10.583,1.000,2917,933,1
pair,2,1,1.714,3.048,4,16,8.658,0.000,4209,1889,1
pair,2,2,2.400,2.005,10,6,1.677,1.000,6765,531,0
pair,2,3,3.000,1.989,8,5,1.853,1.000,6504,662,0
pair,2,4,3.000,1.992,6,5,1.928,1.000,6609,604,0
pair,2,5,2.000,2.063,8,6,1.705,1.000,6625,593,0
pair,2,6,2.000,2.983,5,14,9.625,0.000,4222,1884,1
pair,2,7,2.400,3.341,7,12,8.983,0.000,4251,1870,1
pair,2,8,1.714,3.103,5,14,10.525,0.000,4233,1880,1
pair,2,9,1.500,2.039,3,6,1.802,1.000,6672,581,0
pair,2,10,2.000,3.160,5,12,9.475,0.000,4322,1833,1
pair,2,11,1.714,3.313,6,15,9.733,0.000,4213,1889,1
pair,2,12,1.714,1.895,3,5,1.860,1.000,6686,553,0
pair,2,13,2.000,3.257,5,13,9.875,0.000,4178,1907,1
pair,2,14,2.000,3.051,8,12,9.225,0.000,4086,1951,1
pair,2,15,2.400,1.989,6,7,1.917,1.000,6524,649,0
pair,2,16,1.714,2.984,5,12,9.633,0.000,4201,1895,1
pair,2,17,1.500,2.053,5,5,1.737,1.000,6718,533,0
pair,2,18,2.000,1.918,4,4,1.875,1.000,6706,556,0
pair,2,19,2.400,2.193,4,6,1.653,1.000,6788,507,0
pair,2,20,2.400,1.971,6,6,1.870,1.000,6519,657,0
pair,2,21,2.400,3.356,5,15,9.867,0.000,4261,1865,0
pair,2,22,2.000,1.958,6,6,1.930,1.000,6642,578,0
pair,2,23,2.000,1.977,4,6,1.817,1.000,6692,557,0
pair,2,24,2.000,1.876,8,5,1.890,1.000,6667,578,0
pair,2,25,2.400,1.988,5,6,1.688,1.000,6751,534,0
pair,2,26,1.500,2.005,5,6,1.677,1.000,6543,631,0
pair,2,27,3.000,2.243,8,8,2.101,1.000,6573,617,0
pair,2,28,3.000,2.975,9,13,8.583,0.000,4312,1839,0
pair,2,29,3.000,1.799,7,5,1.624,1.000,6745,528,0
pair,2,30,2.000,1.874,6,6,1.804,1.000,6738,529,0
pair,2,31,2.000,3.180,7,11,10.175,0.000,4140,1924,1
pair,2,32,1.714,1.979,4,5,2.000,1.000,6809,486,0
pair,2,33,2.000,1.969,6,5,1.755,1.000,6690,550,0
pair,2,34,2.400,1.917,6,5,1.833,1.000,6537,639,0
pair,2,35,2.000,3.224,9,12,10.483,0.000,4246,1871,1
pair,2,36,2.400,1.960,5,5,1.854,1.000,6727,538,0
pair,2,37,2.000,2.947,7,13,8.942,0.000,4254,1866,1
pair,2,38,2.000,1.887,4,5,1.758,1.000,6700,561,0
pair,2,39,1.500,1.992,3,5,1.788,1.000,6628,590,0
pair,2,40,1.714,2.091,4,5,1.758,1.000,6617,590,0
pair,2,41,2.400,2.061,6,6,1.880,1.000,6710,547,0
pair,2,42,2.400,2.053,4,5,1.793,1.000,6796,495,0
pair,2,43,2.000,1.881,5,5,1.971,1.000,6682,564,0
pair,2,44,2.000,2.020,4,6,1.979,1.000,6619,589,0
pair,2,45,3.000,1.903,7,7,1.905,1.000,6768,514,0
pair,2,46,2.000,2.070,6,5,1.753,1.000,6679,560,0
pair,2,47,2.400,2.075,5,6,1.674,1.000,6645,583,0
pair,2,48,3.000,1.935,8,5,1.870,1.000,6554,615,0
pair,2,49,2.400,2.113,4,6,1.929,1.000,6729,536,0
pair,2,50,2.400,3.015,5,12,9.733,0.000,4249,1870,1
pair,2,51,1.714,1.967,4,5,1.830,1.000,6668,571,0
pair,2,52,2.000,3.279,7,12,9.583,0.000,4139,1924,1
pair,2,53,3.000,1.966,5,6,1.825,1.000,6730,537,0
pair,2,54,1.500,1.942,4,5,1.596,1.000,6689,557,0
pair,2,55,2.000,2.047,6,5,1.857,1.000,6717,539,0
pair,2,56,1.714,3.115,4,13,9.192,0.000,4086,1953,1
pair,2,57,2.000,2.002,6,5,2.071,1.000,6555,626,0
pair,2,58,1.714,1.945,4,5,2.170,1.000,6415,698,0
pair,2,59,2.000,2.131,7,7,1.775,1.000,6716,545,0
pair,2,60,3.000,3.143,6,11,10.225,0.000,4192,1899,2
pair,2,61,2.000,2.087,5,6,1.928,1.000,6609,598,0
pair,2,62,2.400,2.069,5,6,1.868,1.000,6508,660,0
pair,2,63,2.400,2.032,5,5,1.911,1.000,6468,676,0
pair,2,64,2.400,1.952,6,5,1.981,1.000,6724,536,0
