arm,m,seed,res_f,res_s,ext_ev_f,ext_ev_s,phi0_cross,phi0_own,n_ext_samples,b_base,b_pair,b_dpair,min_cross_share,sp_overlap_exc,sp_drift_R,runlen_obs,runlen_null
order,8,1,0,0,764,0,0.048,0,21,2182,480,0,0.000,,,,
order,8,2,0,0,0,17450,0.015,0,472,2337,328,0,0.000,,,,
order,8,3,0,0,0,20951,0.034,0,566,2334,330,0,0.000,,,,
order,8,4,0,0,14165,0,0.052,0,383,2033,628,0,0.000,,,,
order,8,5,0,0,0,15326,0.019,0,414,2282,382,0,0.000,,,,
order,8,6,0,0,18548,0,0.032,0,501,2024,640,0,0.000,,,,
order,8,7,0,0,14633,0,0.040,0,396,2071,592,0,0.000,,,,
order,8,8,0,0,15209,0,0.034,0,411,2088,572,0,0.000,,,,
order,8,9,0,0,0,21752,0.024,0,588,2331,334,0,0.000,,,,
order,8,10,0,0,0,16838,0.024,0,455,2290,374,0,0.000,,,,
order,8,11,0,0,0,14678,0.018,0,397,2283,382,0,0.000,,,,
order,8,12,0,0,15650,0,0.045,0,423,2092,570,0,0.000,,,,
order,8,13,0,0,0,22904,0.015,0,619,2350,314,0,0.000,,,,
order,8,14,0,0,20951,0,0.041,0,566,2023,640,0,0.000,,,,
order,8,15,0,0,22949,0,0.047,0,620,2075,588,0,0.000,,,,
order,8,16,0,0,0,23867,0.017,0,645,2320,344,0,0.000,,,,
order,8,17,0,0,0,21266,0.024,0,575,2341,322,0,0.000,,,,
order,8,18,0,0,23039,0,0.032,0,623,2026,636,0,0.000,,,,
order,8,19,0,0,0,22094,0.022,0,597,2315,348,0,0.000,,,,
order,8,20,0,0,18764,0,0.057,0,507,2088,572,0,0.000,,,,
order,8,21,0,0,0,23111,0.018,0,625,2288,374,0,0.000,,,,
order,8,22,0,0,0,11852,0.041,0,320,2277,388,0,0.000,,,,
order,8,23,0,0,20465,0,0.042,0,553,2037,624,0,0.000,,,,
order,8,24,0,0,0,23696,0.011,0,641,2345,318,0,0.000,,,,
order,8,25,0,0,8243,0,0.054,0,223,2169,494,0,0.000,,,,
order,8,26,0,0,0,22868,0.024,0,618,2314,350,0,0.000,,,,
order,8,27,0,0,14741,0,0.048,0,399,2040,622,0,0.000,,,,
order,8,28,0,0,20609,0,0.052,0,557,2033,628,0,0.000,,,,
order,8,29,0,0,0,23075,0.016,0,624,2389,274,0,0.000,,,,
order,8,30,0,0,17909,0,0.050,0,484,2052,610,0,0.000,,,,
order,8,31,0,0,12878,0,0.057,0,348,2172,490,0,0.000,,,,
order,8,32,0,0,0,18575,0.014,0,502,2283,382,0,0.000,,,,
order,4,1,0,0,20954,0,0.147,0,566,2929,1864,0,0.000,,,,
order,4,2,0,0,23699,0,0.176,0,641,2755,2034,0,0.000,,,,
order,4,3,0,0,0,23634,0.077,0,639,3444,1350,0,0.000,,,,
order,4,4,0,0,0,21794,0.097,0,589,3455,1340,0,0.000,,,,
order,4,5,0,0,0,20679,0.098,0,559,3439,1358,0,0.000,,,,
order,4,6,0,0,0,23304,0.116,0,630,3401,1394,0,0.000,,,,
order,4,7,0,0,0,23884,0.113,0,646,3416,1378,0,,,,,
order,4,8,0,0,23494,0,0.146,0,635,2832,1956,0,0.000,,,,
order,4,9,0,0,0,23489,0.126,0,635,3427,1370,0,0.000,,,,
order,4,10,0,0,0,23049,0.100,0,623,3398,1396,0,0.000,,,,
order,4,11,0,0,22349,0,0.166,0,604,2939,1854,0,0.000,,,,
order,4,12,0,0,21179,0,0.131,0,572,2862,1926,0,0.000,,,,
order,4,13,0,0,21779,0,0.153,0,589,2829,1960,0,0.000,,,,
order,4,14,0,0,20979,0,0.205,0,567,2835,1956,0,0.000,,,,
order,4,15,0,0,0,23024,0.119,0,622,3426,1370,0,0.000,,,,
order,4,16,0,0,0,23879,0.098,0,645,3477,1320,0,0.000,,,,
order,4,17,0,0,0,23809,0.103,0,643,3381,1412,0,0.000,,,,
order,4,18,0,0,23214,0,0.126,0,627,2811,1980,0,0.000,,,,
order,4,19,0,0,0,23479,0.083,0,635,3436,1360,0,0.000,,,,
order,4,20,0,0,0,20814,0.101,0,563,3378,1416,0,0.000,,,,
order,4,21,0,0,0,23874,0.085,0,645,3377,1420,0,0.000,,,,
order,4,22,0,0,0,23439,0.107,0,633,3444,1352,0,0.000,,,,
order,4,23,0,0,23309,0,0.179,0,630,2880,1904,0,0.000,,,,
order,4,24,0,0,23784,0,0.154,0,643,2804,1988,0,0.000,,,,
order,4,25,0,0,23264,0,0.149,0,629,2784,2006,0,0.000,,,,
order,4,26,0,0,23339,0,0.171,0,631,2866,1924,0,0.000,,,,
order,4,27,0,0,22534,0,0.151,0,609,2870,1922,0,0.000,,,,
order,4,28,0,0,0,19894,0.100,0,538,3475,1320,0,0.000,,,,
order,4,29,0,0,0,23609,0.097,0,638,3447,1348,0,0.000,,,,
order,4,30,0,0,0,22744,0.102,0,615,3451,1346,0,0.000,,,,
order,4,31,0,0,0,23769,0.103,0,642,3471,1324,0,0.000,,,,
order,4,32,0,0,22514,0,0.151,0,608,2834,1956,0,0.000,,,,
order,2,1,0,0,0,23870,0.340,0,645,4209,3778,0,0.000,,,,
order,2,2,0,0,23723,0,0.112,0,641,6765,1062,0,0.000,,,,
order,2,3,0,0,23605,0,0.114,0,638,6504,1324,0,0.000,,,,
order,2,4,0,0,23609,0,0.125,0,638,6609,1208,0,0.000,,,,
order,2,5,0,0,23407,0,0.104,0,632,6625,1186,0,0.000,,,,
order,2,6,0,0,0,23825,0.340,0,644,4222,3768,0,0.000,,,,
order,2,7,0,0,0,23792,0.344,0,643,4251,3740,0,0.000,,,,
order,2,8,0,0,0,23888,0.356,0,646,4233,3760,0,0.000,,,,
order,2,9,0,0,23562,0,0.141,0,637,6672,1162,0,0.000,,,,
order,2,10,0,0,0,23870,0.361,0,645,4322,3666,0,0.000,,,,
order,2,11,0,0,0,23888,0.348,0,646,4213,3778,0,,,,,
order,2,12,0,0,23704,0,0.112,0,641,6686,1106,0,,,,,
order,2,13,0,0,0,23801,0.365,0,643,4178,3814,0,0.000,,,,
order,2,14,0,0,0,23891,0.361,0,646,4086,3902,0,,,,,
order,2,15,0,0,23669,0,0.125,0,640,6524,1298,0,0.000,,,,
order,2,16,0,0,0,23834,0.349,0,644,4201,3790,0,0.000,,,,
order,2,17,0,0,23678,0,0.128,0,640,6718,1066,0,0.000,,,,
order,2,18,0,0,23700,0,0.137,0,641,6706,1112,0,0.000,,,,
order,2,19,0,0,23705,0,0.122,0,640,6788,1014,0,0.000,,,,
order,2,20,0,0,23664,0,0.125,0,640,6519,1314,0,0.000,,,,
order,2,21,0,0,0,23945,0.352,0,647,4261,3730,0,,,,,
order,2,22,0,0,23658,0,0.116,0,639,6642,1156,0,0.000,,,,
order,2,23,0,0,23639,0,0.128,0,639,6692,1114,0,0.000,,,,
order,2,24,0,0,23719,0,0.120,0,641,6667,1156,0,0.000,,,,
order,2,25,0,0,23689,0,0.142,0,641,6751,1068,0,0.000,,,,
order,2,26,0,0,23701,0,0.127,0,640,6543,1262,0,,,,,
order,2,27,0,0,23665,0,0.153,0,639,6573,1234,0,0.000,,,,
order,2,28,0,0,0,23906,0.342,0,646,4312,3678,0,0.000,,,,
order,2,29,0,0,23668,0,0.121,0,639,6745,1056,0,0.000,,,,
order,2,30,0,0,23598,0,0.118,0,638,6738,1058,0,0.000,,,,
order,2,31,0,0,0,23906,0.401,0,646,4140,3848,0,,,,,
order,2,32,0,0,23727,0,0.123,0,642,6809,972,0,,,,,
para,8,1,1,0,34,0,0,0,1,2124,256,282,0.248,0.061,0.504,2.652,1.485
para,8,2,1,0,56,0,0,0,1,2106,282,274,0.282,0.087,0.565,2.783,1.433
para,8,3,0,0,0,0,,,0,2129,286,248,0.192,0.124,0.698,2.910,1.400
para,8,4,0,0,0,0,,,0,2119,284,260,0.267,0.099,0.622,2.639,1.455
para,8,5,1,0,148,0,0.250,0,4,2128,270,266,0.260,0.072,0.534,2.742,1.475
para,8,6,0,0,0,0,,,0,2126,250,288,0.222,0.110,0.774,2.669,1.455
para,8,7,2,0,23,0,0,0,2,2110,280,272,0.287,0.094,0.520,2.668,1.474
para,8,8,1,0,29,0,0,0,1,2134,262,268,0.244,0.070,0.477,2.758,1.475
para,8,9,1,0,174,0,0,0,5,2119,298,242,0.229,0.093,0.565,2.890,1.478
para,8,10,2,0,136,0,0,0,3,2155,228,280,0.241,0.085,0.716,2.623,1.423
para,8,11,1,0,91,0,0,0,3,2085,292,286,0.233,0.069,0.575,2.486,1.498
para,8,12,3,0,87,0,0,0,3,2107,286,270,0.273,0.129,0.685,2.842,1.406
para,8,13,1,0,1,0,,,0,2090,286,288,0.296,0.092,0.621,3.210,1.474
para,8,14,0,0,0,0,,,0,2097,270,296,0.232,0.103,0.599,2.877,1.497
para,8,15,1,0,87,0,0,0,2,2107,272,286,0.261,0.083,0.794,2.970,1.472
para,8,16,1,1,47,21,0,0,1,2087,250,326,0.322,0.046,0.614,2.747,1.502
para,8,17,0,0,0,0,,,0,2151,242,270,0.210,0.133,0.834,2.799,1.490
para,8,18,0,0,0,0,,,0,2104,296,266,0.231,0.094,0.462,2.981,1.476
para,8,19,0,0,0,0,,,0,2087,308,268,0.196,0.053,0.611,2.695,1.489
para,8,20,2,0,80,0,0,0,2,2081,272,308,0.261,0.087,0.795,2.930,1.500
para,8,21,1,0,49,0,0,0,1,2180,256,228,0.174,0.144,0.573,2.819,1.448
para,8,22,2,0,551,0,0.071,0,14,2112,284,268,0.300,0.078,0.632,2.930,1.465
para,8,23,0,0,0,0,,,0,2132,276,256,0.210,0.082,0.733,2.913,1.516
para,8,24,2,0,155,0,0,0,4,2117,274,274,0.267,0.101,0.585,2.667,1.400
para,8,25,0,0,0,0,,,0,2154,250,260,0.222,0.073,0.715,2.828,1.519
para,8,26,1,1,52,62,0.333,0,3,2067,314,282,0.249,0.080,0.476,2.705,1.410
para,8,27,0,3,0,54,0,0,1,2131,276,256,0.269,0.126,0.628,2.814,1.451
para,8,28,1,0,265,0,0,0,7,2105,278,278,0.213,0.072,0.628,2.513,1.431
para,8,29,2,0,233,0,0,0,6,2048,298,318,0.263,0.068,0.801,2.421,1.421
para,8,30,5,0,168,0,0,0,5,2108,280,274,0.284,0.101,0.510,2.384,1.395
para,8,31,0,0,0,0,,,0,2163,262,238,0.189,0.112,0.582,3.076,1.457
para,8,32,1,2,65,141,0,0,6,2137,260,268,0.273,0.086,0.744,2.869,1.434
para,4,1,13,0,561,0,0.250,0,16,2887,944,964,0.472,0.010,0.127,2.149,1.361
para,4,2,11,0,372,0,0.100,0,10,2892,922,978,0.503,-0.010,0.113,2.206,1.386
para,4,3,5,0,152,0,0,0,4,2938,922,932,0.441,0.086,0.338,2.111,1.355
para,4,4,8,0,441,0,0.182,0,11,2910,966,918,0.476,0.007,0.320,1.931,1.338
para,4,5,9,0,181,0,0.333,0,3,2824,998,972,0.441,0.000,0.644,2.034,1.362
para,4,6,17,0,528,0,0,0,15,2865,940,990,0.459,0.038,0.176,1.969,1.341
para,4,7,13,2,595,116,0.100,0,20,2865,986,942,0.470,0.042,0.052,2.156,1.348
para,4,8,3,0,136,0,0.333,0,3,2836,950,1006,0.489,0.058,0.371,2.316,1.384
para,4,9,11,0,286,0,0.222,0,9,2897,916,976,0.449,0.099,0.203,1.946,1.355
para,4,10,10,0,231,0,0,0,6,2818,1014,958,0.452,0.038,0.350,1.907,1.366
para,4,11,14,2,504,65,0.118,0,17,2843,1014,936,0.446,0.047,0.383,2.066,1.341
para,4,12,15,0,595,0,0.188,0,16,2822,1024,946,0.441,0.078,0.262,1.874,1.330
para,4,13,12,0,462,0,0.273,0,11,2892,954,948,0.462,0.049,0.371,1.962,1.333
para,4,14,16,1,497,3,0.357,0,14,2885,960,950,0.437,0.062,0.160,2.016,1.338
para,4,15,17,0,513,0,0.231,0,13,2833,976,984,0.456,0.044,0.133,2.065,1.396
para,4,16,8,0,247,0,0.125,0,8,2836,980,976,0.468,0.079,0.520,1.989,1.373
para,4,17,14,0,487,0,0.083,0,12,2887,926,978,0.444,0.040,0.247,2.137,1.362
para,4,18,11,0,425,0,0,0,12,2836,976,980,0.463,0.062,0.306,2.003,1.366
para,4,19,12,0,256,0,0.333,0,6,2834,1046,914,0.445,0.046,0.338,2.201,1.370
para,4,20,7,1,307,37,0.100,0,10,2908,946,938,0.422,0.128,0.372,2.465,1.403
para,4,21,7,0,497,0,0.231,0,13,2877,964,952,0.446,0.039,0.094,2.373,1.411
para,4,22,14,1,343,3,0.100,0,10,2873,960,956,0.460,0.044,0.507,2.179,1.338
para,4,23,13,0,730,0,0.250,0,20,2929,882,982,0.486,0.073,0.426,2.100,1.349
para,4,24,1,1,59,9,0,0,2,2872,954,968,0.446,0.010,0.247,2.147,1.403
para,4,25,9,0,253,0,0,0,5,2864,998,930,0.488,0.072,0.103,2.307,1.357
para,4,26,6,0,347,0,0.182,0,11,2912,910,970,0.442,0.034,0.355,2.260,1.419
para,4,27,6,2,243,59,0.143,0,7,2843,1024,926,0.444,0.050,0.229,2.179,1.351
para,4,28,10,0,263,0,0,0,6,2871,938,976,0.457,0.018,0.286,2.236,1.351
para,4,29,7,0,153,0,0.250,0,4,2872,926,998,0.451,-0.006,0.158,1.906,1.332
para,4,30,9,1,586,31,0.176,0,17,2962,972,860,0.419,0.030,0.318,1.929,1.379
para,4,31,13,2,623,119,0.050,0,20,2969,924,896,0.461,0.050,0.290,2.216,1.359
para,4,32,9,1,212,8,0.143,0,7,2930,946,916,0.453,0.060,0.217,2.129,1.345
para,2,1,150,23,7655,352,0.160,0,212,4554,1710,1666,0.652,0.050,0.104,1.571,1.181
para,2,2,154,26,6695,438,0.121,0,190,4603,1562,1756,0.687,0.061,0.594,1.524,1.216
para,2,3,150,27,7259,392,0.163,0,208,4523,1760,1656,0.667,0.003,,1.583,1.260
para,2,4,126,19,7367,251,0.158,0,202,4652,1720,1546,0.637,0.020,0.239,1.464,1.243
para,2,5,163,25,8601,246,0.095,0,242,4763,1522,1622,0.713,0.038,,1.581,1.196
para,2,6,151,31,5898,434,0.179,0,173,4476,1708,1762,0.655,0.050,0.235,1.636,1.211
para,2,7,154,28,6206,416,0.151,0,185,4423,1750,1758,0.672,0.024,,1.651,1.196
para,2,8,180,15,8031,222,0.163,0,233,4604,1656,1666,0.685,0.062,,1.667,1.218
para,2,9,158,28,6825,460,0.199,0,191,4520,1782,1642,0.639,0.061,0.433,1.518,1.205
para,2,10,161,18,7894,212,0.167,0,215,4619,1650,1658,0.694,0.042,0.354,1.558,1.177
para,2,11,160,23,6233,390,0.186,0,177,4344,1764,1830,0.716,0.110,0.233,1.603,1.202
para,2,12,157,16,7990,166,0.140,0,222,4674,1594,1646,0.700,0.090,0.416,1.648,1.291
para,2,13,155,29,7984,343,0.121,0,232,4807,1508,1606,0.649,0.061,0.086,1.662,1.204
para,2,14,148,18,7440,217,0.181,0,210,4623,1618,1668,0.671,-0.005,0.104,1.453,1.206
para,2,15,143,19,6197,239,0.116,0,172,4329,1828,1766,0.686,0.107,0.452,1.373,1.221
para,2,16,145,14,6787,173,0.168,0,185,4560,1646,1718,0.672,0.056,0.626,1.583,1.195
para,2,17,155,32,7727,429,0.109,0,221,4706,1588,1630,0.682,0.125,0.451,1.598,1.183
para,2,18,170,17,8853,217,0.106,0,246,4843,1528,1554,0.664,0.086,,1.586,1.157
para,2,19,155,17,7053,130,0.185,0,189,4509,1762,1658,0.645,0.098,0.526,1.638,1.219
para,2,20,148,19,8918,252,0.169,0,249,4790,1604,1508,0.689,-0.006,,1.523,1.176
para,2,21,159,31,6648,444,0.166,0,193,4585,1592,1756,0.673,0.118,0.628,1.608,1.231
para,2,22,135,30,5175,370,0.195,0,149,4389,1716,1828,0.678,0.079,0.499,1.800,1.270
para,2,23,178,26,8205,227,0.175,0,217,4829,1540,1564,0.658,0.137,0.589,1.487,1.166
para,2,24,133,26,7194,293,0.142,0,190,4636,1632,1664,0.671,0.124,0.615,1.544,1.205
para,2,25,159,31,6925,489,0.184,0,196,4488,1772,1678,0.689,0.040,0.354,1.545,1.214
para,2,26,151,23,7506,272,0.142,0,204,4638,1652,1638,0.693,0.050,0.152,1.698,1.238
para,2,27,148,22,7829,310,0.185,0,216,4726,1580,1612,0.694,0.084,0.245,1.500,1.267
para,2,28,137,21,9597,377,0.152,0,270,4997,1576,1338,0.658,0.062,0.908,1.671,1.155
para,2,29,190,24,7917,241,0.152,0,217,4697,1574,1654,0.686,0.089,0.368,1.644,1.251
para,2,30,155,23,7874,276,0.160,0,225,4691,1626,1606,0.675,-0.035,,1.678,1.241
para,2,31,140,19,7827,398,0.154,0,221,4637,1656,1614,0.689,0.062,,1.707,1.219
para,2,32,137,20,6966,267,0.114,0,202,4601,1602,1718,0.690,0.065,,1.532,1.277
paraonly,8,1,1,0,22,0,0,0,1,2251,0,410,0.365,0.038,0.331,2.509,1.451
paraonly,8,2,0,0,0,0,,,0,2288,0,376,0.280,0.092,0.722,2.495,1.487
paraonly,8,3,1,0,80,0,0,0,2,2298,0,366,0.326,0.054,0.745,2.543,1.550
paraonly,8,4,0,0,0,0,,,0,2226,0,436,0.369,0.071,0.663,2.659,1.500
paraonly,8,5,1,0,118,0,0.333,0,3,2243,0,420,0.269,0.105,0.520,2.421,1.438
paraonly,8,6,0,0,0,0,,,0,2202,0,462,0.360,0.075,0.579,2.714,1.510
paraonly,8,7,0,0,0,0,,,0,2270,0,394,0.331,0.075,0.542,2.756,1.520
paraonly,8,8,3,0,163,0,0,0,5,2205,0,456,0.367,0.051,0.525,2.418,1.519
paraonly,8,9,1,1,94,8,0,0,2,2288,0,374,0.350,0.072,0.559,2.553,1.513
paraonly,8,10,1,0,130,0,0,0,3,2239,0,426,0.337,0.068,0.559,2.579,1.439
paraonly,8,11,2,0,55,0,0,0,2,2274,0,390,0.350,0.076,0.504,2.493,1.475
paraonly,8,12,0,0,0,0,,,0,2268,0,396,0.295,0.090,0.470,2.623,1.451
paraonly,8,13,2,0,84,0,0.500,0,2,2214,0,450,0.374,0.089,0.381,2.390,1.440
paraonly,8,14,1,0,111,0,0.333,0,3,2264,0,400,0.359,0.084,0.504,2.523,1.468
paraonly,8,15,1,0,84,0,0,0,2,2263,0,398,0.317,0.104,0.744,2.682,1.533
paraonly,8,16,0,2,0,160,0,0,4,2279,0,384,0.368,0.099,0.371,2.439,1.443
paraonly,8,17,1,0,38,0,0,0,1,2296,0,366,0.274,0.052,0.689,2.402,1.508
paraonly,8,18,2,0,84,0,0,0,2,2240,0,422,0.378,0.052,0.421,2.420,1.521
paraonly,8,19,1,0,30,0,0,0,1,2259,0,404,0.299,0.072,0.366,2.495,1.466
paraonly,8,20,1,1,26,169,0,0,4,2289,0,374,0.335,0.042,0.540,2.607,1.459
paraonly,8,21,0,0,0,0,,,0,2273,0,388,0.325,0.063,0.505,2.375,1.466
paraonly,8,22,1,0,1,0,,,0,2250,0,412,0.314,0.093,0.435,2.762,1.498
paraonly,8,23,0,0,0,0,,,0,2232,0,432,0.343,0.064,0.269,2.625,1.472
paraonly,8,24,0,0,0,0,,,0,2231,0,432,0.373,0.080,0.495,2.570,1.528
paraonly,8,25,0,0,0,0,,,0,2228,0,434,0.368,0.069,0.642,2.276,1.435
paraonly,8,26,0,0,0,0,,,0,2249,0,414,0.387,0.060,0.262,2.600,1.506
paraonly,8,27,0,0,0,0,,,0,2267,0,396,0.321,0.055,0.672,2.382,1.456
paraonly,8,28,3,0,85,0,0.500,0,2,2249,0,414,0.359,0.058,0.345,2.342,1.468
paraonly,8,29,0,0,0,0,,,0,2228,0,434,0.294,0.074,0.766,2.677,1.529
paraonly,8,30,0,0,0,0,,,0,2247,0,416,0.312,0.050,0.529,2.466,1.492
paraonly,8,31,0,0,0,0,,,0,2267,0,396,0.376,0.090,0.259,2.670,1.532
paraonly,8,32,0,0,0,0,,,0,2254,0,408,0.285,0.083,0.696,2.783,1.471
paraonly,4,1,9,0,320,0,0.200,0,10,3314,0,1476,0.546,0.016,0.390,1.671,1.362
paraonly,4,2,11,0,338,0,0.143,0,7,3197,0,1594,0.647,0.068,0.306,1.831,1.358
paraonly,4,3,7,0,83,0,1,0,1,3308,0,1486,0.582,0.030,0.325,1.875,1.388
paraonly,4,4,12,0,143,0,0.400,0,5,3289,0,1506,0.619,0.017,0.069,1.868,1.368
paraonly,4,5,18,0,309,0,0.273,0,11,3253,0,1542,0.626,0.046,0.216,1.928,1.346
paraonly,4,6,3,0,81,0,0,0,1,3251,0,1538,0.628,0.048,0.344,1.786,1.400
paraonly,4,7,6,1,213,14,0.143,0,7,3374,0,1422,0.601,0.006,0.214,1.870,1.392
paraonly,4,8,12,0,234,0,0.286,0,7,3262,0,1534,0.639,0.047,0.299,1.955,1.337
paraonly,4,9,12,0,278,0,0.250,0,8,3271,0,1514,0.575,0.034,0.296,2.015,1.433
paraonly,4,10,7,0,153,0,0.333,0,3,3266,0,1522,0.607,0.038,0.298,1.775,1.373
paraonly,4,11,11,2,331,40,0.100,0,10,3284,0,1506,0.650,0.021,0.146,1.799,1.344
paraonly,4,12,5,0,49,0,0,0,2,3282,0,1516,0.619,0.053,0.153,1.794,1.382
paraonly,4,13,6,0,166,0,0,0,4,3244,0,1550,0.639,0.065,0.356,1.789,1.396
paraonly,4,14,5,0,86,0,0,0,3,3307,0,1486,0.593,0.032,0.271,1.903,1.383
paraonly,4,15,10,0,209,0,0.400,0,5,3305,0,1490,0.650,0.057,0.078,2.023,1.405
paraonly,4,16,8,1,176,107,0.222,0,9,3209,0,1584,0.599,0.026,0.344,2.001,1.409
paraonly,4,17,9,0,198,0,0.400,0,5,3316,0,1472,0.588,0.049,0.221,1.840,1.362
paraonly,4,18,6,0,164,0,0.250,0,4,3247,0,1546,0.610,0.044,0.282,1.875,1.412
paraonly,4,19,8,0,264,0,0,0,6,3258,0,1534,0.601,0.030,0.391,1.891,1.388
paraonly,4,20,6,0,118,0,0,0,3,3242,0,1548,0.596,-0.016,0.233,2.044,1.419
paraonly,4,21,6,0,110,0,0,0,2,3252,0,1536,0.604,-0.002,0.153,1.936,1.369
paraonly,4,22,5,0,196,0,0.200,0,5,3249,0,1546,0.599,0.013,0.202,1.934,1.393
paraonly,4,23,9,0,271,0,0.143,0,7,3282,0,1508,0.614,0.020,0.095,1.980,1.380
paraonly,4,24,9,1,370,6,0.222,0,9,3256,0,1538,0.602,0.037,0.279,1.983,1.419
paraonly,4,25,5,0,156,0,0,0,4,3227,0,1564,0.617,0.033,0.191,1.918,1.376
paraonly,4,26,11,0,345,0,0,0,10,3299,0,1488,0.629,-0.005,0.314,1.849,1.438
paraonly,4,27,6,0,87,0,0,0,3,3308,0,1486,0.619,0.016,0.090,2.009,1.421
paraonly,4,28,3,0,84,0,0,0,2,3245,0,1544,0.597,0.032,0.099,1.830,1.392
paraonly,4,29,4,0,93,0,0,0,4,3277,0,1518,0.614,0.071,0.410,1.948,1.383
paraonly,4,30,13,0,248,0,0,0,7,3219,0,1572,0.612,-0.000,0.213,1.632,1.362
paraonly,4,31,4,0,121,0,0,0,2,3325,0,1472,0.636,0.011,0.114,1.923,1.407
paraonly,4,32,5,0,71,0,0,0,2,3197,0,1594,0.656,0.069,0.288,1.831,1.390
paraonly,2,1,206,26,7231,260,0.167,0,203,5634,0,2284,0.795,0.014,,1.442,1.206
paraonly,2,2,219,26,7548,183,0.183,0,213,5619,0,2300,0.775,0.073,0.467,1.419,1.221
paraonly,2,3,196,30,7507,257,0.153,0,202,5625,0,2280,0.767,0.067,0.901,1.395,1.218
paraonly,2,4,215,28,7914,182,0.103,0,213,5758,0,2142,0.757,0.000,,1.408,1.242
paraonly,2,5,208,33,8692,227,0.179,0,240,5803,0,2080,0.785,0.064,0.486,1.458,1.228
paraonly,2,6,197,34,8957,218,0.106,0,245,5817,0,2072,0.731,0.058,,1.364,1.179
paraonly,2,7,179,32,6267,238,0.191,0,173,5436,0,2494,0.762,0.010,0.943,1.589,1.255
paraonly,2,8,188,20,7287,120,0.141,0,192,5505,0,2402,0.761,0.130,0.451,1.581,1.248
paraonly,2,9,177,32,6436,246,0.109,0,183,5448,0,2462,0.761,0.018,0.653,1.522,1.215
paraonly,2,10,207,28,7308,203,0.188,0,218,5665,0,2248,0.740,0.162,0.150,1.551,1.274
paraonly,2,11,201,21,6968,120,0.162,0,197,5524,0,2396,0.787,0.155,0.553,1.569,1.219
paraonly,2,12,203,30,8929,196,0.124,0,242,5803,0,2086,0.760,0.108,0.465,1.538,1.251
paraonly,2,13,209,23,8680,220,0.169,0,242,5721,0,2180,0.772,0.019,,1.482,1.196
paraonly,2,14,209,36,7049,262,0.207,0,208,5629,0,2282,0.751,0.054,0.549,1.561,1.208
paraonly,2,15,196,19,8142,104,0.112,0,224,5663,0,2244,0.793,0.055,,1.529,1.214
paraonly,2,16,189,27,7121,213,0.135,0,200,5486,0,2418,0.769,0.029,0.221,1.521,1.256
paraonly,2,17,184,16,7218,76,0.155,0,194,5515,0,2398,0.780,0.181,0.217,1.615,1.277
paraonly,2,18,242,25,8292,188,0.154,0,228,5775,0,2126,0.756,0.160,0.247,1.641,1.178
paraonly,2,19,231,24,8251,240,0.176,0,233,5812,0,2106,0.775,0.073,,1.501,1.235
paraonly,2,20,191,31,6486,282,0.175,0,183,5497,0,2434,0.770,0.060,0.235,1.566,1.250
paraonly,2,21,201,26,7527,196,0.170,0,212,5665,0,2242,0.772,0.126,0.729,1.456,1.249
paraonly,2,22,190,23,6937,130,0.155,0,194,5452,0,2460,0.789,0.070,0.278,1.347,1.221
paraonly,2,23,200,18,7847,169,0.151,0,218,5583,0,2318,0.796,-0.029,,1.432,1.277
paraonly,2,24,201,19,8354,150,0.161,0,230,5721,0,2178,0.785,0.078,0.420,1.459,1.148
paraonly,2,25,224,32,7384,240,0.178,0,208,5650,0,2252,0.769,0.043,,1.524,1.251
paraonly,2,26,180,20,6324,146,0.159,0,170,5381,0,2552,0.785,-0.013,0.433,1.474,1.220
paraonly,2,27,205,19,7689,149,0.153,0,209,5618,0,2286,0.768,0.090,0.711,1.454,1.192
paraonly,2,28,209,23,7817,179,0.155,0,219,5667,0,2236,0.772,0.017,,1.427,1.268
paraonly,2,29,228,20,7535,200,0.179,0,207,5598,0,2316,0.770,0.060,0.368,1.443,1.201
paraonly,2,30,213,33,7481,297,0.207,0,217,5524,0,2384,0.764,-0.063,,1.421,1.192
paraonly,2,31,187,19,7694,167,0.167,0,209,5609,0,2308,0.766,0.013,,1.423,1.290
paraonly,2,32,173,25,7545,260,0.148,0,216,5636,0,2280,0.754,0.032,,1.512,1.220
