arm,m,seed,rho_init,rho_lastq,runmean_lastq,tape_lastq,s_share_lastq,fidelity,rho_traj,rho_osc,rep_base,rep_pair,rep_mut,rep_dpair
plain,8,1,0.583,0.000,6.475,17.150,1.000,1.000,0.10;0.11;0.00;0.00;0.00;0.00;0.00;0.00,0.000,2660,0,0,0
plain,8,2,0.417,0.000,12.902,19.658,0.000,1.000,0.06;0.07;0.09;0.06;0.00;0.00;0.00;0.00,0.040,2664,0,0,0
plain,8,3,0.333,0.000,12.062,19.583,0.000,1.000,0.17;0.00;0.00;0.00;0.00;0.00;0.00;0.00,0.000,2663,0,0,0
plain,8,4,0.333,0.000,5.309,16.242,1.000,1.000,0.07;0.00;0.00;0.00;0.00;0.00;0.00;0.00,0.000,2661,0,0,0
plain,8,5,0.500,0.000,4.923,16.142,1.000,1.000,0.00;0.00;0.00;0.00;0.00;0.00;0.00;0.00,0.000,2660,0,0,0
plain,8,6,0.500,0.000,5.908,16.867,1.000,1.000,0.06;0.10;0.10;0.00;0.00;0.00;0.00;0.00,0.000,2661,0,0,0
plain,8,7,0.417,0.000,5.508,16.358,1.000,1.000,0.06;0.00;0.00;0.00;0.00;0.00;0.00;0.00,0.000,2662,0,0,0
plain,8,8,0.583,0.000,12.192,19.675,0.000,1.000,0.00;0.00;0.00;0.00;0.00;0.00;0.00;0.00,0.000,2664,0,0,0
plain,8,9,0.667,0.000,5.455,16.483,1.000,1.000,0.07;0.00;0.00;0.00;0.00;0.00;0.00;0.00,0.000,2658,0,0,0
plain,8,10,0.500,0.083,5.306,18.775,0.386,1.000,0.06;0.06;0.05;0.00;0.09;0.00;0.10;0.05,0.034,2663,0,0,0
plain,8,11,0.583,0.000,12.815,19.725,0.000,1.000,0.00;0.00;0.00;0.00;0.00;0.00;0.00;0.00,0.000,2665,0,0,0
plain,8,12,0.583,0.000,12.258,19.692,0.000,1.000,0.00;0.00;0.00;0.00;0.00;0.00;0.00;0.00,0.000,2665,0,0,0
plain,8,13,0.500,0.000,5.056,16.417,1.000,1.000,0.06;0.00;0.00;0.00;0.00;0.00;0.00;0.00,0.000,2663,0,0,0
plain,8,14,0.500,0.000,13.938,19.908,0.000,1.000,0.12;0.11;0.12;0.00;0.00;0.00;0.00;0.00,0.000,2665,0,0,0
plain,8,15,0.417,0.000,5.713,16.650,1.000,1.000,0.00;0.00;0.00;0.00;0.00;0.00;0.00;0.00,0.000,2661,0,0,0
plain,8,16,0.583,0.000,13.167,19.717,0.000,1.000,0.00;0.00;0.00;0.00;0.00;0.00;0.00;0.00,0.000,2664,0,0,0
plain,8,17,0.667,0.000,5.466,16.475,1.000,1.000,0.05;0.13;0.00;0.00;0.00;0.00;0.00;0.00,0.000,2660,0,0,0
plain,8,18,0.500,0.000,5.615,16.567,1.000,1.000,0.00;0.00;0.00;0.00;0.00;0.00;0.00;0.00,0.000,2662,0,0,0
plain,8,19,0.417,0.000,13.179,19.808,0.000,1.000,0.11;0.06;0.00;0.00;0.00;0.00;0.00;0.00,0.000,2664,0,0,0
plain,8,20,0.417,0.000,4.696,16.042,1.000,1.000,0.00;0.00;0.00;0.00;0.00;0.00;0.00;0.00,0.000,2660,0,0,0
plain,8,21,0.417,0.000,13.834,19.792,0.000,1.000,0.00;0.00;0.00;0.00;0.00;0.00;0.00;0.00,0.000,2663,0,0,0
plain,8,22,0.500,0.000,13.079,19.858,0.000,1.000,0.09;0.11;0.00;0.00;0.00;0.00;0.00;0.00,0.000,2665,0,0,0
plain,8,23,0.500,0.000,4.612,16,1.000,1.000,0.12;0.00;0.00;0.00;0.00;0.00;0.00;0.00,0.000,2660,0,0,0
plain,8,24,0.500,0.000,12.914,19.683,0.000,1.000,0.00;0.00;0.00;0.00;0.00;0.00;0.00;0.00,0.000,2663,0,0,0
plain,8,25,0.417,0.000,11.713,19.583,0.000,1.000,0.10;0.12;0.10;0.11;0.00;0.00;0.00;0.00,0.028,2665,0,0,0
plain,8,26,0.667,0.000,13.692,19.908,0.000,1.000,0.11;0.05;0.00;0.00;0.00;0.00;0.00;0.00,0.000,2663,0,0,0
plain,8,27,0.333,0.000,5.662,16.808,1.000,1.000,0.06;0.00;0.00;0.00;0.00;0.00;0.00;0.00,0.000,2661,0,0,0
plain,8,28,0.333,0.000,12.822,19.733,0.000,1.000,0.06;0.00;0.00;0.00;0.00;0.00;0.00;0.00,0.000,2664,0,0,0
plain,8,29,0.333,0.029,9.870,19.500,0.082,1.000,0.09;0.00;0.11;0.00;0.05;0.05;0.00;0.00,0.049,2665,0,0,0
plain,8,30,0.500,0.000,5.391,16.792,1.000,1.000,0.00;0.00;0.00;0.00;0.00;0.00;0.00;0.00,0.000,2662,0,0,0
plain,8,31,0.500,0.000,13.034,19.850,0.000,1.000,0.00;0.00;0.00;0.00;0.00;0.00;0.00;0.00,0.000,2664,0,0,0
plain,8,32,0.583,0.000,11.530,19.608,0.000,1.000,0.00;0.10;0.00;0.00;0.00;0.00;0.00;0.00,0.000,2666,0,0,0
plain,4,1,0.583,0.000,4.934,15.942,0.000,1.000,0.00;0.00;0.00;0.00;0.00;0.00;0.00;0.00,0.000,4794,0,0,0
plain,4,2,0.417,0.000,4.346,15.492,0.000,1.000,0.00;0.00;0.00;0.00;0.00;0.00;0.00;0.00,0.000,4796,0,0,0
plain,4,3,0.333,0.000,2.829,5.175,1.000,1.000,0.00;0.00;0.00;0.00;0.00;0.00;0.00;0.00,0.000,4784,0,0,0
plain,4,4,0.333,0.000,3.074,5.283,1.000,1.000,0.00;0.00;0.00;0.00;0.00;0.00;0.00;0.00,0.000,4786,0,0,0
plain,4,5,0.500,0.000,2.906,5.542,1.000,1.000,0.00;0.00;0.00;0.00;0.00;0.00;0.00;0.00,0.000,4783,0,0,0
plain,4,6,0.500,0.000,2.799,6.892,1.000,1.000,0.00;0.00;0.00;0.00;0.00;0.00;0.00;0.00,0.000,4784,0,0,0
plain,4,7,0.417,0.000,5.281,15.850,0.000,1.000,0.00;0.00;0.00;0.00;0.00;0.00;0.00;0.00,0.000,4792,0,0,0
plain,4,8,0.583,0.000,4.805,15.767,0.000,1.000,0.00;0.00;0.00;0.00;0.00;0.00;0.00;0.00,0.000,4795,0,0,0
plain,4,9,0.667,0.000,3.116,6.658,1.000,1.000,0.00;0.00;0.00;0.00;0.00;0.00;0.00;0.00,0.000,4781,0,0,0
plain,4,10,0.500,0.000,2.970,6.958,1.000,1.000,0.00;0.00;0.00;0.00;0.00;0.00;0.00;0.00,0.000,4794,0,0,0
plain,4,11,0.583,0.000,4.549,15.833,0.000,1.000,0.00;0.00;0.00;0.00;0.00;0.00;0.00;0.00,0.000,4797,0,0,0
plain,4,12,0.583,0.000,3.150,6.042,1.000,1.000,0.00;0.00;0.00;0.00;0.00;0.00;0.00;0.00,0.000,4782,0,0,0
plain,4,13,0.500,0.000,4.884,15.758,0.000,1.000,0.00;0.00;0.00;0.00;0.00;0.00;0.00;0.00,0.000,4793,0,0,0
plain,4,14,0.500,0.000,4.747,15.625,0.000,1.000,0.00;0.00;0.00;0.00;0.00;0.00;0.00;0.00,0.000,4794,0,0,0
plain,4,15,0.417,0.000,2.917,6.850,1.000,1.000,0.00;0.00;0.00;0.00;0.00;0.00;0.00;0.00,0.000,4787,0,0,0
plain,4,16,0.583,0.000,4.278,15.517,0.000,1.000,0.00;0.00;0.00;0.00;0.00;0.00;0.00;0.00,0.000,4794,0,0,0
plain,4,17,0.667,0.000,4.724,15.792,0.000,1.000,0.00;0.00;0.00;0.00;0.00;0.00;0.00;0.00,0.000,4794,0,0,0
plain,4,18,0.500,0.000,4.961,15.758,0.000,1.000,0.00;0.00;0.00;0.00;0.00;0.00;0.00;0.00,0.000,4797,0,0,0
plain,4,19,0.417,0.000,5.047,15.767,0.000,1.000,0.00;0.00;0.00;0.00;0.00;0.00;0.00;0.00,0.000,4795,0,0,0
plain,4,20,0.417,0.000,3.070,6.225,1.000,1.000,0.00;0.00;0.00;0.00;0.00;0.00;0.00;0.00,0.000,4790,0,0,0
plain,4,21,0.417,0.000,5.067,16.258,0.000,1.000,0.00;0.00;0.00;0.00;0.00;0.00;0.00;0.00,0.000,4793,0,0,0
plain,4,22,0.500,0.000,4.761,15.958,0.000,1.000,0.00;0.00;0.00;0.00;0.00;0.00;0.00;0.00,0.000,4795,0,0,0
plain,4,23,0.500,0.000,3.037,7.133,1.000,1.000,0.00;0.00;0.00;0.00;0.00;0.00;0.00;0.00,0.000,4783,0,0,0
plain,4,24,0.500,0.000,3.034,6.167,1.000,1.000,0.00;0.00;0.00;0.00;0.00;0.00;0.00;0.00,0.000,4787,0,0,0
plain,4,25,0.417,0.000,2.918,4.742,1.000,1.000,0.00;0.00;0.00;0.00;0.00;0.00;0.00;0.00,0.000,4784,0,0,0
plain,4,26,0.667,0.000,4.308,15.367,0.000,1.000,0.00;0.00;0.00;0.00;0.00;0.00;0.00;0.00,0.000,4797,0,0,0
plain,4,27,0.333,0.000,2.904,7.375,1.000,1.000,0.00;0.00;0.00;0.00;0.00;0.00;0.00;0.00,0.000,4785,0,0,0
plain,4,28,0.333,0.000,2.780,6.392,1.000,1.000,0.00;0.00;0.00;0.00;0.00;0.00;0.00;0.00,0.000,4779,0,0,0
plain,4,29,0.333,0.000,5.167,16.325,0.000,1.000,0.00;0.00;0.00;0.00;0.00;0.00;0.00;0.00,0.000,4794,0,0,0
plain,4,30,0.500,0.000,2.939,7.400,1.000,1.000,0.00;0.00;0.00;0.00;0.00;0.00;0.00;0.00,0.000,4784,0,0,0
plain,4,31,0.500,0.000,2.805,5.175,1.000,1.000,0.00;0.00;0.00;0.00;0.00;0.00;0.00;0.00,0.000,4781,0,0,0
plain,4,32,0.583,0.000,2.779,5.408,1.000,1.000,0.00;0.00;0.00;0.00;0.00;0.00;0.00;0.00,0.000,4783,0,0,0
plain,2,1,0.583,0.000,1.799,1.530,1.000,1.000,0.00;0.00;0.00;0.00;0.00;-;0.00;0.00,0.000,7756,0,0,0
plain,2,2,0.417,0.000,1.730,1.278,1.000,1.000,0.00;0.00;0.00;0.00;-;-;-;0.00,0.000,7787,0,0,0
plain,2,3,0.333,0.000,1.735,1.477,1.000,1.000,0.00;0.00;-;0.00;0.00;0.00;0.00;0.00,0.000,7771,0,0,0
plain,2,4,0.333,0.000,1.862,1.383,1.000,1.000,0.00;0.00;-;0.00;-;0.00;0.00;0.00,0.000,7778,0,0,0
plain,2,5,0.500,0.000,1.703,1.301,1.000,1.000,0.00;-;0.00;0.00;0.00;0.00;0.00;0.00,0.000,7753,0,0,0
plain,2,6,0.500,0.000,2.643,4.350,0.000,1.000,0.00;0.00;0.00;0.00;0.00;0.00;0.00;0.00,0.000,7985,0,0,0
plain,2,7,0.417,0.000,1.928,1.247,1.000,1.000,0.00;-;0.00;0.00;0.00;0.00;0.00;0.00,0.000,7761,0,0,0
plain,2,8,0.583,0.000,2.714,4.622,0.000,1.000,0.00;0.00;0.00;0.00;0.00;0.00;0.00;-,0.000,7981,0,0,0
plain,2,9,0.667,0.000,1.871,1.413,1.000,1.000,-;0.00;0.00;-;0.00;0.00;0.00;0.00,0.000,7746,0,0,0
plain,2,10,0.500,0.000,3.076,4.118,0.000,1.000,0.00;0.00;0.00;0.00;0.00;0.00;0.00;0.00,0.000,7981,0,0,0
plain,2,11,0.583,0.000,2.660,5.390,0.000,1.000,0.00;0.00;0.00;0.00;0.00;0.00;0.00;0.00,0.000,7985,0,0,0
plain,2,12,0.583,0.000,1.728,1.259,1.000,1.000,0.00;0.00;0.00;0.00;0.00;0.00;0.00;0.00,0.000,7783,0,0,0
plain,2,13,0.500,0.000,1.751,1.372,1.000,1.000,0.00;-;0.00;0.00;0.00;0.00;-;-,0.000,7738,0,0,0
plain,2,14,0.500,0.000,2.793,4.425,0.000,1.000,0.00;0.00;0.00;0.00;0.00;0.00;0.00;0.00,0.000,7982,0,0,0
plain,2,15,0.417,0.000,2.083,1.429,1.000,1.000,-;0.00;0.00;0.00;-;0.00;0.00;-,0.000,7740,0,0,0
plain,2,16,0.583,0.000,2.435,5.160,0.000,1.000,0.00;0.00;0.00;0.00;0.00;0.00;0.00;0.00,0.000,7985,0,0,0
plain,2,17,0.667,0.000,1.845,1.341,1.000,1.000,0.00;0.00;0.00;0.00;0.00;0.00;0.00;0.00,0.000,7776,0,0,0
plain,2,18,0.500,0.000,1.925,1.385,1.000,1.000,0.00;-;0.00;0.00;0.00;0.00;0.00;0.00,0.000,7766,0,0,0
plain,2,19,0.417,0.000,1.792,1.238,1.000,1.000,0.00;0.00;0.00;0.00;0.00;0.00;0.00;-,0.000,7744,0,0,0
plain,2,20,0.417,0.000,2.599,5.267,0.000,1.000,0.00;0.00;0.00;0.00;0.00;0.00;0.00;0.00,0.000,7983,0,0,0
plain,2,21,0.417,0.000,2.722,5.758,0.000,1.000,0.00;0.00;0.00;0.00;0.00;0.00;0.00;0.00,0.000,7983,0,0,0
plain,2,22,0.500,0.000,1.769,1.267,1.000,1.000,0.00;0.00;0.00;0.00;0.00;0.00;0.00;0.00,0.000,7766,0,0,0
plain,2,23,0.500,0.000,2.680,4.875,0.000,1.000,0.00;0.00;0.00;0.00;0.00;0.00;0.00;0.00,0.000,7983,0,0,0
plain,2,24,0.500,0.000,1.811,1.438,1.000,1.000,-;0.00;0.00;0.00;0.00;-;0.00;0.00,0.000,7760,0,0,0
plain,2,25,0.417,0.000,1.696,1.214,1.000,1.000,0.00;0.00;0.00;0.00;-;0.00;0.00;0.00,0.000,7765,0,0,0
plain,2,26,0.667,0.000,1.829,1.390,1.000,1.000,-;0.00;0.00;0.00;0.00;-;0.00;0.00,0.000,7770,0,0,0
plain,2,27,0.333,0.000,1.799,1.396,1.000,1.000,-;0.00;0.00;0.00;0.00;0.00;0.00;0.00,0.000,7738,0,0,0
plain,2,28,0.333,0.000,2.634,4.269,0.000,1.000,0.00;0.00;0.00;0.00;0.00;0.00;0.00;0.00,0.000,7980,0,0,0
plain,2,29,0.333,0.000,1.871,1.378,1.000,1.000,-;-;0.00;-;0.00;0.00;0.00;0.00,0.000,7748,0,0,0
plain,2,30,0.500,0.000,1.871,1.464,1.000,1.000,0.00;-;-;-;0.00;0.00;0.00;0.00,0.000,7751,0,0,0
plain,2,31,0.500,0.000,2.830,4.546,0.000,1.000,0.00;0.00;0.00;0.00;0.00;0.00;0.00;0.00,0.000,7981,0,0,0
plain,2,32,0.583,0.000,1.892,1.280,1.000,1.000,0.00;0.00;0.00;0.00;0.00;0.00;0.00;0.00,0.000,7729,0,0,0
order,8,1,0.583,0.069,5.059,18.025,0.657,1.000,0.10;0.09;0.11;0.07;0.06;0.10;0.12;0.00,0.042,2182,240,0,0
order,8,2,0.417,0.000,13.836,19.892,0.000,1.000,0.09;0.06;0.00;0.00;0.00;0.00;0.00;0.00,0.000,2337,164,0,0
order,8,3,0.333,0.000,14.454,20.008,0.000,1.000,0.11;0.00;0.00;0.00;0.00;0.00;0.00;0.00,0.000,2334,165,0,0
order,8,4,0.333,0.000,5.954,16.842,1.000,1.000,0.00;0.10;0.00;0.00;0.00;0.00;0.00;0.00,0.000,2033,314,0,0
order,8,5,0.500,0.000,13.397,19.758,0.000,1.000,0.07;0.10;0.00;0.00;0.00;0.00;0.00;0.00,0.000,2282,191,0,0
order,8,6,0.500,0.000,6.899,17.642,1.000,1.000,0.11;0.00;0.00;0.00;0.00;0.00;0.00;0.00,0.000,2024,320,0,0
order,8,7,0.417,0.000,6.157,17.050,1.000,1.000,0.00;0.06;0.06;0.00;0.00;0.00;0.00;0.00,0.000,2071,296,0,0
order,8,8,0.583,0.000,6.064,17.208,1.000,1.000,0.06;0.14;0.00;0.00;0.00;0.00;0.00;0.00,0.000,2088,286,0,0
order,8,9,0.667,0.000,13.401,19.758,0.000,1.000,0.00;0.00;0.00;0.00;0.00;0.00;0.00;0.00,0.000,2331,167,0,0
order,8,10,0.500,0.000,12.803,19.825,0.000,1.000,0.09;0.10;0.00;0.00;0.00;0.00;0.00;0.00,0.000,2290,187,0,0
order,8,11,0.583,0.000,12.567,19.867,0.000,1.000,0.05;0.06;0.06;0.00;0.00;0.00;0.00;0.00,0.000,2283,191,0,0
order,8,12,0.583,0.000,6.317,17.033,1.000,1.000,0.11;0.11;0.00;0.00;0.00;0.00;0.00;0.00,0.000,2092,285,0,0
order,8,13,0.500,0.000,12.978,19.708,0.000,1.000,0.00;0.00;0.00;0.00;0.00;0.00;0.00;0.00,0.000,2350,157,0,0
order,8,14,0.500,0.000,6.521,17.267,1.000,1.000,0.07;0.00;0.00;0.00;0.00;0.00;0.00;0.00,0.000,2023,320,0,0
order,8,15,0.417,0.000,6.656,17.650,1.000,1.000,0.00;0.00;0.00;0.00;0.00;0.00;0.00;0.00,0.000,2075,294,0,0
order,8,16,0.583,0.000,13.885,19.900,0.000,1.000,0.00;0.00;0.00;0.00;0.00;0.00;0.00;0.00,0.000,2320,172,0,0
order,8,17,0.667,0.000,13.494,19.900,0.000,1.000,0.00;0.00;0.00;0.00;0.00;0.00;0.00;0.00,0.000,2341,161,0,0
order,8,18,0.500,0.000,6.272,17.283,1.000,1.000,0.00;0.00;0.00;0.00;0.00;0.00;0.00;0.00,0.000,2026,318,0,0
order,8,19,0.417,0.000,13.506,19.700,0.000,1.000,0.00;0.00;0.00;0.00;0.00;0.00;0.00;0.00,0.000,2315,174,0,0
order,8,20,0.417,0.000,6.746,17.525,1.000,1.000,0.17;0.00;0.00;0.00;0.00;0.00;0.00;0.00,0.000,2088,286,0,0
order,8,21,0.417,0.000,14.398,19.925,0.000,1.000,0.00;0.00;0.00;0.00;0.00;0.00;0.00;0.00,0.000,2288,187,0,0
order,8,22,0.500,0.000,12.894,19.808,0.000,1.000,0.12;0.07;0.11;0.12;0.00;0.00;0.00;0.00,0.010,2277,194,0,0
order,8,23,0.500,0.000,5.656,16.900,1.000,1.000,0.05;0.00;0.00;0.00;0.00;0.00;0.00;0.00,0.000,2037,312,0,0
order,8,24,0.500,0.000,13.914,19.875,0.000,1.000,0.00;0.00;0.00;0.00;0.00;0.00;0.00;0.00,0.000,2345,159,0,0
order,8,25,0.417,0.000,5.033,16.650,1.000,1.000,0.10;0.06;0.06;0.10;0.12;0.00;0.00;0.00,0.043,2169,247,0,0
order,8,26,0.667,0.000,13.855,19.883,0.000,1.000,0.00;0.00;0.00;0.00;0.00;0.00;0.00;0.00,0.000,2314,175,0,0
order,8,27,0.333,0.000,6.578,17.308,1.000,1.000,0.05;0.11;0.11;0.00;0.00;0.00;0.00;0.00,0.000,2040,311,0,0
order,8,28,0.333,0.000,6.156,17.375,1.000,1.000,0.11;0.00;0.00;0.00;0.00;0.00;0.00;0.00,0.000,2033,314,0,0
order,8,29,0.333,0.000,13.662,19.892,0.000,1.000,0.00;0.00;0.00;0.00;0.00;0.00;0.00;0.00,0.000,2389,137,0,0
order,8,30,0.500,0.000,6.163,17.450,1.000,1.000,0.07;0.12;0.00;0.00;0.00;0.00;0.00;0.00,0.000,2052,305,0,0
order,8,31,0.500,0.000,5.634,16.800,1.000,1.000,0.06;0.10;0.05;0.00;0.00;0.00;0.00;0.00,0.000,2172,245,0,0
order,8,32,0.583,0.000,12.401,19.767,0.000,1.000,0.05;0.00;0.00;0.00;0.00;0.00;0.00;0.00,0.000,2283,191,0,0
order,4,1,0.583,0.000,3.462,12.217,1.000,1.000,0.00;0.00;0.00;0.00;0.00;0.00;0.00;0.00,0.000,2929,932,0,0
order,4,2,0.417,0.000,3.384,11.167,1.000,1.000,0.00;0.00;0.00;0.00;0.00;0.00;0.00;0.00,0.000,2755,1017,0,0
order,4,3,0.333,0.000,5.492,16.800,0.000,1.000,0.00;0.00;0.00;0.00;0.00;0.00;0.00;0.00,0.000,3444,675,0,0
order,4,4,0.333,0.000,5.524,16.792,0.000,1.000,0.00;0.00;0.00;0.00;0.00;0.00;0.00;0.00,0.000,3455,670,0,0
order,4,5,0.500,0.000,5.992,17.108,0.000,1.000,0.08;0.00;0.00;0.00;0.00;0.00;0.00;0.00,0.000,3439,679,0,0
order,4,6,0.500,0.000,5.597,16.717,0.000,1.000,0.00;0.00;0.00;0.00;0.00;0.00;0.00;0.00,0.000,3401,697,0,0
order,4,7,0.417,0.000,6.207,17.033,0.000,1.000,0.00;0.00;0.00;0.00;0.00;0.00;0.00;0.00,0.000,3416,689,0,0
order,4,8,0.583,0.000,3.477,10.550,1.000,1.000,0.00;0.00;0.00;0.00;0.00;0.00;0.00;0.00,0.000,2832,978,0,0
order,4,9,0.667,0.000,5.528,16.758,0.000,1.000,0.00;0.00;0.00;0.00;0.00;0.00;0.00;0.00,0.000,3427,685,0,0
order,4,10,0.500,0.000,6.300,17.033,0.000,1.000,0.00;0.00;0.00;0.00;0.00;0.00;0.00;0.00,0.000,3398,698,0,0
order,4,11,0.583,0.000,3.394,11.275,1.000,1.000,0.00;0.00;0.00;0.00;0.00;0.00;0.00;0.00,0.000,2939,927,0,0
order,4,12,0.583,0.000,3.141,10.725,1.000,1.000,0.00;0.00;0.00;0.00;0.00;0.00;0.00;0.00,0.000,2862,963,0,0
order,4,13,0.500,0.000,3.419,10.350,1.000,1.000,0.00;0.00;0.00;0.00;0.00;0.00;0.00;0.00,0.000,2829,980,0,0
order,4,14,0.500,0.000,3.311,10.758,1.000,1.000,0.20;0.00;0.00;0.00;0.00;0.00;0.00;0.00,0.000,2835,978,0,0
order,4,15,0.417,0.000,7.204,17.658,0.000,1.000,0.00;0.00;0.00;0.00;0.00;0.00;0.00;0.00,0.000,3426,685,0,0
order,4,16,0.583,0.000,5.771,16.933,0.000,1.000,0.00;0.00;0.00;0.00;0.00;0.00;0.00;0.00,0.000,3477,660,0,0
order,4,17,0.667,0.000,5.328,16.592,0.000,1.000,0.00;0.00;0.00;0.00;0.00;0.00;0.00;0.00,0.000,3381,706,0,0
order,4,18,0.500,0.000,3.649,11.550,1.000,1.000,0.00;0.00;0.00;0.00;0.00;0.00;0.00;0.00,0.000,2811,990,0,0
order,4,19,0.417,0.000,6.653,17.408,0.000,1.000,0.00;0.00;0.00;0.00;0.00;0.00;0.00;0.00,0.000,3436,680,0,0
order,4,20,0.417,0.000,6.168,17.067,0.000,1.000,0.08;0.00;0.00;0.00;0.00;0.00;0.00;0.00,0.000,3378,708,0,0
order,4,21,0.417,0.000,6.102,17.233,0.000,1.000,0.00;0.00;0.00;0.00;0.00;0.00;0.00;0.00,0.000,3377,710,0,0
order,4,22,0.500,0.000,5.708,16.758,0.000,1.000,0.00;0.00;0.00;0.00;0.00;0.00;0.00;0.00,0.000,3444,676,0,0
order,4,23,0.500,0.000,2.970,9.450,1.000,1.000,0.00;0.00;0.00;0.00;0.00;0.00;0.00;0.00,0.000,2880,952,0,0
order,4,24,0.500,0.000,3.285,10.683,1.000,1.000,0.00;0.00;0.00;0.00;0.00;0.00;0.00;0.00,0.000,2804,994,0,0
order,4,25,0.417,0.000,3.180,9.958,1.000,1.000,0.00;0.00;0.00;0.00;0.00;0.00;0.00;0.00,0.000,2784,1003,0,0
order,4,26,0.667,0.000,3.548,12.417,1.000,1.000,0.00;0.00;0.00;0.00;0.00;0.00;0.00;0.00,0.000,2866,962,0,0
order,4,27,0.333,0.000,3.178,11.308,1.000,1.000,0.00;0.00;0.00;0.00;0.00;0.00;0.00;0.00,0.000,2870,961,0,0
order,4,28,0.333,0.000,5.450,16.900,0.000,1.000,0.10;0.00;0.00;0.00;0.00;0.00;0.00;0.00,0.000,3475,660,0,0
order,4,29,0.333,0.000,6.053,16.950,0.000,1.000,0.00;0.00;0.00;0.00;0.00;0.00;0.00;0.00,0.000,3447,674,0,0
order,4,30,0.500,0.000,5.939,17.033,0.000,1.000,0.00;0.00;0.00;0.00;0.00;0.00;0.00;0.00,0.000,3451,673,0,0
order,4,31,0.500,0.000,5.663,16.867,0.000,1.000,0.00;0.00;0.00;0.00;0.00;0.00;0.00;0.00,0.000,3471,662,0,0
order,4,32,0.583,0.000,3.325,11.750,1.000,1.000,0.00;0.00;0.00;0.00;0.00;0.00;0.00;0.00,0.000,2834,978,0,0
order,2,1,0.583,0.000,3.048,8.658,0.000,1.000,0.00;0.00;0.00;0.00;0.00;0.00;0.00;0.00,0.000,4209,1889,0,0
order,2,2,0.417,0.000,2.047,1.677,1.000,1.000,0.00;0.00;0.00;0.00;0.00;0.00;0.00;0.00,0.000,6765,531,0,0
order,2,3,0.333,0.000,1.998,1.843,1.000,1.000,0.00;0.00;0.00;0.00;0.00;0.00;0.00;0.00,0.000,6504,662,0,0
order,2,4,0.333,0.000,2.003,1.898,1.000,1.000,-;0.00;0.00;-;0.00;0.00;0.00;-,0.000,6609,604,0,0
order,2,5,0.500,0.000,2.074,1.695,1.000,1.000,0.00;0.00;-;0.00;0.00;-;-;0.00,0.000,6625,593,0,0
order,2,6,0.500,0.000,2.983,9.625,0.000,1.000,0.00;0.00;0.00;0.00;0.00;0.00;0.00;0.00,0.000,4222,1884,0,0
order,2,7,0.417,0.000,3.341,8.983,0.000,1.000,0.00;0.00;0.00;0.00;0.00;0.00;0.00;0.00,0.000,4251,1870,0,0
order,2,8,0.583,0.000,3.103,10.525,0.000,1.000,0.00;0.00;0.00;0.00;0.00;0.00;0.00;0.00,0.000,4233,1880,0,0
order,2,9,0.667,0.000,2.060,1.818,1.000,1.000,0.00;0.00;0.00;0.00;0.00;0.00;0.00;0.00,0.000,6672,581,0,0
order,2,10,0.500,0.000,3.160,9.475,0.000,1.000,0.00;0.00;0.00;0.00;0.00;0.00;0.00;0.00,0.000,4322,1833,0,0
order,2,11,0.583,0.000,3.313,9.733,0.000,1.000,0.00;0.00;0.00;0.00;0.00;0.00;0.00;0.00,0.000,4213,1889,0,0
order,2,12,0.583,0.000,1.907,1.830,1.000,1.000,-;0.00;0.00;0.00;0.00;-;-;0.00,0.000,6686,553,0,0
order,2,13,0.500,0.000,3.257,9.875,0.000,1.000,0.00;0.00;0.00;0.00;0.00;0.00;0.00;0.00,0.000,4178,1907,0,0
order,2,14,0.500,0.000,3.051,9.225,0.000,1.000,0.00;0.00;0.00;0.00;0.00;0.00;0.00;0.00,0.000,4086,1951,0,0
order,2,15,0.417,0.000,2.017,1.915,1.000,1.000,0.00;0.00;0.00;0.00;0.00;0.00;0.00;0.00,0.000,6524,649,0,0
order,2,16,0.583,0.000,2.984,9.633,0.000,1.000,0.00;0.00;0.00;0.00;0.00;0.00;0.00;0.00,0.000,4201,1895,0,0
order,2,17,0.667,0.000,2.052,1.701,1.000,1.000,0.00;0.00;0.00;0.00;0.00;0.00;0.00;0.00,0.000,6718,533,0,0
order,2,18,0.500,0.000,1.937,1.883,1.000,1.000,0.00;0.00;0.00;0.00;0.00;0.00;-;0.00,0.000,6706,556,0,0
order,2,19,0.417,0.000,2.199,1.612,1.000,1.000,0.00;-;0.00;-;-;0.00;0.00;0.00,0.000,6788,507,0,0
order,2,20,0.417,0.000,2.015,1.867,1.000,1.000,0.00;0.00;0.00;0.00;0.00;0.00;0.00;0.00,0.000,6519,657,0,0
order,2,21,0.417,0.000,3.356,9.867,0.000,1.000,0.00;0.00;0.00;0.00;0.00;0.00;0.00;0.00,0.000,4261,1865,0,0
order,2,22,0.500,0.000,1.968,1.939,1.000,1.000,0.00;0.00;0.00;0.00;0.00;0.00;0.00;0.00,0.000,6642,578,0,0
order,2,23,0.500,0.000,1.987,1.826,1.000,1.000,0.00;0.00;0.00;0.00;0.00;0.00;-;0.00,0.000,6692,557,0,0
order,2,24,0.500,0.000,1.877,1.871,1.000,1.000,0.00;0.00;0.00;0.00;0.00;-;0.00;0.00,0.000,6667,578,0,0
order,2,25,0.417,0.000,1.988,1.688,1.000,1.000,0.00;0.00;0.00;0.00;0.00;0.00;0.00;0.00,0.000,6751,534,0,0
order,2,26,0.667,0.000,2.059,1.713,1.000,1.000,0.00;0.00;-;0.00;-;0.00;0.00;0.00,0.000,6543,631,0,0
order,2,27,0.333,0.000,2.243,2.101,1.000,1.000,-;0.00;-;-;0.00;0.00;0.00;0.00,0.000,6573,617,0,0
order,2,28,0.333,0.000,2.975,8.583,0.000,1.000,0.00;0.00;0.00;0.00;0.00;0.00;0.00;0.00,0.000,4312,1839,0,0
order,2,29,0.333,0.000,1.801,1.608,1.000,1.000,0.00;-;0.00;0.00;0.00;0.00;-;0.00,0.000,6745,528,0,0
order,2,30,0.500,0.000,1.902,1.830,1.000,1.000,0.00;-;-;0.00;0.00;0.00;0.00;0.00,0.000,6738,529,0,0
order,2,31,0.500,0.000,3.180,10.175,0.000,1.000,0.00;0.00;0.00;0.00;0.00;0.00;0.00;0.00,0.000,4140,1924,0,0
order,2,32,0.583,0.000,2.001,2,1.000,1.000,0.00;0.00;0.00;0.00;0.00;0.00;0.00;0.00,0.000,6809,486,0,0
mut,8,1,0.583,0.000,5.536,16.717,1.000,0.986,0.00;0.00;0.00;0.00;0.00;0.00;0.00;0.00,0.000,2624,0,36,0
mut,8,2,0.417,0.000,5.638,16.817,1.000,0.987,0.00;0.00;0.00;0.00;0.00;0.00;0.00;0.00,0.000,2627,0,35,0
mut,8,3,0.333,0.000,4.995,16.375,1.000,0.990,0.00;0.00;0.00;0.00;0.00;0.00;0.00;0.00,0.000,2634,0,26,0
mut,8,4,0.333,0.000,12.608,19.608,0.000,0.992,0.00;0.00;0.00;0.00;0.00;0.00;0.00;0.00,0.000,2642,0,22,0
mut,8,5,0.500,0.000,4.897,16.325,1.000,0.997,0.00;0.00;0.00;0.00;0.00;0.00;0.00;0.00,0.000,2656,0,8,0
mut,8,6,0.500,0.000,5.235,16.583,1.000,0.986,0.17;0.00;0.00;0.00;0.00;0.00;0.00;0.00,0.000,2623,0,37,0
mut,8,7,0.417,0.000,13.014,19.742,0.000,0.992,0.10;0.00;0.00;0.00;0.00;0.00;0.00;0.00,0.000,2643,0,20,0
mut,8,8,0.583,0.000,14.036,19.925,0.000,0.994,0.00;0.00;0.00;0.00;0.00;0.00;0.00;0.00,0.000,2649,0,15,0
mut,8,9,0.667,0.000,5.516,16.675,1.000,0.990,0.08;0.00;0.00;0.00;0.00;0.00;0.00;0.00,0.000,2635,0,27,0
mut,8,10,0.500,0.000,5.808,16.925,1.000,0.938,0.19;0.09;0.11;0.24;0.18;0.00;0.00;0.00,0.137,2496,0,166,0
mut,8,11,0.583,0.000,4.881,15.942,1.000,0.992,0.00;0.00;0.00;0.00;0.00;0.00;0.00;0.00,0.000,2638,0,22,0
mut,8,12,0.583,0.000,5.486,16.683,1.000,0.992,0.00;0.00;0.00;0.00;0.00;0.00;0.00;0.00,0.000,2641,0,20,0
mut,8,13,0.500,0.000,5.674,16.808,1.000,0.979,0.25;0.19;0.00;0.00;0.00;0.00;0.00;0.00,0.000,2602,0,57,0
mut,8,14,0.500,0.000,11.835,19.617,0.000,0.992,0.00;0.00;0.00;0.00;0.00;0.00;0.00;0.00,0.000,2645,0,21,0
mut,8,15,0.417,0.000,5.131,16.367,1.000,0.995,0.00;0.00;0.00;0.00;0.00;0.00;0.00;0.00,0.000,2650,0,12,0
mut,8,16,0.583,0.000,6.039,17.025,1.000,0.989,0.18;0.00;0.00;0.00;0.00;0.00;0.00;0.00,0.000,2632,0,29,0
mut,8,17,0.667,0.000,13.656,19.908,0.000,0.982,0.20;0.25;0.00;0.00;0.00;0.00;0.00;0.00,0.000,2616,0,49,0
mut,8,18,0.500,0.000,5.706,16.592,1.000,0.985,0.00;0.11;0.00;0.00;0.00;0.00;0.00;0.00,0.000,2621,0,41,0
mut,8,19,0.417,0.000,5.733,16.658,1.000,0.991,0.00;0.00;0.00;0.00;0.00;0.00;0.00;0.00,0.000,2640,0,23,0
mut,8,20,0.417,0.000,13.472,19.883,0.000,0.987,0.22;0.00;0.00;0.00;0.00;0.00;0.00;0.00,0.000,2630,0,35,0
mut,8,21,0.417,0.000,13.154,19.717,0.000,0.995,0.00;0.00;0.00;0.00;0.00;0.00;0.00;0.00,0.000,2650,0,12,0
mut,8,22,0.500,0.000,5.238,16.375,1.000,0.990,0.00;0.00;0.00;0.00;0.00;0.00;0.00;0.00,0.000,2638,0,26,0
mut,8,23,0.500,0.000,5.673,16.833,1.000,0.987,0.27;0.00;0.00;0.00;0.00;0.00;0.00;0.00,0.000,2625,0,34,0
mut,8,24,0.500,0.000,14.101,19.800,0.000,0.995,0.00;0.00;0.00;0.00;0.00;0.00;0.00;0.00,0.000,2651,0,14,0
mut,8,25,0.417,0.000,5.294,16.633,1.000,0.996,0.00;0.00;0.00;0.00;0.00;0.00;0.00;0.00,0.000,2651,0,10,0
mut,8,26,0.667,0.000,12.325,19.717,0.000,0.977,0.05;0.11;0.00;0.00;0.00;0.00;0.00;0.00,0.000,2603,0,61,0
mut,8,27,0.333,0.000,13.557,19.842,0.000,0.994,0.00;0.00;0.00;0.00;0.00;0.00;0.00;0.00,0.000,2649,0,16,0
mut,8,28,0.333,0.000,5.204,16.508,1.000,0.980,0.10;0.00;0.00;0.00;0.00;0.00;0.00;0.00,0.000,2606,0,53,0
mut,8,29,0.333,0.000,5.811,16.975,1.000,0.988,0.00;0.00;0.00;0.00;0.00;0.00;0.00;0.00,0.000,2626,0,33,0
mut,8,30,0.500,0.000,12.938,19.783,0.000,0.986,0.06;0.15;0.00;0.00;0.00;0.00;0.00;0.00,0.000,2625,0,38,0
mut,8,31,0.500,0.000,12.067,19.567,0.000,0.985,0.06;0.00;0.00;0.00;0.00;0.00;0.00;0.00,0.000,2625,0,39,0
mut,8,32,0.583,0.000,5.572,16.817,1.000,0.986,0.11;0.00;0.00;0.00;0.00;0.00;0.00;0.00,0.000,2627,0,36,0
mut,4,1,0.583,0.000,3.088,6.833,1.000,0.997,0.00;0.00;0.00;0.00;0.00;0.00;0.00;0.00,0.000,4777,0,15,0
mut,4,2,0.417,0.000,4.373,15.433,0.000,0.999,0.00;0.00;0.00;0.00;0.00;0.00;0.00;0.00,0.000,4791,0,3,0
mut,4,3,0.333,0.000,4.635,15.700,0.000,0.996,0.00;0.00;0.00;0.00;0.00;0.00;0.00;0.00,0.000,4779,0,18,0
mut,4,4,0.333,0.000,3.074,5.283,1.000,0.998,0.00;0.00;0.00;0.00;0.00;0.00;0.00;0.00,0.000,4778,0,8,0
mut,4,5,0.500,0.000,4.896,15.725,0.000,0.999,0.00;0.00;0.00;0.00;0.00;0.00;0.00;0.00,0.000,4791,0,6,0
mut,4,6,0.500,0.000,3.088,6.550,1.000,0.999,0.00;0.00;0.00;0.00;0.00;0.00;0.00;0.00,0.000,4777,0,7,0
mut,4,7,0.417,0.000,3.012,4.792,1.000,0.997,0.00;0.00;0.00;0.00;0.00;0.00;0.00;0.00,0.000,4770,0,13,0
mut,4,8,0.583,0.000,2.807,5.192,1.000,0.999,0.00;0.00;0.00;0.00;0.00;0.00;0.00;0.00,0.000,4775,0,7,0
mut,4,9,0.667,0.000,2.847,6.183,1.000,0.997,0.00;0.00;0.00;0.00;0.00;0.00;0.00;0.00,0.000,4768,0,16,0
mut,4,10,0.500,0.000,4.511,15.758,0.000,0.999,0.00;0.00;0.00;0.00;0.00;0.00;0.00;0.00,0.000,4789,0,5,0
mut,4,11,0.583,0.000,4.539,15.850,0.000,0.999,0.00;0.00;0.00;0.00;0.00;0.00;0.00;0.00,0.000,4787,0,6,0
mut,4,12,0.583,0.000,2.880,5.608,1.000,1.000,0.00;0.00;0.00;0.00;0.00;0.00;0.00;0.00,0.000,4785,0,1,0
mut,4,13,0.500,0.000,3.112,5.317,1.000,1.000,0.00;0.00;0.00;0.00;0.00;0.00;0.00;0.00,0.000,4789,0,2,0
mut,4,14,0.500,0.000,4.674,15.850,0.000,0.998,0.00;0.00;0.00;0.00;0.00;0.00;0.00;0.00,0.000,4786,0,8,0
mut,4,15,0.417,0.000,4.905,16.208,0.000,0.994,0.00;0.00;0.00;0.00;0.00;0.00;0.00;0.00,0.000,4766,0,27,0
mut,4,16,0.583,0.000,2.952,5.783,1.000,0.998,0.00;0.00;0.00;0.00;0.00;0.00;0.00;0.00,0.000,4770,0,11,0
mut,4,17,0.667,0.000,3.072,5.492,1.000,0.998,0.00;0.00;0.00;0.00;0.00;0.00;0.00;0.00,0.000,4770,0,10,0
mut,4,18,0.500,0.000,5.101,16,0.000,0.998,0.00;0.00;0.00;0.00;0.00;0.00;0.00;0.00,0.000,4784,0,8,0
mut,4,19,0.417,0.000,3.061,5.483,1.000,0.995,0.00;0.00;0.00;0.00;0.00;0.00;0.00;0.00,0.000,4763,0,22,0
mut,4,20,0.417,0.000,2.917,5.375,1.000,0.997,0.00;0.00;0.00;0.00;0.00;0.00;0.00;0.00,0.000,4769,0,13,0
mut,4,21,0.417,0.000,4.659,15.850,0.000,0.997,0.00;0.00;0.00;0.00;0.00;0.00;0.00;0.00,0.000,4778,0,14,0
mut,4,22,0.500,0.000,3.104,5.683,1.000,0.998,0.00;0.00;0.00;0.00;0.00;0.00;0.00;0.00,0.000,4780,0,11,0
mut,4,23,0.500,0.000,2.780,6.350,1.000,0.998,0.00;0.00;0.00;0.00;0.00;0.00;0.00;0.00,0.000,4775,0,8,0
mut,4,24,0.500,0.000,4.678,15.775,0.000,0.999,0.00;0.00;0.00;0.00;0.00;0.00;0.00;0.00,0.000,4790,0,4,0
mut,4,25,0.417,0.000,2.884,5.433,1.000,0.998,0.00;0.00;0.00;0.00;0.00;0.00;0.00;0.00,0.000,4778,0,8,0
mut,4,26,0.667,0.000,3.140,6.550,1.000,0.997,0.00;0.00;0.00;0.00;0.00;0.00;0.00;0.00,0.000,4778,0,14,0
mut,4,27,0.333,0.000,2.946,5.358,1.000,0.999,0.00;0.00;0.00;0.00;0.00;0.00;0.00;0.00,0.000,4786,0,7,0
mut,4,28,0.333,0.000,4.640,15.492,0.000,0.999,0.00;0.00;0.00;0.00;0.00;0.00;0.00;0.00,0.000,4787,0,5,0
mut,4,29,0.333,0.000,4.844,15.917,0.000,0.998,0.00;0.00;0.00;0.00;0.00;0.00;0.00;0.00,0.000,4783,0,10,0
mut,4,30,0.500,0.000,2.928,5.817,1.000,0.999,0.00;0.00;0.00;0.00;0.00;0.00;0.00;0.00,0.000,4775,0,5,0
mut,4,31,0.500,0.000,2.991,7.167,1.000,0.999,0.00;0.00;0.00;0.00;0.00;0.00;0.00;0.00,0.000,4780,0,3,0
mut,4,32,0.583,0.000,4.911,16.167,0.000,0.998,0.00;0.00;0.00;0.00;0.00;0.00;0.00;0.00,0.000,4787,0,9,0
mut,2,1,0.583,0.000,1.866,1.538,1.000,1.000,0.00;0.00;0.00;0.00;0.00;-;0.00;0.00,0.000,7754,0,1,0
mut,2,2,0.417,0.000,1.850,1.317,1.000,1.000,0.00;0.00;0.00;0.00;0.00;0.00;0.00;0.00,0.000,7778,0,3,0
mut,2,3,0.333,0.000,2.736,5.067,0.000,0.999,0.00;0.00;0.00;0.00;0.00;0.00;0.00;0.00,0.000,7978,0,4,0
mut,2,4,0.333,0.000,1.764,1.404,1.000,0.999,-;0.00;-;-;-;0.00;0.00;-,0.000,7739,0,5,0
mut,2,5,0.500,0.000,1.703,1.301,1.000,1.000,0.00;-;0.00;0.00;0.00;0.00;0.00;0.00,0.000,7753,0,0,0
mut,2,6,0.500,0.000,2.699,4.613,0.000,1.000,0.00;0.00;0.00;0.00;0.00;0.00;0.00;0.00,0.000,7980,0,3,0
mut,2,7,0.417,0.000,1.928,1.247,1.000,0.999,0.00;-;0.00;0.00;0.00;0.00;0.00;0.00,0.000,7765,0,9,0
mut,2,8,0.583,0.000,2.555,4.424,0.000,0.999,0.00;0.00;0.00;0.00;0.00;0.00;0.00;0.00,0.000,7974,0,6,0
mut,2,9,0.667,0.000,1.873,1.402,1.000,0.999,0.00;0.00;0.00;-;0.00;0.00;-;0.00,0.000,7754,0,8,0
mut,2,10,0.500,0.000,3.076,4.118,0.000,1.000,0.00;0.00;0.00;0.00;0.00;0.00;0.00;0.00,0.000,7981,0,0,0
mut,2,11,0.583,0.000,2.660,5.390,0.000,1.000,0.00;0.00;0.00;0.00;0.00;0.00;0.00;0.00,0.000,7984,0,1,0
mut,2,12,0.583,0.000,1.798,1.337,1.000,1.000,0.00;0.00;0.00;0.00;0.00;0.00;0.00;0.00,0.000,7748,0,3,0
mut,2,13,0.500,0.000,1.793,1.271,1.000,1.000,0.00;0.00;0.00;0.00;-;0.00;0.00;0.00,0.000,7765,0,1,0
mut,2,14,0.500,0.000,2.793,4.425,0.000,1.000,0.00;0.00;0.00;0.00;0.00;0.00;0.00;0.00,0.000,7982,0,0,0
mut,2,15,0.417,0.000,1.761,1.252,1.000,1.000,-;0.00;0.00;0.00;0.00;0.00;0.00;0.00,0.000,7738,0,1,0
mut,2,16,0.583,0.000,2.673,4.267,0.000,1.000,0.00;0.00;0.00;0.00;0.00;0.00;0.00;0.00,0.000,7982,0,3,0
mut,2,17,0.667,0.000,1.837,1.400,1.000,0.999,-;0.00;0.00;0.00;-;0.00;0.00;0.00,0.000,7750,0,4,0
mut,2,18,0.500,0.000,1.925,1.385,1.000,1.000,0.00;-;0.00;0.00;0.00;0.00;0.00;0.00,0.000,7765,0,1,0
mut,2,19,0.417,0.000,1.861,1.260,1.000,1.000,0.00;0.00;0.00;0.00;0.00;0.00;0.00;0.00,0.000,7731,0,2,0
mut,2,20,0.417,0.000,1.760,1.206,1.000,0.999,0.00;0.00;0.00;0.00;0.00;0.00;-;0.00,0.000,7736,0,9,0
mut,2,21,0.417,0.000,2.542,5.487,0.000,0.999,0.00;0.00;0.00;0.00;0.00;0.00;0.00;0.00,0.000,7979,0,4,0
mut,2,22,0.500,0.000,2.819,4.775,0.000,0.999,0.00;0.00;0.00;0.00;0.00;0.00;0.00;0.00,0.000,7981,0,4,0
mut,2,23,0.500,0.000,2.611,5.092,0.000,0.999,0.00;0.00;0.00;0.00;0.00;0.00;0.00;0.00,0.000,7978,0,5,0
mut,2,24,0.500,0.000,1.870,1.238,1.000,1.000,0.00;0.00;-;0.00;0.00;-;0.00;0.00,0.000,7751,0,2,0
mut,2,25,0.417,0.000,1.905,1.455,1.000,1.000,0.00;0.00;0.00;-;-;0.00;0.00;0.00,0.000,7771,0,1,0
mut,2,26,0.667,0.000,1.676,1.394,1.000,1.000,0.00;0.00;0.00;0.00;0.00;-;0.00;-,0.000,7741,0,3,0
mut,2,27,0.333,0.000,1.799,1.396,1.000,1.000,-;0.00;0.00;0.00;0.00;0.00;0.00;0.00,0.000,7738,0,0,0
mut,2,28,0.333,0.000,1.845,1.483,1.000,1.000,-;0.00;-;0.00;0.00;0.00;0.00;-,0.000,7753,0,1,0
mut,2,29,0.333,0.000,1.871,1.378,1.000,1.000,-;-;0.00;-;0.00;0.00;0.00;0.00,0.000,7748,0,0,0
mut,2,30,0.500,0.000,1.886,1.232,1.000,0.999,0.00;0.00;0.00;0.00;0.00;0.00;0.00;-,0.000,7729,0,4,0
mut,2,31,0.500,0.000,2.830,4.546,0.000,1.000,0.00;0.00;0.00;0.00;0.00;0.00;0.00;0.00,0.000,7981,0,0,0
mut,2,32,0.583,0.000,2.612,4.617,0.000,0.999,0.00;0.00;0.00;0.00;0.00;0.00;0.00;0.00,0.000,7977,0,5,0
full,8,1,0.583,0.000,13.942,19.958,0.000,0.998,0.00;0.00;0.00;0.00;0.00;0.00;0.00;0.00,0.000,2327,165,6,0
full,8,2,0.417,0.000,5.940,16.992,1.000,0.994,0.00;0.00;0.00;0.00;0.00;0.00;0.00;0.00,0.000,2004,322,16,0
full,8,3,0.333,0.000,14.454,20.008,0.000,0.996,0.00;0.00;0.00;0.00;0.00;0.00;0.00;0.00,0.000,2323,165,11,0
full,8,4,0.333,0.000,13.139,19.858,0.000,0.992,0.30;0.00;0.00;0.00;0.00;0.00;0.00;0.00,0.000,2303,169,21,0
full,8,5,0.500,0.000,6.457,17.175,1.000,0.981,0.19;0.10;0.00;0.00;0.00;0.00;0.00;0.00,0.000,2032,290,50,0
full,8,6,0.500,0.000,6.982,17.692,1.000,0.956,0.29;0.06;0.11;0.18;0.00;0.00;0.00;0.00,0.083,2013,267,117,0
full,8,7,0.417,0.000,6.157,17.050,1.000,0.952,0.39;0.17;0.32;0.00;0.00;0.00;0.00;0.00,0.000,1992,271,129,0
full,8,8,0.583,0.000,13.281,19.958,0.000,0.979,0.21;0.05;0.00;0.00;0.00;0.00;0.00;0.00,0.000,2242,183,56,0
full,8,9,0.667,0.000,5.755,16.883,1.000,0.980,0.00;0.00;0.00;0.00;0.00;0.00;0.00;0.00,0.000,2018,296,53,0
full,8,10,0.500,0.000,7.031,17.433,1.000,0.988,0.12;0.00;0.00;0.00;0.00;0.00;0.00;0.00,0.000,2031,301,31,0
full,8,11,0.583,0.000,6.095,17.208,1.000,0.992,0.00;0.00;0.00;0.00;0.00;0.00;0.00;0.00,0.000,1941,349,20,0
full,8,12,0.583,0.000,6.317,17.033,1.000,0.995,0.00;0.00;0.00;0.00;0.00;0.00;0.00;0.00,0.000,1994,327,14,0
full,8,13,0.500,0.000,5.549,16.750,1.000,0.975,0.25;0.00;0.00;0.00;0.00;0.00;0.00;0.00,0.000,2069,263,66,0
full,8,14,0.500,0.000,14.476,19.892,0.000,0.994,0.24;0.00;0.00;0.00;0.00;0.00;0.00;0.00,0.000,2292,179,15,0
full,8,15,0.417,0.000,6.656,17.650,1.000,0.997,0.00;0.00;0.00;0.00;0.00;0.00;0.00;0.00,0.000,2046,305,7,0
full,8,16,0.583,0.000,5.571,16.783,1.000,0.985,0.12;0.00;0.00;0.00;0.00;0.00;0.00;0.00,0.000,2000,310,40,0
full,8,17,0.667,0.000,13.494,19.900,0.000,0.996,0.00;0.00;0.00;0.00;0.00;0.00;0.00;0.00,0.000,2330,161,11,0
full,8,18,0.500,0.000,6.272,17.283,1.000,0.984,0.20;0.12;0.00;0.00;0.00;0.00;0.00;0.00,0.000,2039,290,43,0
full,8,19,0.417,0.000,13.506,19.700,0.000,0.957,0.22;0.25;0.22;0.12;0.00;0.00;0.00;0.00,0.062,2131,209,114,0
full,8,20,0.417,0.000,13.783,19.933,0.000,0.995,0.00;0.00;0.00;0.00;0.00;0.00;0.00;0.00,0.000,2308,172,13,0
full,8,21,0.417,0.000,6.706,17.500,1.000,0.968,0.06;0.06;0.09;0.00;0.00;0.00;0.00;0.00,0.000,2039,269,84,0
full,8,22,0.500,0.000,13.565,19.858,0.000,0.994,0.00;0.00;0.00;0.00;0.00;0.00;0.00;0.00,0.000,2360,145,15,0
full,8,23,0.500,0.000,13.488,19.850,0.000,0.987,0.14;0.00;0.00;0.00;0.00;0.00;0.00;0.00,0.000,2307,162,34,0
full,8,24,0.500,0.000,13.914,19.875,0.000,0.986,0.38;0.00;0.00;0.00;0.00;0.00;0.00;0.00,0.000,2274,176,37,0
full,8,25,0.417,0.000,12.839,19.775,0.000,0.992,0.00;0.00;0.00;0.00;0.00;0.00;0.00;0.00,0.000,2307,168,22,0
full,8,26,0.667,0.000,6.857,17.708,1.000,0.991,0.00;0.00;0.00;0.00;0.00;0.00;0.00;0.00,0.000,1993,322,25,0
full,8,27,0.333,0.000,6.022,17.025,1.000,0.977,0.16;0.10;0.00;0.00;0.00;0.00;0.00;0.00,0.000,2076,263,60,0
full,8,28,0.333,0.000,13.618,19.883,0.000,0.996,0.00;0.00;0.00;0.00;0.00;0.00;0.00;0.00,0.000,2332,160,11,0
full,8,29,0.333,0.000,6.404,17.158,1.000,0.988,0.00;0.00;0.00;0.00;0.00;0.00;0.00;0.00,0.000,2023,302,33,0
full,8,30,0.500,0.000,13.088,19.850,0.000,0.993,0.00;0.00;0.00;0.00;0.00;0.00;0.00;0.00,0.000,2301,172,19,0
full,8,31,0.500,0.000,13.379,19.875,0.000,0.991,0.06;0.00;0.00;0.00;0.00;0.00;0.00;0.00,0.000,2278,181,25,0
full,8,32,0.583,0.000,6.605,17.608,1.000,0.983,0.20;0.18;0.00;0.00;0.00;0.00;0.00;0.00,0.000,2022,297,45,0
full,4,1,0.583,0.000,3.548,12.425,1.000,0.997,0.00;0.00;0.00;0.00;0.00;0.00;0.00;0.00,0.000,2820,980,13,0
full,4,2,0.417,0.000,6.027,16.742,0.000,0.994,0.00;0.00;0.00;0.00;0.00;0.00;0.00;0.00,0.000,3322,723,27,0
full,4,3,0.333,0.000,3.334,11.408,1.000,0.994,0.00;0.00;0.00;0.00;0.00;0.00;0.00;0.00,0.000,2811,974,29,0
full,4,4,0.333,0.000,3.369,10.350,1.000,0.994,0.00;0.00;0.00;0.00;0.00;0.00;0.00;0.00,0.000,2863,950,30,0
full,4,5,0.500,0.000,3.461,11.492,1.000,0.998,0.00;0.00;0.00;0.00;0.00;0.00;0.00;0.00,0.000,2809,987,11,0
full,4,6,0.500,0.000,5.597,16.717,0.000,0.996,0.00;0.00;0.00;0.00;0.00;0.00;0.00;0.00,0.000,3346,714,21,0
full,4,7,0.417,0.000,3.398,9.500,1.000,0.997,0.00;0.00;0.00;0.00;0.00;0.00;0.00;0.00,0.000,2922,926,13,0
full,4,8,0.583,0.000,3.477,10.550,1.000,0.996,0.00;0.00;0.00;0.00;0.00;0.00;0.00;0.00,0.000,2861,953,21,0
full,4,9,0.667,0.000,5.528,16.758,0.000,0.997,0.00;0.00;0.00;0.00;0.00;0.00;0.00;0.00,0.000,3455,663,16,0
full,4,10,0.500,0.000,3.624,11.200,1.000,0.999,0.00;0.00;0.00;0.00;0.00;0.00;0.00;0.00,0.000,2871,958,4,0
full,4,11,0.583,0.000,6.304,17.283,0.000,0.998,0.00;0.00;0.00;0.00;0.00;0.00;0.00;0.00,0.000,3436,675,8,0
full,4,12,0.583,0.000,3.141,10.725,1.000,1.000,0.00;0.00;0.00;0.00;0.00;0.00;0.00;0.00,0.000,2779,1004,1,0
full,4,13,0.500,0.000,3.253,11,1.000,0.999,0.00;0.00;0.00;0.00;0.00;0.00;0.00;0.00,0.000,2798,992,7,0
full,4,14,0.500,0.000,3.261,11.075,1.000,0.999,0.00;0.00;0.00;0.00;0.00;0.00;0.00;0.00,0.000,2828,979,5,0
full,4,15,0.417,0.000,7.204,17.658,0.000,0.997,0.00;0.00;0.00;0.00;0.00;0.00;0.00;0.00,0.000,3396,692,16,0
full,4,16,0.583,0.000,5.771,16.933,0.000,0.999,0.00;0.00;0.00;0.00;0.00;0.00;0.00;0.00,0.000,3449,671,6,0
full,4,17,0.667,0.000,5.328,16.592,0.000,0.993,0.00;0.00;0.00;0.00;0.00;0.00;0.00;0.00,0.000,3428,665,35,0
full,4,18,0.500,0.000,3.585,11.967,1.000,0.998,0.00;0.00;0.00;0.00;0.00;0.00;0.00;0.00,0.000,2843,969,10,0
full,4,19,0.417,0.000,6.653,17.408,0.000,0.999,0.00;0.00;0.00;0.00;0.00;0.00;0.00;0.00,0.000,3411,691,3,0
full,4,20,0.417,0.000,3.172,10.608,1.000,0.998,0.00;0.00;0.00;0.00;0.00;0.00;0.00;0.00,0.000,2797,988,9,0
full,4,21,0.417,0.000,6.102,17.233,0.000,0.999,0.00;0.00;0.00;0.00;0.00;0.00;0.00;0.00,0.000,3392,699,7,0
full,4,22,0.500,0.000,5.708,16.758,0.000,0.998,0.00;0.00;0.00;0.00;0.00;0.00;0.00;0.00,0.000,3378,704,10,0
full,4,23,0.500,0.000,2.970,9.450,1.000,0.994,0.00;0.00;0.00;0.00;0.00;0.00;0.00;0.00,0.000,2860,948,28,0
full,4,24,0.500,0.000,5.967,17.158,0.000,0.999,0.00;0.00;0.00;0.00;0.00;0.00;0.00;0.00,0.000,3435,678,4,0
full,4,25,0.417,0.000,3.146,10.675,1.000,0.996,0.00;0.00;0.00;0.00;0.00;0.00;0.00;0.00,0.000,2787,992,20,0
full,4,26,0.667,0.000,3.292,11.858,1.000,0.999,0.00;0.00;0.00;0.00;0.00;0.00;0.00;0.00,0.000,2833,976,7,0
full,4,27,0.333,0.000,3.178,11.308,1.000,0.998,0.00;0.00;0.00;0.00;0.00;0.00;0.00;0.00,0.000,2802,991,8,0
full,4,28,0.333,0.000,5.450,16.900,0.000,0.998,0.00;0.00;0.00;0.00;0.00;0.00;0.00;0.00,0.000,3491,648,8,0
full,4,29,0.333,0.000,6.053,16.950,0.000,0.999,0.00;0.00;0.00;0.00;0.00;0.00;0.00;0.00,0.000,3403,694,4,0
full,4,30,0.500,0.000,3.378,11.992,1.000,0.998,0.00;0.00;0.00;0.00;0.00;0.00;0.00;0.00,0.000,2852,967,8,0
full,4,31,0.500,0.000,3.421,11.367,1.000,0.999,0.00;0.00;0.00;0.00;0.00;0.00;0.00;0.00,0.000,2839,971,7,0
full,4,32,0.583,0.000,5.747,16.958,0.000,0.996,0.00;0.00;0.00;0.00;0.00;0.00;0.00;0.00,0.000,3397,691,17,0
full,2,1,0.583,0.000,1.921,1.718,1.000,1.000,0.00;0.00;-;0.00;0.00;0.00;-;0.00,0.000,6703,544,1,0
full,2,2,0.417,0.000,1.978,1.735,1.000,0.999,0.00;0.00;0.00;0.00;0.00;0.00;0.00;0.00,0.000,6704,551,5,0
full,2,3,0.333,0.000,3.111,9.917,0.000,1.000,0.00;0.00;0.00;0.00;0.00;0.00;0.00;0.00,0.000,4193,1899,2,0
full,2,4,0.333,0.000,3.173,9.597,0.000,1.000,0.00;0.00;0.00;0.00;0.00;0.00;0.00;0.00,0.000,4236,1872,3,0
full,2,5,0.500,0.000,2.080,1.702,1.000,1.000,0.00;0.00;-;0.00;0.00;-;0.00;0.00,0.000,6735,527,1,0
full,2,6,0.500,0.000,3.033,9.342,0.000,1.000,0.00;0.00;0.00;0.00;0.00;0.00;0.00;0.00,0.000,4204,1892,1,0
full,2,7,0.417,0.000,3.059,9.125,0.000,0.999,0.00;0.00;0.00;0.00;0.00;0.00;0.00;0.00,0.000,4306,1838,5,0
full,2,8,0.583,0.000,3.103,10.525,0.000,1.000,0.00;0.00;0.00;0.00;0.00;0.00;0.00;0.00,0.000,4231,1880,2,0
full,2,9,0.667,0.000,1.981,1.818,1.000,0.999,0.00;0.00;0.00;-;0.00;0.00;0.00;0.00,0.000,6562,611,10,0
full,2,10,0.500,0.000,3.160,9.475,0.000,1.000,0.00;0.00;0.00;0.00;0.00;0.00;0.00;0.00,0.000,4322,1833,0,0
full,2,11,0.583,0.000,3.313,9.733,0.000,1.000,0.00;0.00;0.00;0.00;0.00;0.00;0.00;0.00,0.000,4212,1889,1,0
full,2,12,0.583,0.000,2.032,1.702,1.000,0.999,0.00;0.00;0.00;0.00;0.00;0.00;0.00;0.00,0.000,6812,500,4,0
full,2,13,0.500,0.000,2.106,2.059,1.000,1.000,0.00;0.00;0.00;0.00;0.00;0.00;0.00;0.00,0.000,6513,644,3,0
full,2,14,0.500,0.000,3.051,9.225,0.000,1.000,0.00;0.00;0.00;0.00;0.00;0.00;0.00;0.00,0.000,4086,1951,0,0
full,2,15,0.417,0.000,2.017,1.915,1.000,1.000,0.00;0.00;0.00;0.00;0.00;0.00;0.00;0.00,0.000,6534,640,1,0
full,2,16,0.583,0.000,2.984,9.633,0.000,0.999,0.00;0.00;0.00;0.00;0.00;0.00;0.00;0.00,0.000,4203,1892,4,0
full,2,17,0.667,0.000,1.880,1.635,1.000,1.000,0.00;0.00;-;0.00;0.00;0.00;-;0.00,0.000,6644,580,3,0
full,2,18,0.500,0.000,1.937,1.883,1.000,1.000,0.00;0.00;0.00;0.00;0.00;0.00;-;0.00,0.000,6706,556,0,0
full,2,19,0.417,0.000,3.074,9.832,0.000,1.000,0.00;0.00;0.00;0.00;0.00;0.00;0.00;-,0.000,4212,1885,1,0
full,2,20,0.417,0.000,2.015,1.867,1.000,1.000,0.00;0.00;0.00;0.00;0.00;0.00;0.00;0.00,0.000,6582,618,3,0
full,2,21,0.417,0.000,3.356,9.867,0.000,0.999,0.00;0.00;0.00;0.00;0.00;0.00;0.00;0.00,0.000,4240,1873,5,0
full,2,22,0.500,0.000,3.112,10.417,0.000,0.999,0.00;0.00;0.00;0.00;0.00;0.00;0.00;0.00,0.000,4209,1890,4,0
full,2,23,0.500,0.000,1.987,1.826,1.000,1.000,0.00;0.00;0.00;0.00;0.00;0.00;-;0.00,0.000,6692,557,0,0
full,2,24,0.500,0.000,2.100,1.936,1.000,1.000,-;0.00;-;0.00;-;-;0.00;0.00,0.000,6501,660,2,0
full,2,25,0.417,0.000,2.028,1.881,1.000,1.000,-;0.00;0.00;0.00;-;0.00;0.00;0.00,0.000,6513,636,1,0
full,2,26,0.667,0.000,2.059,1.713,1.000,1.000,0.00;0.00;-;0.00;-;0.00;0.00;0.00,0.000,6632,585,3,0
full,2,27,0.333,0.000,2.243,2.101,1.000,1.000,-;0.00;-;-;0.00;0.00;0.00;0.00,0.000,6573,617,0,0
full,2,28,0.333,0.000,2.108,2.131,1.000,1.000,-;0.00;0.00;0.00;0.00;0.00;0.00;0.00,0.000,6613,612,1,0
full,2,29,0.333,0.000,3.148,10.867,0.000,1.000,0.00;0.00;0.00;0.00;0.00;0.00;0.00;0.00,0.000,4197,1891,1,0
full,2,30,0.500,0.000,2.029,1.840,1.000,0.999,0.00;-;-;0.00;0.00;-;0.00;0.00,0.000,6758,517,8,0
full,2,31,0.500,0.000,3.180,10.175,0.000,1.000,0.00;0.00;0.00;0.00;0.00;0.00;0.00;0.00,0.000,4175,1905,3,0
full,2,32,0.583,0.000,3.028,9.517,0.000,0.999,0.00;0.00;0.00;0.00;0.00;0.00;0.00;0.00,0.000,4162,1909,5,0
para,8,1,0.583,0.175,3.923,18.500,0.509,0.894,0.38;0.18;0.26;0.17;0.17;0.17;0.25;0.20,0.074,2124,128,0,141
para,8,2,0.417,0.209,3.275,18.433,0.515,0.897,0.07;0.12;0.27;0.30;0.27;0.20;0.25;0.35,0.077,2106,141,0,137
para,8,3,0.333,0.213,3.442,18.825,0.594,0.907,0.22;0.20;0.17;0.08;0.18;0.16;0.19;0.18,0.085,2129,143,0,124
para,8,4,0.333,0.197,3.433,18.358,0.467,0.902,0.31;0.19;0.17;0.36;0.30;0.33;0.35;0.24,0.083,2119,142,0,130
para,8,5,0.500,0.211,3.249,18.367,0.541,0.900,0.31;0.11;0.24;0.22;0.15;0.12;0.18;0.28,0.076,2128,135,0,133
para,8,6,0.500,0.182,3.598,18.558,0.575,0.892,0.27;0.22;0.20;0.35;0.26;0.21;0.20;0.22,0.074,2126,125,0,144
para,8,7,0.417,0.206,3.465,18.717,0.521,0.898,0.19;0.12;0.33;0.22;0.12;0.14;0.15;0.12,0.076,2110,140,0,136
para,8,8,0.583,0.165,4.016,18.817,0.463,0.899,0.27;0.31;0.20;0.21;0.28;0.12;0.24;0.06,0.067,2134,131,0,134
para,8,9,0.667,0.174,3.508,17.825,0.696,0.909,0.20;0.20;0.22;0.08;0.12;0.29;0.20;0.27,0.089,2119,149,0,121
para,8,10,0.500,0.185,3.349,18.083,0.703,0.895,0.07;0.17;0.30;0.27;0.37;0.12;0.26;0.20,0.069,2155,114,0,140
para,8,11,0.583,0.234,3.026,18.392,0.572,0.893,0.07;0.25;0.18;0.27;0.08;0.21;0.24;0.22,0.076,2085,146,0,143
para,8,12,0.583,0.239,3.178,18.608,0.515,0.899,0.18;0.24;0.20;0.17;0.10;0.18;0.15;0.25,0.087,2107,143,0,135
para,8,13,0.500,0.192,3.648,18.658,0.514,0.892,0.30;0.25;0.21;0.20;0.21;0.05;0.31;0.18,0.086,2090,143,0,144
para,8,14,0.500,0.220,3.111,18.042,0.590,0.889,0.17;0.17;0.20;0.16;0.11;0.33;0.38;0.29,0.083,2097,135,0,148
para,8,15,0.417,0.166,3.696,18.408,0.637,0.893,0.22;0.16;0.18;0.28;0.27;0.18;0.28;0.06,0.087,2107,136,0,143
para,8,16,0.583,0.204,3.387,18.275,0.586,0.878,0.27;0.14;0.07;0.00;0.19;0.25;0.28;0.29,0.090,2087,125,0,163
para,8,17,0.667,0.189,3.617,18.825,0.589,0.899,0.18;0.19;0.25;0.06;0.16;0.15;0.16;0.25,0.076,2151,121,0,135
para,8,18,0.500,0.190,3.526,18.500,0.614,0.900,0.15;0.09;0.08;0.20;0.25;0.18;0.17;0.07,0.082,2104,148,0,133
para,8,19,0.417,0.188,3.592,18.350,0.508,0.899,0.16;0.18;0.22;0.25;0.06;0.09;0.21;0.17,0.076,2087,154,0,134
para,8,20,0.417,0.191,3.547,18.275,0.604,0.884,0.46;0.19;0.31;0.06;0.15;0.22;0.06;0.23,0.089,2081,136,0,154
para,8,21,0.417,0.200,3.348,18.408,0.560,0.914,0.18;0.29;0.28;0.22;0.31;0.19;0.20;0.33,0.083,2180,128,0,114
para,8,22,0.500,0.204,3.287,18.375,0.565,0.899,0.22;0.13;0.07;0.00;0.17;0.25;0.31;0.06,0.087,2112,142,0,134
para,8,23,0.500,0.228,3.233,18.725,0.506,0.904,0.25;0.09;0.17;0.12;0.31;0.14;0.27;0.28,0.077,2132,138,0,128
para,8,24,0.500,0.209,3.182,17.975,0.686,0.897,0.21;0.21;0.25;0.07;0.15;0.09;0.38;0.22,0.076,2117,137,0,137
para,8,25,0.417,0.163,3.987,18.825,0.506,0.902,0.19;0.14;0.22;0.22;0.25;0.06;0.11;0.17,0.079,2154,125,0,130
para,8,26,0.667,0.205,3.381,18.250,0.627,0.894,0.12;0.29;0.21;0.20;0.23;0.11;0.24;0.16,0.092,2067,157,0,141
para,8,27,0.333,0.203,3.257,18.025,0.649,0.904,0.10;0.17;0.21;0.07;0.17;0.22;0.38;0.25,0.079,2131,138,0,128
para,8,28,0.333,0.222,3.400,18.575,0.512,0.896,0.25;0.25;0.27;0.31;0.19;0.35;0.22;0.20,0.102,2105,139,0,139
para,8,29,0.333,0.226,3.309,18.725,0.612,0.881,0.28;0.25;0.07;0.07;0.32;0.20;0.12;0.11,0.088,2048,149,0,159
para,8,30,0.500,0.215,3.144,18.117,0.652,0.897,0.14;0.17;0.18;0.06;0.24;0.25;0.28;0.12,0.081,2108,140,0,137
para,8,31,0.500,0.181,3.959,18.917,0.465,0.911,0.27;0.25;0.27;0.22;0.00;0.18;0.15;0.21,0.081,2163,131,0,119
para,8,32,0.583,0.197,3.643,18.808,0.517,0.899,0.25;0.28;0.10;0.30;0.17;0.22;0.14;0.10,0.084,2137,130,0,134
para,4,1,0.583,0.206,2.567,14.150,0.546,0.799,0.00;0.00;0.21;0.12;0.09;0.27;0.20;0.25,0.106,2887,472,0,482
para,4,2,0.417,0.184,2.534,13.567,0.573,0.796,0.10;0.08;0.27;0.17;0.10;0.00;0.07;0.11,0.112,2892,461,0,489
para,4,3,0.333,0.207,2.436,13.717,0.552,0.806,0.21;0.33;0.31;0.17;0.11;0.24;0.38;0.00,0.115,2938,461,0,466
para,4,4,0.333,0.201,2.417,13.375,0.519,0.809,0.11;0.36;0.27;0.27;0.25;0.12;0.36;0.29,0.110,2910,483,0,459
para,4,5,0.500,0.202,2.371,13.158,0.569,0.797,0.25;0.09;0.31;0.31;0.14;0.08;0.23;0.14,0.107,2824,499,0,486
para,4,6,0.500,0.224,2.433,14.458,0.563,0.794,0.15;0.27;0.11;0.20;0.09;0.18;0.36;0.23,0.105,2865,470,0,495
para,4,7,0.417,0.204,2.586,14.275,0.484,0.803,0.33;0.15;0.17;0.14;0.12;0.08;0.20;0.20,0.106,2865,493,0,471
para,4,8,0.583,0.203,2.520,13.892,0.553,0.790,0.12;0.20;0.50;0.14;0.25;0.17;0.45;0.25,0.097,2836,475,0,503
para,4,9,0.667,0.215,2.286,13.350,0.596,0.796,0.10;0.15;0.25;0.36;0.23;0.23;0.21;0.44,0.106,2897,458,0,488
para,4,10,0.500,0.199,2.433,13.358,0.572,0.800,0.21;0.23;0.10;0.30;0.18;0.08;0.33;0.20,0.110,2818,507,0,479
para,4,11,0.583,0.202,2.544,14.600,0.577,0.805,0.08;0.08;0.29;0.10;0.20;0.18;0.15;0.23,0.111,2843,507,0,468
para,4,12,0.583,0.203,2.542,14.217,0.557,0.803,0.25;0.08;0.07;0.08;0.27;0.33;0.00;0.27,0.095,2822,512,0,473
para,4,13,0.500,0.200,2.536,14.633,0.493,0.802,0.21;0.15;0.08;0.27;0.33;0.15;0.27;0.31,0.101,2892,477,0,474
para,4,14,0.500,0.215,2.476,14.492,0.535,0.802,0.09;0.30;0.09;0.22;0.23;0.29;0.22;0.15,0.112,2885,480,0,475
para,4,15,0.417,0.199,2.726,14.033,0.538,0.795,0.10;0.12;0.25;0.00;0.14;0.00;0.20;0.10,0.104,2833,488,0,492
para,4,16,0.583,0.202,2.530,14.267,0.529,0.796,0.21;0.29;0.00;0.20;0.18;0.08;0.21;0.14,0.104,2836,490,0,488
para,4,17,0.667,0.189,2.410,12.758,0.666,0.796,0.20;0.11;0.27;0.11;0.22;0.00;0.00;0.20,0.108,2887,463,0,489
para,4,18,0.500,0.206,2.468,13.442,0.593,0.795,0.27;0.00;0.33;0.00;0.25;0.23;0.22;0.22,0.107,2836,488,0,490
para,4,19,0.417,0.213,2.476,14.383,0.559,0.809,0.20;0.18;0.09;0.25;0.25;0.17;0.18;0.46,0.108,2834,523,0,457
para,4,20,0.417,0.217,2.415,13.875,0.472,0.804,0.36;0.10;0.17;0.00;0.07;0.29;0.29;0.07,0.096,2908,473,0,469
para,4,21,0.417,0.179,2.525,13.500,0.640,0.801,0.23;0.00;0.38;0.38;0.29;0.21;0.14;0.15,0.119,2877,482,0,476
para,4,22,0.500,0.217,2.548,14.575,0.487,0.800,0.33;0.25;0.22;0.08;0.30;0.29;0.00;0.42,0.113,2873,480,0,478
para,4,23,0.500,0.202,2.445,13.892,0.549,0.795,0.14;0.21;0.17;0.38;0.50;0.25;0.11;0.27,0.107,2929,441,0,491
para,4,24,0.500,0.226,2.449,14.617,0.526,0.798,0.31;0.23;0.23;0.31;0.25;0.31;0.36;0.21,0.101,2872,477,0,484
para,4,25,0.417,0.203,2.550,14.425,0.485,0.806,0.17;0.07;0.27;0.00;0.43;0.22;0.14;0.10,0.103,2864,499,0,465
para,4,26,0.667,0.231,2.350,14.508,0.529,0.798,0.20;0.11;0.20;0.40;0.18;0.27;0.36;0.00,0.112,2912,455,0,485
para,4,27,0.333,0.188,2.633,13.983,0.546,0.807,0.00;0.32;0.00;0.25;0.06;0.17;0.12;0.08,0.098,2843,512,0,463
para,4,28,0.333,0.228,2.223,12.950,0.566,0.796,0.30;0.00;0.25;0.25;0.24;0.30;0.23;0.25,0.112,2871,469,0,488
para,4,29,0.333,0.182,2.462,12.625,0.627,0.792,0.42;0.18;0.21;0.22;0.27;0.12;0.17;0.27,0.110,2872,463,0,499
para,4,30,0.500,0.205,2.538,14.717,0.531,0.821,0.33;0.13;0.18;0.14;0.11;0.09;0.15;0.42,0.098,2962,486,0,430
para,4,31,0.500,0.175,2.547,13.133,0.580,0.813,0.15;0.25;0.00;0.21;0.12;0.22;0.27;0.12,0.108,2969,462,0,448
para,4,32,0.583,0.212,2.494,14.017,0.476,0.809,0.17;0.18;0.10;0.17;0.15;0.17;0.17;0.21,0.106,2930,473,0,458
para,2,1,0.583,0.136,2.009,4.939,0.659,0.790,-;0.00;0.20;0.20;0.00;0.00;0.00;0.29,0.155,4554,855,0,833
para,2,2,0.417,0.139,2.021,5.026,0.604,0.778,0.00;0.00;0.00;0.12;0.29;0.00;0.33;0.17,0.172,4603,781,0,878
para,2,3,0.333,0.131,2.009,4.453,0.660,0.791,0.00;0.20;0.00;0.00;0.17;0.00;0.00;0.29,0.158,4523,880,0,828
para,2,4,0.333,0.147,2.046,4.266,0.665,0.805,0.00;0.20;0.00;0.00;0.00;0.00;-;0.50,0.168,4652,860,0,773
para,2,5,0.500,0.122,2.019,3.927,0.679,0.795,0.33;0.00;0.20;0.00;0.00;0.00;0.20;0.00,0.157,4763,761,0,811
para,2,6,0.500,0.126,1.941,4.635,0.605,0.778,0.29;0.00;0.00;0.17;0.00;0.25;0.10;0.00,0.165,4476,854,0,881
para,2,7,0.417,0.124,2.048,3.857,0.687,0.778,-;0.00;0.00;0.20;0.20;0.00;0.00;0.20,0.168,4423,875,0,879
para,2,8,0.583,0.159,2.006,5.096,0.622,0.790,0.00;0.00;0.00;0.25;0.33;0.00;0.40;0.00,0.178,4604,828,0,833
para,2,9,0.667,0.129,1.999,4.200,0.679,0.793,0.50;0.00;0.14;0.00;0.00;0.00;0.00;0.33,0.167,4520,891,0,821
para,2,10,0.500,0.105,1.914,3.629,0.707,0.791,0.00;1.00;0.25;0.00;0.50;0.00;0.00;0.25,0.187,4619,825,0,829
para,2,11,0.583,0.177,2.084,5.042,0.613,0.769,0.17;0.00;0.25;0.50;0.25;0.00;0.00;0.00,0.182,4344,882,0,915
para,2,12,0.583,0.156,2.033,5.664,0.624,0.792,0.00;-;0.00;0.25;0.25;0.00;0.25;0.50,0.163,4674,797,0,823
para,2,13,0.500,0.123,1.984,4.143,0.668,0.797,0.00;0.00;-;0.50;0.00;0.00;0.50;0.50,0.177,4807,754,0,803
para,2,14,0.500,0.137,2.030,4.223,0.667,0.789,0.00;0.12;0.17;0.00;0.33;0.00;0.00;0.33,0.168,4623,809,0,834
para,2,15,0.417,0.142,2.024,5.974,0.616,0.777,0.17;0.40;0.33;0.25;0.40;0.20;0.29;0.33,0.152,4329,914,0,883
para,2,16,0.583,0.142,1.951,4.701,0.611,0.783,-;1.00;0.00;0.20;0.25;0.00;0.25;0.00,0.176,4560,823,0,859
para,2,17,0.667,0.144,2.103,4.667,0.641,0.794,0.00;0.00;0.33;0.17;0.00;0.50;-;0.25,0.173,4706,794,0,815
para,2,18,0.500,0.152,1.994,4.616,0.685,0.804,0.00;-;0.25;0.25;0.40;0.33;0.00;0.00,0.171,4843,764,0,777
para,2,19,0.417,0.130,2.013,4.741,0.643,0.791,0.33;0.00;0.00;0.20;0.00;0.14;-;0.00,0.165,4509,881,0,829
para,2,20,0.417,0.115,1.985,3.754,0.730,0.809,0.20;0.00;0.20;0.00;0.00;0.00;0.00;-,0.183,4790,802,0,754
para,2,21,0.417,0.165,2.026,4.730,0.622,0.779,0.00;0.40;0.25;0.00;0.00;0.00;0.00;0.00,0.199,4585,796,0,878
para,2,22,0.500,0.168,2.063,6.117,0.540,0.770,0.33;0.00;0.40;0.00;0.40;0.33;0.40;0.30,0.180,4389,858,0,914
para,2,23,0.500,0.162,1.901,4.153,0.615,0.803,0.00;-;0.00;0.33;0.20;-;0.40;0.50,0.166,4829,770,0,782
para,2,24,0.500,0.131,2.023,5.204,0.661,0.790,0.12;-;0.50;0.00;0.25;0.14;0.50;0.25,0.170,4636,816,0,832
para,2,25,0.417,0.146,2.024,5.500,0.582,0.789,0.00;0.25;0.14;0.33;0.00;0.00;0.00;0.25,0.174,4488,886,0,839
para,2,26,0.667,0.149,2.062,5.072,0.633,0.793,0.00;0.29;-;0.00;0.00;0.00;0.25;0.00,0.169,4638,826,0,819
para,2,27,0.333,0.172,1.937,5.319,0.641,0.796,0.00;0.20;0.25;0.00;0.25;0.50;0.33;0.25,0.175,4726,790,0,806
para,2,28,0.333,0.113,2.058,5.098,0.627,0.831,0.14;0.00;0.14;0.00;0.00;-;0.00;0.00,0.158,4997,788,0,669
para,2,29,0.333,0.130,1.964,3.712,0.690,0.791,0.00;0.43;0.17;0.50;0.00;0.00;0.17;0.20,0.180,4697,787,0,827
para,2,30,0.500,0.152,2.008,4.526,0.693,0.797,0.00;0.00;-;0.50;0.00;0.00;0.00;0.25,0.168,4691,813,0,803
para,2,31,0.500,0.148,1.893,5.088,0.630,0.796,0.00;0.00;-;0.00;0.33;0.33;0.00;0.50,0.171,4637,828,0,807
para,2,32,0.583,0.166,1.914,5.522,0.613,0.783,0.33;0.17;0.12;0.00;-;0.43;0.17;-,0.159,4601,801,0,859
paraonly,8,1,0.583,0.228,3.196,18.517,0.618,0.846,0.30;0.20;0.38;0.38;0.25;0.19;0.07;0.29,0.076,2251,0,0,205
paraonly,8,2,0.417,0.237,2.958,18.175,0.559,0.859,0.31;0.25;0.22;0.24;0.14;0.39;0.35;0.33,0.094,2288,0,0,188
paraonly,8,3,0.333,0.225,3.241,18.817,0.465,0.863,0.24;0.25;0.22;0.31;0.35;0.31;0.28;0.17,0.070,2298,0,0,183
paraonly,8,4,0.333,0.225,3.043,18.125,0.609,0.836,0.16;0.21;0.36;0.27;0.27;0.24;0.33;0.27,0.083,2226,0,0,218
paraonly,8,5,0.500,0.237,2.842,17.767,0.575,0.842,0.14;0.18;0.24;0.31;0.06;0.17;0.38;0.28,0.107,2243,0,0,210
paraonly,8,6,0.500,0.225,2.975,18.125,0.567,0.827,0.19;0.15;0.24;0.19;0.25;0.26;0.06;0.33,0.081,2202,0,0,231
paraonly,8,7,0.417,0.244,3.115,18.583,0.466,0.852,0.18;0.33;0.20;0.36;0.25;0.28;0.22;0.18,0.083,2270,0,0,197
paraonly,8,8,0.583,0.232,3.054,18.125,0.667,0.829,0.18;0.35;0.35;0.18;0.30;0.28;0.27;0.24,0.090,2205,0,0,228
paraonly,8,9,0.667,0.237,3.035,18.308,0.521,0.860,0.25;0.29;0.24;0.18;0.24;0.12;0.33;0.31,0.089,2288,0,0,187
paraonly,8,10,0.500,0.211,3.574,18.958,0.393,0.840,0.26;0.24;0.20;0.21;0.25;0.24;0.20;0.25,0.075,2239,0,0,213
paraonly,8,11,0.583,0.222,3.207,18.425,0.572,0.854,0.11;0.12;0.31;0.12;0.22;0.06;0.24;0.12,0.075,2274,0,0,195
paraonly,8,12,0.583,0.222,3.151,18.342,0.626,0.851,0.24;0.33;0.15;0.38;0.18;0.18;0.29;0.33,0.074,2268,0,0,198
paraonly,8,13,0.500,0.235,3.050,18.408,0.578,0.831,0.19;0.29;0.06;0.19;0.22;0.06;0.13;0.31,0.085,2214,0,0,225
paraonly,8,14,0.500,0.210,3.357,18.592,0.580,0.850,0.29;0.06;0.11;0.12;0.37;0.15;0.19;0.19,0.082,2264,0,0,200
paraonly,8,15,0.417,0.209,3.244,18.392,0.591,0.850,0.16;0.17;0.11;0.22;0.32;0.22;0.19;0.19,0.082,2263,0,0,199
paraonly,8,16,0.583,0.223,3.107,18.450,0.593,0.856,0.36;0.33;0.24;0.44;0.20;0.32;0.31;0.18,0.077,2279,0,0,192
paraonly,8,17,0.667,0.245,3.082,18.500,0.559,0.863,0.18;0.12;0.18;0.15;0.47;0.36;0.21;0.24,0.082,2296,0,0,183
paraonly,8,18,0.500,0.238,2.923,18.175,0.606,0.841,0.21;0.29;0.06;0.13;0.24;0.10;0.25;0.31,0.072,2240,0,0,211
paraonly,8,19,0.417,0.238,3.136,18.483,0.574,0.848,0.18;0.15;0.35;0.12;0.14;0.36;0.15;0.24,0.096,2259,0,0,202
paraonly,8,20,0.417,0.203,3.882,18.883,0.402,0.860,0.14;0.17;0.41;0.28;0.07;0.11;0.16;0.24,0.082,2289,0,0,187
paraonly,8,21,0.417,0.252,2.940,18.442,0.520,0.854,0.18;0.19;0.30;0.43;0.31;0.25;0.27;0.29,0.079,2273,0,0,194
paraonly,8,22,0.500,0.214,3.329,18.483,0.575,0.845,0.20;0.25;0.09;0.20;0.25;0.17;0.18;0.13,0.078,2250,0,0,206
paraonly,8,23,0.500,0.238,3.065,18.558,0.608,0.838,0.21;0.25;0.17;0.10;0.25;0.16;0.25;0.24,0.086,2232,0,0,216
paraonly,8,24,0.500,0.231,3.139,18.492,0.588,0.838,0.20;0.19;0.14;0.11;0.29;0.20;0.25;0.29,0.097,2231,0,0,216
paraonly,8,25,0.417,0.217,3.097,18.092,0.595,0.837,0.38;0.15;0.33;0.19;0.29;0.29;0.00;0.12,0.082,2228,0,0,217
paraonly,8,26,0.667,0.231,3.268,18.942,0.451,0.845,0.30;0.35;0.18;0.25;0.17;0.20;0.25;0.12,0.077,2249,0,0,207
paraonly,8,27,0.333,0.255,2.939,18.458,0.542,0.851,0.07;0.20;0.21;0.12;0.38;0.22;0.32;0.21,0.084,2267,0,0,198
paraonly,8,28,0.333,0.237,2.897,17.992,0.621,0.845,0.25;0.20;0.15;0.31;0.28;0.30;0.18;0.32,0.092,2249,0,0,207
paraonly,8,29,0.333,0.213,3.199,18.042,0.572,0.837,0.12;0.26;0.39;0.17;0.33;0.20;0.37;0.13,0.082,2228,0,0,217
paraonly,8,30,0.500,0.238,3.041,18.333,0.647,0.844,0.20;0.29;0.35;0.17;0.35;0.12;0.31;0.31,0.099,2247,0,0,208
paraonly,8,31,0.500,0.236,3.076,18.425,0.570,0.851,0.33;0.06;0.29;0.31;0.06;0.22;0.13;0.14,0.082,2267,0,0,198
paraonly,8,32,0.583,0.246,2.878,18.133,0.626,0.847,0.17;0.33;0.16;0.20;0.20;0.25;0.24;0.15,0.076,2254,0,0,204
paraonly,4,1,0.583,0.266,2.219,13.725,0.568,0.692,0.44;0.20;0.12;0.29;0.20;0.25;0.14;0.17,0.110,3314,0,0,738
paraonly,4,2,0.417,0.254,2.153,12.742,0.606,0.667,0.11;0.22;0.33;0.25;0.25;0.25;0.12;0.38,0.111,3197,0,0,797
paraonly,4,3,0.333,0.267,2.107,13.175,0.562,0.690,0.30;0.27;0.20;0.27;0.30;0.20;0.15;0.25,0.106,3308,0,0,743
paraonly,4,4,0.333,0.254,2.162,12.775,0.572,0.686,0.25;0.11;0.43;0.33;0.38;0.36;0.21;0.22,0.117,3289,0,0,753
paraonly,4,5,0.500,0.259,2.213,13.575,0.531,0.678,0.00;0.20;0.00;0.27;0.31;0.25;0.18;0.23,0.118,3253,0,0,771
paraonly,4,6,0.500,0.249,2.231,13.225,0.554,0.679,0.25;0.20;0.20;0.36;0.00;0.00;0.00;0.33,0.120,3251,0,0,769
paraonly,4,7,0.417,0.267,2.253,13.617,0.533,0.704,0.27;0.25;0.50;0.28;0.14;0.22;0.09;0.33,0.115,3374,0,0,711
paraonly,4,8,0.583,0.259,2.144,12.600,0.560,0.680,0.38;0.27;0.12;0.21;0.17;0.38;0.31;0.21,0.112,3262,0,0,767
paraonly,4,9,0.667,0.264,2.141,13.233,0.521,0.684,0.43;0.00;0.17;0.27;0.12;0.38;0.12;0.17,0.104,3271,0,0,757
paraonly,4,10,0.500,0.259,2.139,13.342,0.545,0.682,0.25;0.31;0.00;0.36;0.17;0.25;0.36;0.25,0.108,3266,0,0,761
paraonly,4,11,0.583,0.277,2.137,13.417,0.540,0.686,0.17;0.18;0.17;0.20;0.38;0.25;0.12;0.30,0.124,3284,0,0,753
paraonly,4,12,0.583,0.256,2.308,14.183,0.558,0.684,0.00;0.30;0.18;0.12;0.14;0.43;0.29;0.38,0.103,3282,0,0,758
paraonly,4,13,0.500,0.242,2.249,13.208,0.570,0.677,0.07;0.20;0.20;0.38;0.20;0.18;0.33;0.13,0.112,3244,0,0,775
paraonly,4,14,0.500,0.269,2.152,14.242,0.553,0.690,0.50;0.43;0.15;0.15;0.18;0.29;0.21;0.20,0.108,3307,0,0,743
paraonly,4,15,0.417,0.257,2.277,14.025,0.533,0.689,0.43;0.38;0.30;0.50;0.31;0.12;0.15;0.43,0.115,3305,0,0,745
paraonly,4,16,0.583,0.268,2.122,13.025,0.551,0.670,0.31;0.30;0.14;0.25;0.00;0.45;0.40;0.60,0.107,3209,0,0,792
paraonly,4,17,0.667,0.238,2.307,13.867,0.595,0.693,0.31;0.33;0.45;0.33;0.26;0.10;0.38;0.11,0.104,3316,0,0,736
paraonly,4,18,0.500,0.248,2.216,12.925,0.607,0.677,0.27;0.17;0.22;0.00;0.08;0.15;0.33;0.42,0.117,3247,0,0,773
paraonly,4,19,0.417,0.243,2.167,12.458,0.558,0.680,0.40;0.18;0.22;0.25;0.38;0.29;0.33;0.22,0.117,3258,0,0,767
paraonly,4,20,0.417,0.240,2.197,13.175,0.562,0.677,0.22;0.30;0.25;0.43;0.33;0.18;0.33;0.20,0.110,3242,0,0,774
paraonly,4,21,0.417,0.258,2.150,13.300,0.582,0.679,0.00;0.40;0.38;0.31;0.00;0.21;0.20;0.38,0.115,3252,0,0,768
paraonly,4,22,0.500,0.275,2.202,13.717,0.538,0.678,0.31;0.33;0.40;0.27;0.17;0.25;0.30;0.17,0.115,3249,0,0,773
paraonly,4,23,0.500,0.243,2.184,13.017,0.595,0.685,0.33;0.14;0.29;0.29;0.11;0.50;0.25;0.22,0.111,3282,0,0,754
paraonly,4,24,0.500,0.292,2.067,13.133,0.556,0.679,0.33;0.17;0.25;0.44;0.18;0.36;0.36;0.31,0.118,3256,0,0,769
paraonly,4,25,0.417,0.280,2.108,13.142,0.555,0.674,0.17;0.29;0.45;0.22;0.18;0.31;0.43;0.33,0.114,3227,0,0,782
paraonly,4,26,0.667,0.250,2.099,12.358,0.577,0.689,0.44;0.22;0.22;0.22;0.00;0.20;0.33;0.17,0.126,3299,0,0,744
paraonly,4,27,0.333,0.262,2.178,13.933,0.553,0.690,0.33;0.33;0.30;0.00;0.46;0.22;0.31;0.33,0.100,3308,0,0,743
paraonly,4,28,0.333,0.275,2.123,13.283,0.567,0.678,0.25;0.46;0.50;0.18;0.33;0.20;0.20;0.43,0.115,3245,0,0,772
paraonly,4,29,0.333,0.255,2.154,12.975,0.562,0.683,0.10;0.33;0.38;0.17;0.33;0.33;0.33;0.08,0.112,3277,0,0,759
paraonly,4,30,0.500,0.270,2.143,13.275,0.593,0.672,0.12;0.00;0.12;0.20;0.25;0.15;0.25;0.25,0.123,3219,0,0,786
paraonly,4,31,0.500,0.264,2.112,13.050,0.569,0.693,0.22;0.33;0.23;0.29;0.33;0.11;0.00;0.33,0.103,3325,0,0,736
paraonly,4,32,0.583,0.277,2.200,14.475,0.574,0.667,0.38;0.27;0.36;0.33;0.33;0.45;0.29;0.25,0.108,3197,0,0,797
paraonly,2,1,0.583,0.160,1.834,3.505,0.658,0.712,0.00;0.00;0.50;0.33;0.25;-;0.00;0.33,0.207,5634,0,0,1142
paraonly,2,2,0.417,0.140,1.775,3.198,0.698,0.710,0.33;0.50;0.00;0.40;0.00;0.00;0.00;0.33,0.225,5619,0,0,1150
paraonly,2,3,0.333,0.214,1.741,4.314,0.631,0.712,0.00;0.25;-;0.20;0.50;0.33;0.00;0.00,0.192,5625,0,0,1140
paraonly,2,4,0.333,0.128,1.804,2.817,0.708,0.729,0.40;0.50;-;0.40;-;0.00;-;0.33,0.201,5758,0,0,1071
paraonly,2,5,0.500,0.173,1.813,3.446,0.654,0.736,0.00;0.50;0.40;0.00;0.00;0.00;0.20;-,0.206,5803,0,0,1040
paraonly,2,6,0.500,0.153,1.823,3.082,0.677,0.737,0.33;0.40;0.00;0.25;0.00;0.67;0.00;0.33,0.194,5817,0,0,1036
paraonly,2,7,0.417,0.193,1.745,4.051,0.662,0.685,0.60;0.00;0.25;0.20;0.12;0.33;0.50;0.00,0.199,5436,0,0,1247
paraonly,2,8,0.583,0.177,1.790,3.409,0.687,0.696,0.43;0.25;0.33;0.33;0.33;0.00;0.00;0.00,0.206,5505,0,0,1201
paraonly,2,9,0.667,0.225,1.849,4.045,0.640,0.689,0.40;0.50;0.00;0.20;0.00;0.43;0.00;0.10,0.195,5448,0,0,1231
paraonly,2,10,0.500,0.163,1.802,3.513,0.714,0.716,0.00;0.40;0.00;0.00;0.40;0.00;0.50;0.33,0.193,5665,0,0,1124
paraonly,2,11,0.583,0.154,1.862,3.373,0.699,0.697,0.00;0.00;0.00;0.00;0.40;0.25;0.00;0.00,0.202,5524,0,0,1198
paraonly,2,12,0.583,0.156,1.913,2.824,0.690,0.736,0.33;0.67;0.33;0.25;0.00;0.60;0.00;0.00,0.195,5803,0,0,1043
paraonly,2,13,0.500,0.165,1.846,3.046,0.707,0.724,0.33;0.50;0.00;0.50;0.25;0.50;0.00;0.40,0.206,5721,0,0,1090
paraonly,2,14,0.500,0.217,1.772,3.631,0.611,0.712,0.25;-;0.50;0.00;-;0.20;0.00;0.17,0.206,5629,0,0,1141
paraonly,2,15,0.417,0.171,1.807,3.532,0.685,0.716,0.00;0.00;0.00;0.00;0.00;0.00;-;0.00,0.190,5663,0,0,1122
paraonly,2,16,0.583,0.151,1.839,3.609,0.648,0.694,0.20;0.33;0.00;0.33;0.00;0.00;0.00;0.50,0.195,5486,0,0,1209
paraonly,2,17,0.667,0.177,1.757,3.590,0.696,0.697,0.00;0.00;0.20;0.00;0.40;-;-;0.33,0.205,5515,0,0,1199
paraonly,2,18,0.500,0.126,1.923,3.252,0.707,0.731,0.17;-;0.00;-;0.40;0.00;0.33;0.25,0.191,5775,0,0,1063
paraonly,2,19,0.417,0.165,1.857,3.812,0.671,0.734,0.33;0.50;0.00;0.50;-;0.33;0.00;0.33,0.185,5812,0,0,1053
paraonly,2,20,0.417,0.192,1.704,3.821,0.641,0.693,0.00;0.33;0.25;0.00;0.50;0.50;0.33;0.40,0.205,5497,0,0,1217
paraonly,2,21,0.417,0.163,1.855,3.904,0.638,0.716,0.50;0.50;0.50;0.00;0.33;0.00;0.00;0.00,0.196,5665,0,0,1121
paraonly,2,22,0.500,0.178,1.675,3.991,0.640,0.689,0.00;-;0.00;0.25;0.33;0.00;0.00;0.00,0.199,5452,0,0,1230
paraonly,2,23,0.500,0.189,1.814,4.108,0.643,0.707,0.00;0.25;0.00;0.00;0.25;0.50;0.50;0.00,0.193,5583,0,0,1159
paraonly,2,24,0.500,0.140,1.916,3.170,0.730,0.724,0.00;0.33;0.00;0.33;0.00;0.25;-;0.00,0.183,5721,0,0,1089
paraonly,2,25,0.417,0.178,1.952,3.460,0.686,0.715,0.00;0.00;0.50;0.00;0.00;0.00;0.00;0.33,0.200,5650,0,0,1126
paraonly,2,26,0.667,0.182,1.845,4.116,0.655,0.678,0.33;0.17;0.25;0.00;0.00;0.25;0.00;0.00,0.182,5381,0,0,1276
paraonly,2,27,0.333,0.187,1.760,4.080,0.675,0.711,0.17;0.33;0.00;0.00;-;0.00;0.00;0.25,0.194,5618,0,0,1143
paraonly,2,28,0.333,0.169,1.781,3.414,0.662,0.717,0.25;0.00;0.00;0.20;0.00;0.20;-;0.33,0.200,5667,0,0,1118
paraonly,2,29,0.333,0.162,1.859,3.301,0.722,0.707,0.00;0.00;0.50;0.00;0.33;0.25;0.25;0.33,0.192,5598,0,0,1158
paraonly,2,30,0.500,0.211,1.757,4.026,0.611,0.699,0.33;0.20;0.50;-;0.33;0.00;0.00;0.00,0.189,5524,0,0,1192
paraonly,2,31,0.500,0.192,1.734,3.903,0.653,0.708,0.33;0.33;0.00;0.00;0.33;0.00;0.00;0.50,0.196,5609,0,0,1154
paraonly,2,32,0.583,0.217,1.760,4.330,0.632,0.712,0.00;0.00;0.50;0.00;0.00;0.25;0.33;0.38,0.188,5636,0,0,1140
