arm,m,seed,tape_lastq,runmean_lastq
base,2,1,1.536,1.778
base,2,2,1.326,1.704
base,2,3,1.529,1.725
base,2,4,1.381,1.825
base,2,5,1.298,1.695
base,2,6,4.350,2.643
base,2,7,1.271,1.917
base,2,8,4.622,2.714
base,2,9,1.477,1.866
base,2,10,4.100,3.059
base,2,11,5.390,2.660
base,2,12,1.257,1.722
base,2,13,1.384,1.739
base,2,14,4.425,2.793
base,2,15,1.494,2.074
base,2,16,5.133,2.423
base,2,17,1.369,1.831
base,2,18,1.400,1.925
base,2,19,1.263,1.788
base,2,20,5.311,2.604
base,2,21,5.758,2.722
base,2,22,1.320,1.759
base,2,23,4.875,2.680
base,2,24,1.433,1.802
base,2,25,1.225,1.693
base,2,26,1.397,1.806
base,2,27,1.406,1.789
base,2,28,4.277,2.625
base,2,29,1.406,1.868
base,2,30,1.471,1.849
base,2,31,4.525,2.815
base,2,32,1.313,1.870
base,2,33,4.842,2.721
base,2,34,1.511,1.799
base,2,35,5.252,2.850
base,2,36,1.448,1.778
base,2,37,1.429,1.786
base,2,38,1.310,1.697
base,2,39,1.248,1.693
base,2,40,1.274,1.814
base,2,41,1.340,1.821
base,2,42,1.394,1.913
base,2,43,1.522,1.796
base,2,44,1.460,1.895
base,2,45,1.333,1.699
base,2,46,1.295,1.853
base,2,47,4.183,2.703
base,2,48,5.017,2.656
base,2,49,1.287,1.719
base,2,50,4.750,2.716
base,2,51,1.472,1.869
base,2,52,4.585,2.588
base,2,53,1.327,1.815
base,2,54,1.238,1.765
base,2,55,4.143,2.805
base,2,56,3.588,2.784
base,2,57,4.908,2.632
base,2,58,5.333,2.623
base,2,59,1.483,1.682
base,2,60,4.342,2.594
base,2,61,1.414,1.803
base,2,62,1.481,1.926
base,2,63,1.265,1.750
base,2,64,1.488,1.940
base,3,1,4.542,2.549
base,3,2,11.383,3.278
base,3,3,11.733,3.324
base,3,4,4.258,2.752
base,3,5,3.829,2.824
base,3,6,3.771,2.697
base,3,7,5.333,2.498
base,3,8,4.353,2.659
base,3,9,11.175,3.087
base,3,10,11.325,3.409
base,3,11,11.358,3.213
base,3,12,11.775,3.427
base,3,13,4.556,2.749
base,3,14,3.735,2.558
base,3,15,11.067,3.264
base,3,16,3.748,2.597
base,3,17,4.709,2.610
base,3,18,4.504,2.654
base,3,19,5.442,2.546
base,3,20,11.667,3.276
base,3,21,4.891,2.620
base,3,22,4.471,2.691
base,3,23,11.392,3.331
base,3,24,4.110,2.759
base,3,25,3.644,2.874
base,3,26,5.605,2.490
base,3,27,4.378,2.713
base,3,28,3.392,2.896
base,3,29,4.342,2.684
base,3,30,4.009,2.644
base,3,31,11.008,3.247
base,3,32,5.167,2.467
base,3,33,5.883,2.566
base,3,34,11.458,3.198
base,3,35,11.967,3.248
base,3,36,5.375,2.519
base,3,37,11.058,3.253
base,3,38,3.922,2.698
base,3,39,4.567,2.647
base,3,40,10.850,3.081
base,3,41,4.647,2.590
base,3,42,5.144,2.549
base,3,43,11.283,3.173
base,3,44,3.864,2.742
base,3,45,3.932,2.462
base,3,46,4.467,2.525
base,3,47,4.647,2.612
base,3,48,11.517,3.164
base,3,49,3.924,2.664
base,3,50,4.822,2.655
base,3,51,4.403,2.587
base,3,52,12.108,3.455
base,3,53,12.008,3.466
base,3,54,3.992,2.621
base,3,55,4.500,2.577
base,3,56,4.475,2.547
base,3,57,6.218,2.490
base,3,58,5.575,2.575
base,3,59,3.758,2.576
base,3,60,10.783,3.081
base,3,61,4.314,2.791
base,3,62,4.592,2.527
base,3,63,4.900,2.455
base,3,64,11.383,3.354
base,4,1,15.942,4.934
base,4,2,15.492,4.346
base,4,3,5.175,2.829
base,4,4,5.283,3.074
base,4,5,5.542,2.906
base,4,6,6.892,2.799
base,4,7,15.850,5.281
base,4,8,15.767,4.805
base,4,9,6.658,3.116
base,4,10,6.958,2.970
base,4,11,15.833,4.549
base,4,12,6.042,3.150
base,4,13,15.758,4.884
base,4,14,15.625,4.747
base,4,15,6.850,2.917
base,4,16,15.517,4.278
base,4,17,15.792,4.724
base,4,18,15.758,4.961
base,4,19,15.767,5.047
base,4,20,6.225,3.070
base,4,21,16.258,5.067
base,4,22,15.958,4.761
base,4,23,7.133,3.037
base,4,24,6.167,3.034
base,4,25,4.742,2.918
base,4,26,15.367,4.308
base,4,27,7.375,2.904
base,4,28,6.392,2.780
base,4,29,16.325,5.167
base,4,30,7.400,2.939
base,4,31,5.175,2.805
base,4,32,5.408,2.779
base,4,33,15.917,4.696
base,4,34,15.933,5.062
base,4,35,15.917,5.005
base,4,36,5.983,2.923
base,4,37,15.883,5.135
base,4,38,15.392,4.402
base,4,39,6.725,2.888
base,4,40,15.858,4.683
base,4,41,15.850,5.118
base,4,42,16.000,5.116
base,4,43,5.417,2.686
base,4,44,6.200,2.782
base,4,45,15.925,4.914
base,4,46,6.725,2.804
base,4,47,4.767,3.027
base,4,48,15.742,4.646
base,4,49,15.450,4.377
base,4,50,6.883,3.117
base,4,51,6.567,3.197
base,4,52,4.767,2.783
base,4,53,5.742,2.896
base,4,54,5.592,2.809
base,4,55,16.008,4.529
base,4,56,15.725,4.634
base,4,57,15.942,4.954
base,4,58,6.133,2.765
base,4,59,4.933,2.982
base,4,60,15.908,4.608
base,4,61,15.625,4.577
base,4,62,5.792,2.879
base,4,63,5.150,3.022
base,4,64,15.492,4.379
base,5,1,17.692,6.812
base,5,2,17.633,6.527
base,5,3,9.933,2.933
base,5,4,10.725,3.032
base,5,5,11.683,3.382
base,5,6,17.950,7.264
base,5,7,9.775,2.987
base,5,8,17.708,6.602
base,5,9,17.575,6.484
base,5,10,11.250,3.525
base,5,11,10.042,2.988
base,5,12,10.908,3.256
base,5,13,17.700,6.603
base,5,14,11.125,3.126
base,5,15,17.967,7.114
base,5,16,9.817,2.960
base,5,17,17.800,7.253
base,5,18,11.300,3.400
base,5,19,17.658,6.460
base,5,20,10.458,3.186
base,5,21,17.592,6.566
base,5,22,10.833,3.139
base,5,23,10.592,2.990
base,5,24,17.642,6.597
base,5,25,17.908,7.456
base,5,26,18.025,7.497
base,5,27,17.658,6.784
base,5,28,10.017,3.023
base,5,29,17.942,7.239
base,5,30,17.792,6.773
base,5,31,17.925,7.219
base,5,32,17.758,6.960
base,5,33,10.333,2.944
base,5,34,11.767,3.280
base,5,35,10.408,3.153
base,5,36,17.758,6.658
base,5,37,9.625,2.963
base,5,38,10.300,3.025
base,5,39,17.842,7.115
base,5,40,10.058,2.887
base,5,41,17.517,6.393
base,5,42,10.417,3.018
base,5,43,10.667,3.091
base,5,44,10.717,3.240
base,5,45,10.733,3.106
base,5,46,18.058,7.309
base,5,47,17.883,6.981
base,5,48,11.325,3.099
base,5,49,10.483,3.105
base,5,50,11.317,3.302
base,5,51,10.592,3.113
base,5,52,18.017,7.526
base,5,53,9.925,3.016
base,5,54,10.675,3.132
base,5,55,10.792,3.229
base,5,56,17.958,7.116
base,5,57,18.058,7.745
base,5,58,17.742,6.506
base,5,59,10.550,3.192
base,5,60,10.392,2.912
base,5,61,17.825,7.030
base,5,62,17.742,7.096
base,5,63,10.742,3.012
base,5,64,17.467,6.401
base,6,1,18.950,9.208
base,6,2,18.517,8.505
base,6,3,13.075,3.476
base,6,4,18.517,8.702
base,6,5,18.700,8.862
base,6,6,13.483,3.657
base,6,7,18.650,9.001
base,6,8,14.067,3.907
base,6,9,18.392,8.105
base,6,10,18.650,8.738
base,6,11,18.575,8.326
base,6,12,18.592,9.392
base,6,13,13.767,3.845
base,6,14,18.742,9.285
base,6,15,13.775,3.655
base,6,16,18.742,9.565
base,6,17,18.758,8.969
base,6,18,13.842,3.930
base,6,19,13.033,3.410
base,6,20,18.850,9.361
base,6,21,18.733,9.172
base,6,22,13.408,3.382
base,6,23,14.042,3.917
base,6,24,18.633,8.140
base,6,25,13.600,3.689
base,6,26,13.658,3.868
base,6,27,18.792,9.246
base,6,28,13.558,3.763
base,6,29,18.717,9.146
base,6,30,18.833,9.075
base,6,31,13.350,3.759
base,6,32,18.808,9.286
base,6,33,14.200,3.965
base,6,34,13.733,3.897
base,6,35,18.875,10.184
base,6,36,18.667,9.017
base,6,37,18.758,9.092
base,6,38,12.858,3.469
base,6,39,18.750,8.865
base,6,40,18.808,9.234
base,6,41,18.500,8.360
base,6,42,13.100,3.444
base,6,43,13.600,3.799
base,6,44,18.625,8.504
base,6,45,18.950,9.640
base,6,46,14.475,4.232
base,6,47,18.575,8.483
base,6,48,18.700,9.495
base,6,49,18.583,8.534
base,6,50,13.700,3.689
base,6,51,14.608,4.518
base,6,52,18.725,9.277
base,6,53,18.700,8.860
base,6,54,13.350,3.431
base,6,55,18.817,9.102
base,6,56,13.183,3.668
base,6,57,13.775,3.806
base,6,58,13.492,3.743
base,6,59,13.233,3.329
base,6,60,13.500,3.493
base,6,61,13.542,3.671
base,6,62,13.583,3.775
base,6,63,18.750,9.238
base,6,64,13.258,3.613
base,8,1,17.150,6.475
base,8,2,19.658,12.902
base,8,3,19.583,12.062
base,8,4,16.242,5.309
base,8,5,16.142,4.923
base,8,6,16.867,5.908
base,8,7,16.358,5.508
base,8,8,19.675,12.192
base,8,9,16.483,5.455
base,8,10,18.775,5.306
base,8,11,19.725,12.815
base,8,12,19.692,12.258
base,8,13,16.417,5.056
base,8,14,19.908,13.938
base,8,15,16.650,5.713
base,8,16,19.717,13.167
base,8,17,16.475,5.466
base,8,18,16.567,5.615
base,8,19,19.808,13.179
base,8,20,16.042,4.696
base,8,21,19.792,13.834
base,8,22,19.858,13.079
base,8,23,16.000,4.612
base,8,24,19.683,12.914
base,8,25,19.583,11.713
base,8,26,19.908,13.692
base,8,27,16.808,5.662
base,8,28,19.733,12.822
base,8,29,19.500,9.870
base,8,30,16.792,5.391
base,8,31,19.850,13.034
base,8,32,19.608,11.530
base,8,33,16.150,5.228
base,8,34,16.708,5.992
base,8,35,16.408,5.116
base,8,36,16.892,5.773
base,8,37,16.300,5.315
base,8,38,19.675,12.785
base,8,39,19.725,12.387
base,8,40,16.767,5.953
base,8,41,16.625,5.751
base,8,42,16.450,5.526
base,8,43,19.833,13.343
base,8,44,16.717,4.571
base,8,45,17.167,6.185
base,8,46,19.792,13.000
base,8,47,16.250,4.966
base,8,48,19.758,12.717
base,8,49,19.775,12.879
base,8,50,16.975,6.014
base,8,51,19.775,13.719
base,8,52,19.717,13.227
base,8,53,19.750,12.945
base,8,54,16.633,5.578
base,8,55,19.767,13.014
base,8,56,19.742,13.057
base,8,57,16.842,5.638
base,8,58,16.742,5.572
base,8,59,17.258,5.016
base,8,60,16.533,5.339
base,8,61,16.492,5.086
base,8,62,17.850,4.558
base,8,63,19.800,13.726
base,8,64,19.783,12.997
pair,2,1,8.658,3.048
pair,2,2,1.677,2.005
pair,2,3,1.853,1.989
pair,2,4,1.928,1.992
pair,2,5,1.705,2.063
pair,2,6,9.625,2.983
pair,2,7,8.983,3.341
pair,2,8,10.525,3.103
pair,2,9,1.802,2.039
pair,2,10,9.475,3.160
pair,2,11,9.733,3.313
pair,2,12,1.860,1.895
pair,2,13,9.875,3.257
pair,2,14,9.225,3.051
pair,2,15,1.917,1.989
pair,2,16,9.633,2.984
pair,2,17,1.737,2.053
pair,2,18,1.875,1.918
pair,2,19,1.653,2.193
pair,2,20,1.870,1.971
pair,2,21,9.867,3.356
pair,2,22,1.930,1.958
pair,2,23,1.817,1.977
pair,2,24,1.890,1.876
pair,2,25,1.688,1.988
pair,2,26,1.677,2.005
pair,2,27,2.101,2.243
pair,2,28,8.583,2.975
pair,2,29,1.624,1.799
pair,2,30,1.804,1.874
pair,2,31,10.175,3.180
pair,2,32,2.000,1.979
pair,2,33,1.755,1.969
pair,2,34,1.833,1.917
pair,2,35,10.483,3.224
pair,2,36,1.854,1.960
pair,2,37,8.942,2.947
pair,2,38,1.758,1.887
pair,2,39,1.788,1.992
pair,2,40,1.758,2.091
pair,2,41,1.880,2.061
pair,2,42,1.793,2.053
pair,2,43,1.971,1.881
pair,2,44,1.979,2.020
pair,2,45,1.905,1.903
pair,2,46,1.753,2.070
pair,2,47,1.674,2.075
pair,2,48,1.870,1.935
pair,2,49,1.929,2.113
pair,2,50,9.733,3.015
pair,2,51,1.830,1.967
pair,2,52,9.583,3.279
pair,2,53,1.825,1.966
pair,2,54,1.596,1.942
pair,2,55,1.857,2.047
pair,2,56,9.192,3.115
pair,2,57,2.071,2.002
pair,2,58,2.170,1.945
pair,2,59,1.775,2.131
pair,2,60,10.225,3.143
pair,2,61,1.928,2.087
pair,2,62,1.868,2.069
pair,2,63,1.911,2.032
pair,2,64,1.981,1.952
pair,3,1,7.208,2.911
pair,3,2,14.450,4.401
pair,3,3,14.750,4.619
pair,3,4,7.733,3.082
pair,3,5,8.042,3.008
pair,3,6,8.700,3.134
pair,3,7,15.017,4.495
pair,3,8,6.375,2.962
pair,3,9,14.392,4.045
pair,3,10,14.667,4.400
pair,3,11,9.325,3.216
pair,3,12,15.317,4.713
pair,3,13,6.630,3.225
pair,3,14,6.093,3.070
pair,3,15,14.867,4.468
pair,3,16,14.917,4.376
pair,3,17,5.838,3.162
pair,3,18,7.941,2.906
pair,3,19,9.425,3.031
pair,3,20,7.642,3.205
pair,3,21,14.450,4.304
pair,3,22,8.872,3.138
pair,3,23,8.517,2.865
pair,3,24,9.983,2.865
pair,3,25,7.217,2.897
pair,3,26,7.292,3.088
pair,3,27,7.158,2.859
pair,3,28,8.275,3.062
pair,3,29,14.800,4.310
pair,3,30,7.178,3.005
pair,3,31,14.292,4.047
pair,3,32,8.183,2.980
pair,3,33,8.333,3.005
pair,3,34,14.867,4.676
pair,3,35,14.925,4.283
pair,3,36,14.633,4.261
pair,3,37,14.917,4.322
pair,3,38,14.758,4.281
pair,3,39,9.692,2.904
pair,3,40,8.792,2.981
pair,3,41,7.442,2.955
pair,3,42,9.175,3.070
pair,3,43,14.783,4.228
pair,3,44,14.633,4.182
pair,3,45,14.942,4.618
pair,3,46,7.483,3.021
pair,3,47,6.850,2.887
pair,3,48,14.375,3.830
pair,3,49,7.559,2.882
pair,3,50,6.917,2.811
pair,3,51,8.400,2.956
pair,3,52,15.175,4.799
pair,3,53,15.217,4.430
pair,3,54,7.042,2.975
pair,3,55,15.075,4.630
pair,3,56,14.867,4.184
pair,3,57,8.353,3.097
pair,3,58,8.525,3.097
pair,3,59,7.244,2.881
pair,3,60,8.825,2.863
pair,3,61,7.675,3.112
pair,3,62,8.017,3.048
pair,3,63,8.700,2.879
pair,3,64,14.417,4.453
pair,4,1,12.217,3.462
pair,4,2,11.167,3.384
pair,4,3,16.800,5.492
pair,4,4,16.792,5.524
pair,4,5,17.108,5.992
pair,4,6,16.717,5.597
pair,4,7,17.033,6.207
pair,4,8,10.550,3.477
pair,4,9,16.758,5.528
pair,4,10,17.033,6.300
pair,4,11,11.275,3.394
pair,4,12,10.725,3.141
pair,4,13,10.350,3.419
pair,4,14,10.758,3.311
pair,4,15,17.658,7.204
pair,4,16,16.933,5.771
pair,4,17,16.592,5.328
pair,4,18,11.550,3.649
pair,4,19,17.408,6.653
pair,4,20,17.067,6.168
pair,4,21,17.233,6.102
pair,4,22,16.758,5.708
pair,4,23,9.450,2.970
pair,4,24,10.683,3.285
pair,4,25,9.958,3.180
pair,4,26,12.417,3.548
pair,4,27,11.308,3.178
pair,4,28,16.900,5.450
pair,4,29,16.950,6.053
pair,4,30,17.033,5.939
pair,4,31,16.867,5.663
pair,4,32,11.750,3.325
pair,4,33,17.075,6.162
pair,4,34,16.750,5.832
pair,4,35,16.925,5.792
pair,4,36,10.475,3.413
pair,4,37,16.708,6.018
pair,4,38,16.900,5.923
pair,4,39,16.700,5.690
pair,4,40,11.700,3.466
pair,4,41,16.658,5.620
pair,4,42,12.133,3.365
pair,4,43,10.383,3.253
pair,4,44,10.700,3.220
pair,4,45,10.517,3.437
pair,4,46,17.042,5.738
pair,4,47,11.442,3.418
pair,4,48,11.567,3.379
pair,4,49,10.967,3.403
pair,4,50,11.075,3.305
pair,4,51,10.550,3.533
pair,4,52,12.125,3.826
pair,4,53,9.558,3.352
pair,4,54,16.967,5.720
pair,4,55,16.892,5.857
pair,4,56,10.333,3.423
pair,4,57,10.800,3.294
pair,4,58,11.475,3.253
pair,4,59,17.375,6.052
pair,4,60,17.383,6.196
pair,4,61,11.283,3.286
pair,4,62,17.108,6.027
pair,4,63,12.650,3.522
pair,4,64,10.583,3.285
pair,5,1,18.567,8.714
pair,5,2,18.283,7.616
pair,5,3,18.158,7.832
pair,5,4,13.817,3.920
pair,5,5,18.058,7.721
pair,5,6,18.075,7.492
pair,5,7,14.375,4.350
pair,5,8,18.417,8.982
pair,5,9,18.633,8.938
pair,5,10,18.183,7.930
pair,5,11,18.183,7.617
pair,5,12,13.542,3.861
pair,5,13,18.058,7.407
pair,5,14,18.317,7.948
pair,5,15,13.367,3.582
pair,5,16,18.158,7.358
pair,5,17,18.208,8.130
pair,5,18,13.875,4.118
pair,5,19,13.508,3.691
pair,5,20,18.158,7.721
pair,5,21,18.058,7.346
pair,5,22,18.292,8.158
pair,5,23,18.042,7.251
pair,5,24,13.783,3.992
pair,5,25,18.150,7.703
pair,5,26,14.192,4.056
pair,5,27,13.758,4.158
pair,5,28,14.442,4.123
pair,5,29,18.192,7.777
pair,5,30,18.283,8.070
pair,5,31,13.233,3.687
pair,5,32,13.700,4.113
pair,5,33,14.775,4.276
pair,5,34,14.092,4.015
pair,5,35,18.217,7.777
pair,5,36,18.317,8.078
pair,5,37,13.075,3.887
pair,5,38,12.433,3.511
pair,5,39,18.325,8.250
pair,5,40,18.225,7.659
pair,5,41,18.058,7.702
pair,5,42,18.425,7.717
pair,5,43,18.400,8.225
pair,5,44,18.292,8.709
pair,5,45,18.342,8.131
pair,5,46,13.275,3.824
pair,5,47,14.017,4.118
pair,5,48,13.958,3.965
pair,5,49,18.417,8.461
pair,5,50,18.408,8.110
pair,5,51,12.533,3.519
pair,5,52,13.225,3.844
pair,5,53,14.242,4.110
pair,5,54,18.333,8.672
pair,5,55,13.100,4.056
pair,5,56,18.042,7.407
pair,5,57,13.600,3.595
pair,5,58,13.683,3.912
pair,5,59,12.967,3.706
pair,5,60,18.008,7.404
pair,5,61,18.292,8.778
pair,5,62,18.433,8.480
pair,5,63,14.375,4.005
pair,5,64,12.792,3.706
pair,6,1,18.983,9.588
pair,6,2,18.858,9.238
pair,6,3,14.892,4.325
pair,6,4,14.875,4.449
pair,6,5,14.642,4.199
pair,6,6,15.142,4.333
pair,6,7,18.608,8.335
pair,6,8,18.792,8.918
pair,6,9,19.008,9.684
pair,6,10,19.075,10.427
pair,6,11,19.092,10.022
pair,6,12,15.033,4.154
pair,6,13,15.617,5.097
pair,6,14,18.950,9.752
pair,6,15,19.008,9.708
pair,6,16,15.050,4.538
pair,6,17,18.942,9.672
pair,6,18,16.217,5.060
pair,6,19,14.867,4.193
pair,6,20,15.542,4.828
pair,6,21,15.350,4.362
pair,6,22,15.142,4.363
pair,6,23,19.042,10.333
pair,6,24,19.000,9.693
pair,6,25,15.325,4.799
pair,6,26,15.308,4.748
pair,6,27,15.050,4.430
pair,6,28,18.833,9.280
pair,6,29,15.442,4.924
pair,6,30,15.050,4.431
pair,6,31,19.083,10.647
pair,6,32,18.992,9.534
pair,6,33,15.558,4.939
pair,6,34,15.767,5.068
pair,6,35,15.467,4.815
pair,6,36,15.058,4.414
pair,6,37,18.942,10.013
pair,6,38,15.133,4.347
pair,6,39,18.917,9.673
pair,6,40,18.908,9.781
pair,6,41,19.033,10.173
pair,6,42,18.883,9.383
pair,6,43,19.050,9.621
pair,6,44,15.458,4.591
pair,6,45,19.133,10.561
pair,6,46,18.983,9.932
pair,6,47,18.767,9.125
pair,6,48,14.675,4.245
pair,6,49,19.158,10.586
pair,6,50,14.883,4.445
pair,6,51,15.650,4.728
pair,6,52,19.017,10.062
pair,6,53,19.025,9.963
pair,6,54,15.683,4.693
pair,6,55,19.075,11.002
pair,6,56,15.325,4.902
pair,6,57,19.108,10.723
pair,6,58,15.300,4.661
pair,6,59,18.883,9.073
pair,6,60,18.817,9.314
pair,6,61,15.933,5.277
pair,6,62,18.842,9.784
pair,6,63,15.408,4.528
pair,6,64,14.575,4.172
pair,8,1,18.025,5.059
pair,8,2,19.892,13.836
pair,8,3,20.008,14.454
pair,8,4,16.842,5.954
pair,8,5,19.758,13.397
pair,8,6,17.642,6.899
pair,8,7,17.050,6.157
pair,8,8,17.208,6.064
pair,8,9,19.758,13.401
pair,8,10,19.825,12.803
pair,8,11,19.867,12.567
pair,8,12,17.033,6.317
pair,8,13,19.708,12.978
pair,8,14,17.267,6.521
pair,8,15,17.650,6.656
pair,8,16,19.900,13.885
pair,8,17,19.900,13.494
pair,8,18,17.283,6.272
pair,8,19,19.700,13.506
pair,8,20,17.525,6.746
pair,8,21,19.925,14.398
pair,8,22,19.808,12.894
pair,8,23,16.900,5.656
pair,8,24,19.875,13.914
pair,8,25,16.650,5.033
pair,8,26,19.883,13.855
pair,8,27,17.308,6.578
pair,8,28,17.375,6.156
pair,8,29,19.892,13.662
pair,8,30,17.450,6.163
pair,8,31,16.800,5.634
pair,8,32,19.767,12.401
pair,8,33,19.817,13.543
pair,8,34,19.717,12.876
pair,8,35,17.308,6.335
pair,8,36,17.850,6.919
pair,8,37,19.792,12.688
pair,8,38,19.733,13.044
pair,8,39,19.850,13.314
pair,8,40,19.825,13.293
pair,8,41,17.217,6.481
pair,8,42,19.808,13.312
pair,8,43,19.783,13.447
pair,8,44,17.417,6.468
pair,8,45,16.842,5.579
pair,8,46,19.975,13.940
pair,8,47,16.808,5.387
pair,8,48,19.850,13.733
pair,8,49,17.642,6.866
pair,8,50,17.917,7.203
pair,8,51,19.842,13.383
pair,8,52,19.558,10.112
pair,8,53,19.950,13.947
pair,8,54,17.108,6.587
pair,8,55,17.042,6.150
pair,8,56,19.908,13.849
pair,8,57,19.725,9.459
pair,8,58,17.383,6.724
pair,8,59,17.517,6.801
pair,8,60,19.817,13.346
pair,8,61,19.808,13.181
pair,8,62,17.600,5.768
pair,8,63,20.008,14.185
pair,8,64,17.292,6.456
