table,arm,m,key,exposure,base,pair,dpair
sharebin,order,8,0.000,586057,54,0,0
sharebin,order,8,0.083,19554,364,62,0
sharebin,order,8,0.167,28010,640,112,0
sharebin,order,8,0.250,36051,1044,220,0
sharebin,order,8,0.333,46831,1703,300,0
sharebin,order,8,0.417,44278,1871,504,0
sharebin,order,8,0.500,60027,2865,602,0
sharebin,order,8,0.583,38406,2009,390,0
sharebin,order,8,0.667,40500,2485,476,0
sharebin,order,8,0.750,31219,2065,394,0
sharebin,order,8,0.833,20565,1622,336,0
sharebin,order,8,0.917,586166,53562,11534,0
xcount,order,8,0,579820,0,0,0
xcount,order,8,1,6237,54,0,0
xcount,order,8,2,8798,146,24,0
xcount,order,8,3,12161,261,54,0
xcount,order,8,4,16651,395,70,0
xcount,order,8,5,18417,537,138,0
xcount,order,8,6,22493,720,138,0
xcount,order,8,7,25423,892,172,0
xcount,order,8,8,26614,1106,262,0
xcount,order,8,9,28835,1266,350,0
xcount,order,8,10,31427,1462,312,0
xcount,order,8,11,30212,1430,298,0
xcount,order,8,12,27319,1389,276,0
xcount,order,8,13,24005,1329,306,0
xcount,order,8,14,21857,1380,252,0
xcount,order,8,15,21552,1525,360,0
xcount,order,8,16,25181,2407,748,0
xcount,order,8,17,39988,4395,1562,0
xcount,order,8,18,60858,5608,1976,0
xcount,order,8,19,70452,6100,2000,0
xcount,order,8,20,84303,9244,2384,0
xcount,order,8,21,125770,14034,2408,0
xcount,order,8,22,141498,11740,840,0
xcount,order,8,23,76055,2864,0,0
xcount,order,8,24,11738,0,0,0
sharebin,order,4,0.000,730358,49,0,0
sharebin,order,4,0.083,5255,123,32,0
sharebin,order,4,0.167,6516,216,92,0
sharebin,order,4,0.250,7563,289,106,0
sharebin,order,4,0.333,9838,498,232,0
sharebin,order,4,0.417,7773,440,228,0
sharebin,order,4,0.500,10799,705,372,0
sharebin,order,4,0.583,7848,598,268,0
sharebin,order,4,0.667,8513,688,328,0
sharebin,order,4,0.750,7246,704,362,0
sharebin,order,4,0.833,5870,719,252,0
sharebin,order,4,0.917,730469,96544,49532,0
xcount,order,4,0,728558,0,0,0
xcount,order,4,1,2111,54,0,0
xcount,order,4,2,3889,110,44,0
xcount,order,4,3,4794,185,70,0
xcount,order,4,4,5875,407,138,0
xcount,order,4,5,7975,810,330,0
xcount,order,4,6,11749,1599,778,0
xcount,order,4,7,17928,2466,1350,0
xcount,order,4,8,25087,3332,2050,0
xcount,order,4,9,31238,3814,2582,0
xcount,order,4,10,34441,3831,2738,0
xcount,order,4,11,34196,3693,2628,0
xcount,order,4,12,32461,3370,2674,0
xcount,order,4,13,31635,3529,2732,0
xcount,order,4,14,33163,3800,3172,0
xcount,order,4,15,39289,5540,3740,0
xcount,order,4,16,57203,9463,5576,0
xcount,order,4,17,83606,12956,6656,0
xcount,order,4,18,100883,14266,6322,0
xcount,order,4,19,100303,13518,4854,0
xcount,order,4,20,84029,10020,2724,0
xcount,order,4,21,49264,4073,604,0
xcount,order,4,22,15940,696,42,0
xcount,order,4,23,2317,41,0,0
xcount,order,4,24,114,0,0,0
sharebin,order,2,0.000,759642,5,0,0
sharebin,order,2,0.083,815,15,0,0
sharebin,order,2,0.167,872,24,12,0
sharebin,order,2,0.250,1163,44,24,0
sharebin,order,2,0.333,1677,58,26,0
sharebin,order,2,0.417,1157,51,16,0
sharebin,order,2,0.500,1385,81,60,0
sharebin,order,2,0.583,1424,80,58,0
sharebin,order,2,0.667,1508,90,58,0
sharebin,order,2,0.750,952,115,88,0
sharebin,order,2,0.833,927,138,102,0
sharebin,order,2,0.917,759706,183203,67736,0
xcount,order,2,0,759506,0,0,0
xcount,order,2,1,742,16,0,0
xcount,order,2,2,82548,58793,12,0
xcount,order,2,3,190135,51118,10856,0
xcount,order,2,4,119045,15104,7686,0
xcount,order,2,5,57982,7681,4090,0
xcount,order,2,6,31646,3952,2958,0
xcount,order,2,7,22060,3826,3214,0
xcount,order,2,8,22955,4409,3852,0
xcount,order,2,9,25291,4563,4208,0
xcount,order,2,10,27063,4673,4450,0
xcount,order,2,11,27958,4845,4890,0
xcount,order,2,12,30978,5762,5732,0
xcount,order,2,13,36064,6680,6382,0
xcount,order,2,14,38232,6329,5460,0
xcount,order,2,15,31370,3967,3066,0
xcount,order,2,16,18128,1675,1066,0
xcount,order,2,17,7279,429,218,0
xcount,order,2,18,1849,74,34,0
xcount,order,2,19,347,7,6,0
xcount,order,2,20,45,1,0,0
xcount,order,2,21,5,0,0,0
sharebin,para,8,0.000,11205,97,0,234
sharebin,para,8,0.083,43501,718,64,448
sharebin,para,8,0.167,84044,2026,204,778
sharebin,para,8,0.250,142897,4149,522,1112
sharebin,para,8,0.333,224088,7896,938,1602
sharebin,para,8,0.417,224562,9373,1074,1360
sharebin,para,8,0.500,300728,14450,1762,1532
sharebin,para,8,0.583,188184,9329,1216,788
sharebin,para,8,0.667,162224,9254,1316,532
sharebin,para,8,0.750,97518,6093,950,264
sharebin,para,8,0.833,47340,3420,560,94
sharebin,para,8,0.917,11373,895,172,0
xcount,para,8,0,2809,0,0,80
xcount,para,8,1,8396,97,0,154
xcount,para,8,2,19400,273,28,226
xcount,para,8,3,29645,621,52,366
xcount,para,8,4,48959,1251,156,556
xcount,para,8,5,67764,1995,286,602
xcount,para,8,6,90358,2867,358,756
xcount,para,8,7,109263,4020,534,926
xcount,para,8,8,127381,5110,656,954
xcount,para,8,9,146645,6284,784,866
xcount,para,8,10,153119,7178,832,834
xcount,para,8,11,151928,7301,942,752
xcount,para,8,12,140977,7112,876,564
xcount,para,8,13,122979,6322,908,480
xcount,para,8,14,99148,5242,770,272
xcount,para,8,15,78369,4283,650,182
xcount,para,8,16,57646,3261,408,110
xcount,para,8,17,38425,2071,274,42
xcount,para,8,18,22527,1246,170,14
xcount,para,8,19,12274,661,66,6
xcount,para,8,20,6065,329,24,2
xcount,para,8,21,2566,146,4,0
xcount,para,8,22,896,26,0,0
xcount,para,8,23,108,4,0,0
xcount,para,8,24,17,0,0,0
sharebin,para,4,0.000,21567,137,0,1062
sharebin,para,4,0.083,37578,750,128,1458
sharebin,para,4,0.167,80687,2595,664,2808
sharebin,para,4,0.250,140634,5512,1474,4100
sharebin,para,4,0.333,229072,10996,3402,5630
sharebin,para,4,0.417,210810,11798,3488,4482
sharebin,para,4,0.500,299757,18629,6228,5170
sharebin,para,4,0.583,191652,13826,4700,2988
sharebin,para,4,0.667,162875,12895,4572,1860
sharebin,para,4,0.750,94746,8196,3130,812
sharebin,para,4,0.833,44011,4209,1738,146
sharebin,para,4,0.917,24659,2539,1234,0
xcount,para,4,0,12535,0,0,688
xcount,para,4,1,19278,295,0,922
xcount,para,4,2,37645,962,330,1544
xcount,para,4,3,58812,1986,642,2240
xcount,para,4,4,87048,3784,1248,2968
xcount,para,4,5,120592,5877,1808,3658
xcount,para,4,6,150471,8668,2772,4008
xcount,para,4,7,177902,11154,3652,4062
xcount,para,4,8,191456,12659,4310,3532
xcount,para,4,9,183179,12307,4294,2744
xcount,para,4,10,158048,10722,3918,1908
xcount,para,4,11,124051,8498,3010,1100
xcount,para,4,12,87992,6055,2044,642
xcount,para,4,13,58006,4144,1252,306
xcount,para,4,14,34353,2387,784,134
xcount,para,4,15,19013,1333,384,36
xcount,para,4,16,9786,696,182,18
xcount,para,4,17,4805,356,98,6
xcount,para,4,18,2037,129,24,0
xcount,para,4,19,736,51,6,0
xcount,para,4,20,248,19,0,0
xcount,para,4,21,55,0,0,0
sharebin,para,2,0.000,247777,8,0,11340
sharebin,para,2,0.083,36858,1137,4,2998
sharebin,para,2,0.167,70820,3736,284,5458
sharebin,para,2,0.250,95843,5885,1366,6084
sharebin,para,2,0.333,169879,11811,4500,9274
sharebin,para,2,0.417,82916,4884,2506,3674
sharebin,para,2,0.500,203039,16980,9268,8068
sharebin,para,2,0.583,102626,8934,4898,3060
sharebin,para,2,0.667,125207,11921,7582,2406
sharebin,para,2,0.750,93978,11362,6368,614
sharebin,para,2,0.833,56848,6238,4706,10
sharebin,para,2,0.917,248515,64940,11296,0
xcount,para,2,0,247219,0,0,11290
xcount,para,2,1,109780,10611,0,8882
xcount,para,2,2,232680,43868,6634,11158
xcount,para,2,3,288526,40020,11712,9132
xcount,para,2,4,242497,21471,12002,6440
xcount,para,2,5,171769,14487,9496,3544
xcount,para,2,6,113507,8561,6200,1596
xcount,para,2,7,65077,4632,3538,616
xcount,para,2,8,32995,2203,1708,206
xcount,para,2,9,15514,1031,838,88
xcount,para,2,10,7437,517,400,24
xcount,para,2,11,3464,246,160,8
xcount,para,2,12,1578,98,64,2
xcount,para,2,13,795,61,26,0
xcount,para,2,14,546,17,0,0
xcount,para,2,15,296,9,0,0
xcount,para,2,16,302,4,0,0
xcount,para,2,17,249,0,0,0
xcount,para,2,18,42,0,0,0
xcount,para,2,19,33,0,0,0
sharebin,paraonly,8,0.000,4758,39,0,126
sharebin,paraonly,8,0.083,23468,445,0,478
sharebin,paraonly,8,0.167,64895,1603,0,964
sharebin,paraonly,8,0.250,135316,4323,0,1682
sharebin,paraonly,8,0.333,247416,9202,0,2544
sharebin,paraonly,8,0.417,249848,10967,0,2264
sharebin,paraonly,8,0.500,335173,16808,0,2600
sharebin,paraonly,8,0.583,209973,11180,0,1180
sharebin,paraonly,8,0.667,157487,9737,0,880
sharebin,paraonly,8,0.750,76949,5289,0,264
sharebin,paraonly,8,0.833,27559,2097,0,98
sharebin,paraonly,8,0.917,4822,441,0,0
xcount,paraonly,8,0,1542,0,0,54
xcount,paraonly,8,1,3216,39,0,72
xcount,paraonly,8,2,9951,172,0,242
xcount,paraonly,8,3,19705,469,0,412
xcount,paraonly,8,4,38313,1043,0,678
xcount,paraonly,8,5,60211,1805,0,956
xcount,paraonly,8,6,86630,3190,0,1086
xcount,paraonly,8,7,116154,4655,0,1452
xcount,paraonly,8,8,144888,6110,0,1602
xcount,paraonly,8,9,160753,7318,0,1464
xcount,paraonly,8,10,170636,8305,0,1464
xcount,paraonly,8,11,170752,8803,0,1220
xcount,paraonly,8,12,159388,8590,0,950
xcount,paraonly,8,13,135289,7169,0,648
xcount,paraonly,8,14,101525,5661,0,404
xcount,paraonly,8,15,71123,4140,0,242
xcount,paraonly,8,16,45643,2485,0,86
xcount,paraonly,8,17,24562,1288,0,30
xcount,paraonly,8,18,10813,544,0,18
xcount,paraonly,8,19,4115,205,0,0
xcount,paraonly,8,20,1447,70,0,0
xcount,paraonly,8,21,607,49,0,0
xcount,paraonly,8,22,301,17,0,0
xcount,paraonly,8,23,85,4,0,0
xcount,paraonly,8,24,15,0,0,0
sharebin,paraonly,4,0.000,8683,36,0,674
sharebin,paraonly,4,0.083,21191,383,0,1428
sharebin,paraonly,4,0.167,54060,1668,0,3294
sharebin,paraonly,4,0.250,119828,5048,0,5902
sharebin,paraonly,4,0.333,249634,13169,0,10260
sharebin,paraonly,4,0.417,254073,15420,0,8582
sharebin,paraonly,4,0.500,362086,25668,0,10168
sharebin,paraonly,4,0.583,216013,17710,0,4906
sharebin,paraonly,4,0.667,148538,13624,0,2658
sharebin,paraonly,4,0.750,67612,7197,0,782
sharebin,paraonly,4,0.833,25583,3204,0,78
sharebin,paraonly,4,0.917,10747,1488,0,0
xcount,paraonly,4,0,6232,0,0,512
xcount,paraonly,4,1,13502,211,0,970
xcount,paraonly,4,2,28135,732,0,1960
xcount,paraonly,4,3,51360,1988,0,3256
xcount,paraonly,4,4,84758,4084,0,4738
xcount,paraonly,4,5,126798,7486,0,6408
xcount,paraonly,4,6,175064,12017,0,7692
xcount,paraonly,4,7,220530,16080,0,7738
xcount,paraonly,4,8,236554,17964,0,6518
xcount,paraonly,4,9,213296,16055,0,4368
xcount,paraonly,4,10,162339,12037,0,2536
xcount,paraonly,4,11,106599,7883,0,1198
xcount,paraonly,4,12,60304,4352,0,546
xcount,paraonly,4,13,29580,2128,0,202
xcount,paraonly,4,14,13579,913,0,64
xcount,paraonly,4,15,5409,385,0,26
xcount,paraonly,4,16,2308,167,0,0
xcount,paraonly,4,17,1039,71,0,0
xcount,paraonly,4,18,355,25,0,0
xcount,paraonly,4,19,161,18,0,0
xcount,paraonly,4,20,72,10,0,0
xcount,paraonly,4,21,42,7,0,0
xcount,paraonly,4,22,28,2,0,0
xcount,paraonly,4,23,4,0,0,0
sharebin,paraonly,2,0.000,248735,0,0,14552
sharebin,paraonly,2,0.083,14101,351,0,1842
sharebin,paraonly,2,0.167,63971,3027,0,7714
sharebin,paraonly,2,0.250,85222,6371,0,8512
sharebin,paraonly,2,0.333,190164,15905,0,16146
sharebin,paraonly,2,0.417,79625,5072,0,4916
sharebin,paraonly,2,0.500,247741,25963,0,13454
sharebin,paraonly,2,0.583,105101,11921,0,3940
sharebin,paraonly,2,0.667,124423,15786,0,1972
sharebin,paraonly,2,0.750,89229,15642,0,198
sharebin,paraonly,2,0.833,36298,4534,0,0
sharebin,paraonly,2,0.917,248758,75267,0,0
xcount,paraonly,2,0,248735,0,0,14552
xcount,paraonly,2,1,131107,15889,0,14900
xcount,paraonly,2,2,291477,59145,0,19584
xcount,paraonly,2,3,359071,57415,0,14216
xcount,paraonly,2,4,270723,27349,0,6876
xcount,paraonly,2,5,142437,13109,0,2360
xcount,paraonly,2,6,59689,4805,0,610
xcount,paraonly,2,7,19483,1468,0,108
xcount,paraonly,2,8,5706,415,0,18
xcount,paraonly,2,9,1697,111,0,16
xcount,paraonly,2,10,858,50,0,2
xcount,paraonly,2,11,494,34,0,2
xcount,paraonly,2,12,357,23,0,2
xcount,paraonly,2,13,307,10,0,0
xcount,paraonly,2,14,357,7,0,0
xcount,paraonly,2,15,249,5,0,0
xcount,paraonly,2,16,297,4,0,0
xcount,paraonly,2,17,249,0,0,0
xcount,paraonly,2,18,42,0,0,0
xcount,paraonly,2,19,33,0,0,0
