arm,blocks,seed,copies_l,copies_r,alive_l,alive_r,active_l,active_r,q_l,q_r,fuel_l,fuel_r,exact
both,60,1,26,25,11,11,10,9,1,2,7,5,True
both,60,2,25,20,11,7,9,5,2,2,9,9,True
both,60,3,13,20,2,9,2,6,1,3,8,7,True
both,60,4,22,18,11,7,11,3,0,5,3,10,True
both,60,5,22,25,11,8,9,7,3,1,5,5,True
both,60,6,21,29,10,12,8,12,2,0,6,8,True
both,60,7,26,20,10,9,9,7,1,2,6,8,True
both,60,8,26,22,8,12,4,12,5,0,8,5,True
both,60,9,25,14,10,7,8,6,3,2,7,9,True
both,60,10,18,27,8,9,8,7,0,2,8,6,True
both,60,11,18,23,10,6,7,5,4,2,6,6,True
both,60,12,24,30,12,10,11,10,1,1,8,5,True
both,60,13,26,22,12,12,10,10,2,2,6,7,True
both,60,14,24,17,11,9,8,7,4,2,7,9,True
both,60,15,20,19,10,7,8,4,2,3,8,9,True
both,60,16,24,23,9,10,8,10,1,0,7,7,True
both,60,17,24,24,10,11,8,11,2,0,5,6,True
both,60,18,27,17,12,8,10,7,2,2,6,8,True
both,60,19,21,26,9,11,7,9,2,2,7,7,True
both,60,20,22,21,9,11,7,9,2,2,4,8,True
both,60,21,19,23,6,11,3,10,3,1,8,6,True
both,60,22,21,17,6,7,3,5,3,2,9,9,True
both,60,23,23,21,12,8,10,7,2,3,7,8,True
both,60,24,25,21,12,5,10,4,2,1,9,5,True
both,60,25,25,26,9,12,8,11,1,1,9,7,True
both,60,26,22,16,12,8,8,6,4,3,7,8,True
both,60,27,24,17,7,9,6,7,1,3,5,8,True
both,60,28,22,21,10,9,9,7,1,2,5,6,True
both,60,29,15,16,6,8,4,6,3,2,8,9,True
both,60,30,29,24,10,11,10,10,0,1,7,5,True
both,60,31,25,21,7,8,7,7,0,1,8,9,True
both,60,32,20,20,9,11,7,9,2,3,5,8,True
both,60,33,23,20,9,10,7,8,2,2,7,7,True
both,60,34,21,22,9,10,7,9,2,1,8,8,True
both,60,35,20,25,8,12,6,10,2,2,6,7,True
both,60,36,20,15,8,7,6,4,2,3,7,7,True
both,60,37,23,15,10,6,8,6,2,0,6,7,True
both,60,38,23,14,6,7,5,5,1,2,8,9,True
both,60,39,22,21,7,12,5,10,2,2,7,6,True
both,60,40,32,18,10,11,10,9,0,2,5,6,True
both,60,41,23,27,11,11,9,11,2,0,5,3,True
both,60,42,22,21,10,10,8,7,2,3,8,8,True
both,60,43,21,19,11,6,9,6,2,1,6,8,True
both,60,44,24,17,8,10,6,9,2,1,8,5,True
both,60,45,20,26,8,10,8,9,0,1,10,7,True
both,60,46,25,24,11,10,9,8,2,2,7,5,True
both,60,47,24,23,11,11,8,9,4,2,8,8,True
both,60,48,23,23,8,11,8,10,1,1,5,6,True
both,60,49,16,25,6,11,3,8,4,4,8,7,True
both,60,50,27,25,12,11,11,10,1,2,6,7,True
both,60,51,24,19,12,8,12,7,0,1,6,7,True
both,60,52,23,22,10,9,8,7,2,2,8,7,True
both,60,53,20,24,11,9,10,8,1,1,6,10,True
both,60,54,15,21,9,7,7,6,3,3,9,9,True
both,60,55,21,23,10,9,10,8,0,1,6,8,True
both,60,56,21,19,10,8,7,6,3,3,4,7,True
both,60,57,22,22,9,12,7,10,2,2,9,4,True
both,60,58,26,21,9,10,9,9,0,1,3,9,True
both,60,59,24,20,9,8,7,7,2,2,7,9,True
both,60,60,20,21,10,11,9,10,2,1,7,6,True
both,60,61,21,25,7,11,5,10,3,1,8,6,True
both,60,62,20,26,11,11,10,11,2,0,6,5,True
both,60,63,12,19,6,9,3,4,4,6,10,6,True
both,60,64,23,24,10,11,9,9,1,2,6,11,True
both,60,65,15,23,7,8,6,7,2,1,9,6,True
both,60,66,25,18,10,8,9,6,1,2,3,10,True
both,60,67,19,21,6,11,4,9,3,2,5,8,True
both,60,68,16,24,11,8,8,6,3,2,7,8,True
both,60,69,18,19,8,7,5,5,3,2,7,7,True
both,60,70,25,17,12,8,10,6,2,3,6,7,True
both,60,71,20,24,9,9,7,7,2,2,9,5,True
both,60,72,20,25,8,10,6,7,2,3,8,8,True
both,60,73,24,16,8,7,7,6,2,1,8,9,True
both,60,74,22,23,6,10,6,10,0,0,6,7,True
both,60,75,20,26,9,9,7,9,2,0,9,6,True
both,60,76,26,16,10,11,9,10,1,1,6,7,True
both,60,77,19,8,6,1,4,0,3,2,7,9,True
both,60,78,17,20,8,9,5,6,3,4,10,7,True
both,60,79,20,24,7,12,5,7,2,5,9,7,True
both,60,80,27,18,8,10,8,9,0,2,6,6,True
both,60,81,23,15,6,8,4,6,2,2,6,8,True
both,60,82,20,26,12,10,8,10,4,1,8,4,True
both,60,83,14,28,9,11,7,11,3,0,7,5,True
both,60,84,20,21,8,10,8,7,1,3,7,7,True
both,60,85,23,22,12,9,11,7,1,3,7,6,True
both,60,86,27,22,8,11,8,10,1,1,8,4,True
both,60,87,16,27,6,9,5,6,1,3,6,8,True
both,60,88,25,20,8,10,6,8,3,2,8,8,True
both,60,89,26,17,10,7,7,5,3,2,8,8,True
both,60,90,25,24,8,11,8,9,0,2,9,7,True
both,60,91,18,15,7,8,5,5,2,3,9,6,True
both,60,92,23,22,10,12,8,9,2,3,7,8,True
both,60,93,22,26,10,11,9,10,1,1,7,7,True
both,60,94,22,25,11,11,8,9,3,2,3,7,True
both,60,95,23,22,11,7,10,5,1,3,7,10,True
both,60,96,16,18,10,7,7,4,3,3,7,7,True
both,60,97,26,20,11,11,9,11,2,0,6,7,True
both,60,98,18,20,4,10,2,10,2,0,10,8,True
both,60,99,21,22,11,7,10,6,1,1,9,8,True
both,60,100,28,15,9,5,7,3,2,2,6,9,True
both,150,1,65,53,9,8,6,6,3,2,4,9,True
both,150,2,62,60,6,11,5,9,2,2,8,8,True
both,150,3,34,34,0,0,0,0,0,0,12,12,True
both,150,4,53,64,6,12,5,12,2,0,9,4,True
both,150,5,56,64,6,9,2,8,4,1,9,10,True
both,150,6,62,67,10,11,8,10,2,1,7,8,True
both,150,7,55,56,8,4,6,2,2,2,6,9,True
both,150,8,74,55,11,11,10,9,1,2,6,8,True
both,150,9,70,44,10,6,8,4,2,2,6,9,True
both,150,10,55,56,9,3,6,1,3,3,8,10,True
both,150,11,59,62,10,11,8,9,2,2,9,9,True
both,150,12,64,68,10,11,7,10,3,1,6,5,True
both,150,13,63,61,11,11,9,9,2,2,5,7,True
both,150,14,63,47,10,7,8,2,2,5,8,8,True
both,150,15,61,61,10,9,8,8,3,1,6,9,True
both,150,16,57,60,7,8,6,7,1,1,8,10,True
both,150,17,54,59,11,2,8,1,3,1,7,9,True
both,150,18,45,59,4,4,2,1,2,3,11,8,True
both,150,19,58,72,9,11,7,11,2,1,7,9,True
both,150,20,57,61,7,10,4,9,3,1,8,4,True
both,150,21,57,62,8,7,5,4,3,3,5,6,True
both,150,22,62,49,4,10,2,5,2,5,6,8,True
both,150,23,60,53,8,10,6,8,2,2,6,10,True
both,150,24,60,64,9,10,8,9,1,1,7,6,True
both,150,25,55,64,8,6,7,3,1,3,8,8,True
both,150,26,58,58,8,12,5,9,3,3,8,5,True
both,150,27,32,31,0,0,0,0,0,0,12,12,True
both,150,28,61,54,12,9,11,7,1,3,5,9,True
both,150,29,60,64,12,11,9,11,3,0,6,6,True
both,150,30,64,65,11,9,10,8,1,1,8,7,True
both,150,31,62,66,12,11,9,8,3,3,8,7,True
both,150,32,57,60,9,12,6,12,4,0,8,4,True
both,150,33,63,62,8,11,8,9,0,2,8,6,True
both,150,34,56,55,5,9,3,6,2,3,6,9,True
both,150,35,53,68,8,8,5,6,3,2,6,7,True
both,150,36,53,46,8,5,5,3,3,3,9,7,True
both,150,37,68,53,10,11,9,10,1,1,5,8,True
both,150,38,41,20,0,0,0,0,0,0,12,12,True
both,150,39,59,59,10,9,8,8,2,1,7,6,True
both,150,40,69,43,7,6,5,4,2,3,7,7,True
both,150,41,61,62,10,9,8,6,2,3,8,7,True
both,150,42,52,59,9,8,7,7,2,1,6,8,True
both,150,43,60,57,9,10,7,9,2,1,7,8,True
both,150,44,64,49,11,6,9,5,2,2,5,8,True
both,150,45,61,64,10,9,10,7,0,2,7,7,True
both,150,46,59,36,0,0,0,0,0,0,11,12,True
both,150,47,57,50,10,1,8,0,3,2,5,11,True
both,150,48,59,63,10,9,9,9,1,0,8,8,True
both,150,49,54,71,11,10,10,8,1,3,6,8,True
both,150,50,68,64,9,11,8,10,2,1,9,6,True
both,150,51,61,52,9,6,8,3,1,3,9,8,True
both,150,52,68,59,10,10,8,10,2,1,5,7,True
both,150,53,56,51,9,7,6,5,3,2,4,7,True
both,150,54,57,55,8,11,6,10,2,1,7,6,True
both,150,55,53,63,6,12,5,10,2,2,9,4,True
both,150,56,53,58,8,6,5,3,4,3,9,9,True
both,150,57,65,54,11,9,9,6,2,3,8,6,True
both,150,58,52,53,7,5,5,3,2,3,7,8,True
both,150,59,60,61,11,8,9,6,2,2,7,7,True
both,150,60,51,64,11,9,9,7,2,2,8,6,True
both,150,61,52,58,7,8,4,6,3,2,7,6,True
both,150,62,59,62,11,12,7,9,4,3,7,6,True
both,150,63,46,48,7,3,3,3,5,1,9,10,True
both,150,64,50,66,7,12,5,10,2,2,10,7,True
both,150,65,44,62,5,9,2,6,3,3,6,6,True
both,150,66,63,53,9,5,7,3,2,2,6,9,True
both,150,67,55,67,10,12,8,9,3,3,8,6,True
both,150,68,57,56,8,9,7,6,2,3,6,6,True
both,150,69,61,57,11,6,7,4,4,2,3,10,True
both,150,70,67,52,9,8,8,6,1,3,7,9,True
both,150,71,56,60,6,8,4,7,2,1,8,7,True
both,150,72,53,62,9,5,8,3,1,2,6,10,True
both,150,73,65,59,12,8,11,5,1,3,7,8,True
both,150,74,60,56,10,7,6,5,4,3,9,8,True
both,150,75,59,62,9,10,8,6,1,4,7,9,True
both,150,76,70,47,12,9,10,7,2,3,5,8,True
both,150,77,24,18,0,0,0,0,0,0,12,12,True
both,150,78,56,61,9,10,7,8,3,2,5,8,True
both,150,79,28,44,0,0,0,0,0,0,12,12,True
both,150,80,61,56,11,7,8,6,3,1,7,7,True
both,150,81,47,65,2,10,1,7,2,3,11,6,True
both,150,82,55,65,9,10,7,8,3,2,9,8,True
both,150,83,28,57,0,0,0,0,0,5,12,8,True
both,150,84,38,66,3,7,2,5,1,2,10,9,True
both,150,85,61,61,9,9,8,7,2,2,9,8,True
both,150,86,68,55,8,12,6,10,3,2,8,6,True
both,150,87,53,70,12,9,9,6,3,3,7,9,True
both,150,88,63,64,10,11,9,9,1,2,8,5,True
both,150,89,39,54,0,0,0,0,0,0,12,9,True
both,150,90,64,63,9,11,7,10,2,1,5,4,True
both,150,91,58,53,9,10,6,9,3,1,7,9,True
both,150,92,59,65,11,9,10,8,1,1,8,6,True
both,150,93,65,64,11,11,9,9,2,2,8,8,True
both,150,94,58,63,9,10,7,8,2,2,7,7,True
both,150,95,36,33,0,0,0,0,0,0,12,12,True
both,150,96,54,59,12,8,12,6,0,2,6,9,True
both,150,97,72,49,8,8,6,6,2,2,7,10,True
both,150,98,61,60,8,9,7,7,1,2,8,7,True
both,150,99,63,57,5,11,4,9,3,2,7,7,True
both,150,100,36,16,0,0,0,0,0,0,12,12,True
left,60,1,29,0,6,3,5,1,1,5,8,0,True
left,60,2,36,0,9,2,8,1,1,6,8,0,True
left,60,3,31,0,7,4,7,1,1,5,9,0,True
left,60,4,31,0,9,2,8,0,1,7,8,0,True
left,60,5,27,0,6,2,5,0,1,9,8,0,True
left,60,6,28,0,9,5,7,2,2,7,10,0,True
left,60,7,25,0,6,0,3,0,4,5,11,0,True
left,60,8,29,0,5,5,2,2,4,6,9,0,True
left,60,9,34,0,9,4,8,2,2,5,9,0,True
left,60,10,24,0,7,3,5,1,3,6,8,0,True
left,60,11,29,0,8,2,8,1,1,6,5,0,True
left,60,12,27,0,7,2,5,0,3,6,9,0,True
left,60,13,30,0,8,5,8,1,1,7,11,0,True
left,60,14,31,0,9,5,9,1,0,7,7,0,True
left,60,15,24,0,7,3,7,1,1,7,8,0,True
left,60,16,32,0,8,4,6,1,3,5,11,0,True
left,60,17,24,0,0,0,0,0,1,6,10,0,True
left,60,18,33,0,11,6,10,3,1,6,10,0,True
left,60,19,25,0,6,3,5,1,2,6,6,0,True
left,60,20,28,0,6,2,5,1,2,6,7,0,True
left,60,21,28,0,5,3,4,0,2,4,7,0,True
left,60,22,30,0,6,2,5,0,1,8,9,0,True
left,60,23,32,0,10,2,8,0,2,8,10,0,True
left,60,24,28,0,9,2,8,0,2,7,10,0,True
left,60,25,26,0,4,3,4,1,1,5,11,0,True
left,60,26,33,0,11,3,10,1,2,6,8,0,True
left,60,27,28,0,8,3,6,1,3,6,10,0,True
left,60,28,30,0,8,6,7,2,1,7,11,0,True
left,60,29,24,0,6,4,6,0,1,7,7,0,True
left,60,30,27,0,5,2,5,0,1,7,9,0,True
left,60,31,30,0,7,2,5,1,2,6,9,0,True
left,60,32,23,0,6,4,3,2,3,6,9,0,True
left,60,33,33,0,9,3,6,1,3,8,8,0,True
left,60,34,20,0,5,2,3,1,2,5,9,0,True
left,60,35,29,0,4,2,3,0,2,7,9,0,True
left,60,36,26,0,9,4,7,2,4,6,10,0,True
left,60,37,28,0,9,3,8,1,2,5,8,0,True
left,60,38,26,0,5,2,5,1,1,4,6,0,True
left,60,39,30,0,6,2,5,1,1,5,7,0,True
left,60,40,38,0,10,5,9,2,1,6,8,0,True
left,60,41,30,0,8,2,8,1,2,6,10,0,True
left,60,42,26,0,9,4,7,1,3,6,9,0,True
left,60,43,30,0,8,3,6,1,2,5,10,0,True
left,60,44,36,0,10,5,9,3,2,4,8,0,True
left,60,45,26,0,6,0,4,0,3,5,9,0,True
left,60,46,26,0,3,2,3,1,1,6,10,0,True
left,60,47,28,0,8,2,6,1,3,6,9,0,True
left,60,48,30,0,5,3,5,1,0,6,12,0,True
left,60,49,22,0,7,3,6,1,2,6,10,0,True
left,60,50,28,0,7,1,6,0,2,3,7,0,True
left,60,51,31,0,9,3,8,0,2,6,9,0,True
left,60,52,32,0,9,2,8,1,1,7,9,0,True
left,60,53,32,0,10,3,9,2,1,5,8,0,True
left,60,54,29,0,11,2,9,1,2,5,7,0,True
left,60,55,24,0,7,2,6,0,2,7,9,0,True
left,60,56,28,0,8,1,7,0,2,6,8,0,True
left,60,57,35,0,10,2,9,0,2,6,10,0,True
left,60,58,35,0,9,4,9,1,0,6,7,0,True
left,60,59,25,0,6,5,3,2,3,6,8,0,True
left,60,60,30,0,8,2,7,1,1,6,8,0,True
left,60,61,31,0,10,3,8,2,2,6,10,0,True
left,60,62,28,0,7,2,5,0,3,6,9,0,True
left,60,63,27,0,6,2,4,1,3,8,7,0,True
left,60,64,30,0,7,4,5,1,2,9,6,0,True
left,60,65,29,0,6,4,4,2,3,6,10,0,True
left,60,66,29,0,9,1,7,0,3,5,6,0,True
left,60,67,22,0,1,3,1,1,2,6,9,0,True
left,60,68,23,0,3,2,2,0,3,7,10,0,True
left,60,69,28,0,8,2,5,1,4,4,9,0,True
left,60,70,31,0,6,3,6,1,0,5,11,0,True
left,60,71,33,0,7,2,7,1,0,5,9,0,True
left,60,72,30,0,8,4,7,2,1,7,9,0,True
left,60,73,27,0,5,5,3,1,2,5,10,0,True
left,60,74,34,0,8,4,7,1,1,7,9,0,True
left,60,75,24,0,5,2,4,1,2,5,9,0,True
left,60,76,35,0,10,2,8,1,2,5,6,0,True
left,60,77,24,0,1,0,0,0,1,5,9,0,True
left,60,78,31,0,9,3,8,1,2,6,11,0,True
left,60,79,34,0,10,2,9,1,1,5,5,0,True
left,60,80,29,0,8,4,6,2,3,7,10,0,True
left,60,81,35,0,10,4,8,1,3,6,7,0,True
left,60,82,33,0,9,2,8,1,1,7,8,0,True
left,60,83,30,0,7,2,7,1,1,7,9,0,True
left,60,84,28,0,7,3,6,1,2,5,9,0,True
left,60,85,30,0,10,2,7,1,3,5,8,0,True
left,60,86,30,0,8,3,6,2,2,6,7,0,True
left,60,87,26,0,7,3,4,1,3,4,9,0,True
left,60,88,32,0,8,4,8,1,0,7,8,0,True
left,60,89,32,0,11,5,9,1,2,7,9,0,True
left,60,90,26,0,3,1,1,0,2,6,11,0,True
left,60,91,26,0,6,4,4,2,3,4,8,0,True
left,60,92,31,0,8,5,7,1,2,7,7,0,True
left,60,93,27,0,7,1,6,0,2,5,8,0,True
left,60,94,26,0,8,2,6,1,2,6,8,0,True
left,60,95,30,0,7,4,6,2,1,5,8,0,True
left,60,96,18,0,6,2,4,0,3,6,10,0,True
left,60,97,30,0,9,5,7,2,2,8,8,0,True
left,60,98,25,0,1,3,1,1,0,6,11,0,True
left,60,99,30,0,7,3,6,1,3,4,10,0,True
left,60,100,31,0,6,3,6,1,0,6,9,0,True
left,150,1,56,0,0,0,0,0,0,5,12,0,True
left,150,2,65,0,0,0,0,0,0,6,12,0,True
left,150,3,49,0,0,0,0,0,1,5,12,0,True
left,150,4,68,0,0,0,0,0,0,6,12,0,True
left,150,5,34,0,0,0,0,0,0,8,12,0,True
left,150,6,69,0,0,0,0,0,0,7,12,0,True
left,150,7,54,0,0,0,0,0,0,5,12,0,True
left,150,8,32,0,0,0,0,0,1,6,12,0,True
left,150,9,54,0,0,0,0,0,0,5,12,0,True
left,150,10,41,0,0,0,0,0,1,6,12,0,True
left,150,11,82,0,0,0,0,0,1,6,10,0,True
left,150,12,60,0,0,0,0,0,1,6,12,0,True
left,150,13,53,0,0,0,0,0,1,6,12,0,True
left,150,14,50,0,0,0,0,0,0,6,12,0,True
left,150,15,43,0,0,0,0,0,1,6,12,0,True
left,150,16,41,0,0,0,0,0,1,5,12,0,True
left,150,17,24,0,0,0,0,0,1,6,12,0,True
left,150,18,86,0,4,0,3,0,2,6,9,0,True
left,150,19,32,0,0,0,0,0,1,6,12,0,True
left,150,20,36,0,0,0,0,0,1,6,12,0,True
left,150,21,36,0,0,0,0,0,1,3,12,0,True
left,150,22,39,0,0,0,0,0,0,7,12,0,True
left,150,23,70,0,0,0,0,0,0,7,12,0,True
left,150,24,51,0,0,0,0,0,1,6,12,0,True
left,150,25,34,0,0,0,0,0,1,5,12,0,True
left,150,26,61,0,0,0,0,0,1,6,12,0,True
left,150,27,60,0,0,0,0,0,0,6,12,0,True
left,150,28,56,0,0,0,0,0,0,7,12,0,True
left,150,29,37,0,0,0,0,0,1,6,12,0,True
left,150,30,36,0,0,0,0,0,1,6,12,0,True
left,150,31,45,0,0,0,0,0,0,6,12,0,True
left,150,32,30,0,0,0,0,0,1,6,12,0,True
left,150,33,52,0,0,0,0,0,1,8,12,0,True
left,150,34,30,0,0,0,0,0,1,5,12,0,True
left,150,35,34,0,0,0,0,0,1,6,12,0,True
left,150,36,51,0,0,0,0,0,2,6,12,0,True
left,150,37,51,0,0,0,0,0,1,5,12,0,True
left,150,38,49,0,0,0,0,0,1,4,12,0,True
left,150,39,40,0,0,0,0,0,0,5,12,0,True
left,150,40,65,0,0,0,0,0,0,6,12,0,True
left,150,41,56,0,0,0,0,0,2,6,12,0,True
left,150,42,54,0,0,0,0,0,1,6,12,0,True
left,150,43,42,0,0,0,0,0,0,5,12,0,True
left,150,44,58,0,0,0,0,0,2,4,12,0,True
left,150,45,33,0,0,0,0,0,1,5,12,0,True
left,150,46,28,0,0,0,0,0,1,6,12,0,True
left,150,47,54,0,0,0,0,0,1,6,12,0,True
left,150,48,33,0,0,0,0,0,0,6,12,0,True
left,150,49,36,0,0,0,0,0,1,6,12,0,True
left,150,50,52,0,0,0,0,0,1,3,12,0,True
left,150,51,50,0,0,0,0,0,1,5,12,0,True
left,150,52,49,0,0,0,0,0,0,7,12,0,True
left,150,53,60,0,0,0,0,0,0,5,12,0,True
left,150,54,67,0,0,0,0,0,1,5,12,0,True
left,150,55,36,0,0,0,0,0,1,6,12,0,True
left,150,56,54,0,0,0,0,0,1,6,12,0,True
left,150,57,78,0,0,0,0,0,1,5,12,0,True
left,150,58,77,0,0,0,0,0,1,6,11,0,True
left,150,59,37,0,0,0,0,0,0,6,12,0,True
left,150,60,37,0,0,0,0,0,0,6,12,0,True
left,150,61,53,0,0,0,0,0,1,6,12,0,True
left,150,62,41,0,0,0,0,0,1,5,12,0,True
left,150,63,48,0,0,0,0,0,1,8,12,0,True
left,150,64,40,0,0,0,0,0,0,9,12,0,True
left,150,65,52,0,0,0,0,0,0,6,12,0,True
left,150,66,39,0,0,0,0,0,1,5,12,0,True
left,150,67,23,0,0,0,0,0,1,6,12,0,True
left,150,68,27,0,0,0,0,0,2,6,12,0,True
left,150,69,58,0,0,0,0,0,1,4,12,0,True
left,150,70,45,0,0,0,0,0,0,5,12,0,True
left,150,71,42,0,0,0,0,0,0,5,12,0,True
left,150,72,63,0,0,0,0,0,0,7,12,0,True
left,150,73,37,0,0,0,0,0,0,5,12,0,True
left,150,74,39,0,0,0,0,0,0,7,12,0,True
left,150,75,28,0,0,0,0,0,1,5,12,0,True
left,150,76,67,0,0,0,0,0,0,5,12,0,True
left,150,77,25,0,0,0,0,0,0,5,12,0,True
left,150,78,59,0,0,0,0,0,1,6,12,0,True
left,150,79,49,0,0,0,0,0,0,5,12,0,True
left,150,80,41,0,0,0,0,0,1,7,12,0,True
left,150,81,54,0,0,0,0,0,1,6,12,0,True
left,150,82,42,0,0,0,0,0,0,8,12,0,True
left,150,83,50,0,0,0,0,0,0,7,12,0,True
left,150,84,37,0,0,0,0,0,1,5,12,0,True
left,150,85,53,0,0,0,0,0,1,5,12,0,True
left,150,86,51,0,0,0,0,0,0,7,12,0,True
left,150,87,44,0,0,0,0,0,1,4,12,0,True
left,150,88,58,0,0,0,0,0,0,7,12,0,True
left,150,89,74,0,0,0,0,0,0,7,12,0,True
left,150,90,30,0,0,0,0,0,0,6,12,0,True
left,150,91,44,0,0,0,0,0,1,4,12,0,True
left,150,92,42,0,0,0,0,0,1,7,12,0,True
left,150,93,35,0,0,0,0,0,1,5,12,0,True
left,150,94,62,0,0,0,0,0,0,6,12,0,True
left,150,95,54,0,0,0,0,0,0,5,12,0,True
left,150,96,48,0,0,0,0,0,1,5,12,0,True
left,150,97,54,0,0,0,0,0,0,8,12,0,True
left,150,98,25,0,0,0,0,0,0,6,12,0,True
left,150,99,67,0,0,0,0,0,1,4,12,0,True
left,150,100,41,0,0,0,0,0,0,5,12,0,True
right,60,1,0,27,2,3,1,3,3,2,0,10,True
right,60,2,0,23,3,4,1,2,7,3,0,11,True
right,60,3,0,28,2,10,1,10,5,0,0,8,True
right,60,4,0,28,6,8,2,8,6,0,0,11,True
right,60,5,0,24,2,0,0,0,7,1,0,10,True
right,60,6,0,30,1,9,0,8,4,2,0,10,True
right,60,7,0,25,2,3,1,3,5,1,0,9,True
right,60,8,0,29,1,5,0,5,6,0,0,9,True
right,60,9,0,26,4,2,2,2,5,0,0,11,True
right,60,10,0,34,4,10,1,7,5,3,0,7,True
right,60,11,0,29,4,4,1,3,7,1,0,10,True
right,60,12,0,24,4,5,1,2,5,4,0,10,True
right,60,13,0,26,2,7,1,4,6,4,0,9,True
right,60,14,0,20,0,0,0,0,7,2,0,10,True
right,60,15,0,28,4,6,1,6,6,2,0,8,True
right,60,16,0,24,0,6,0,3,5,3,0,8,True
right,60,17,0,23,3,7,2,6,5,1,0,9,True
right,60,18,0,23,3,4,1,3,5,2,0,9,True
right,60,19,0,28,2,8,0,6,5,2,0,8,True
right,60,20,0,25,2,7,1,6,7,2,0,9,True
right,60,21,0,23,3,6,1,6,6,1,0,9,True
right,60,22,0,30,3,8,1,7,6,1,0,8,True
right,60,23,0,37,3,9,1,8,6,1,0,9,True
right,60,24,0,29,2,6,1,5,5,2,0,9,True
right,60,25,0,30,2,8,1,8,7,1,0,8,True
right,60,26,0,23,3,6,1,2,5,4,0,9,True
right,60,27,0,26,2,6,1,6,6,1,0,10,True
right,60,28,0,29,3,7,1,6,7,1,0,9,True
right,60,29,0,34,3,7,1,6,7,1,0,9,True
right,60,30,0,27,5,7,2,7,6,0,0,9,True
right,60,31,0,24,1,7,0,7,7,1,0,8,True
right,60,32,0,27,2,9,1,8,5,1,0,8,True
right,60,33,0,30,2,7,1,6,6,1,0,9,True
right,60,34,0,23,5,4,2,3,7,2,0,9,True
right,60,35,0,32,2,8,0,7,6,2,0,7,True
right,60,36,0,29,5,9,2,8,6,1,0,9,True
right,60,37,0,24,2,7,1,4,4,3,0,8,True
right,60,38,0,30,4,9,2,7,4,2,0,8,True
right,60,39,0,33,4,7,2,7,7,1,0,9,True
right,60,40,0,12,0,0,0,0,6,1,0,11,True
right,60,41,0,31,2,6,1,5,4,2,0,6,True
right,60,42,0,24,0,4,0,3,5,2,0,10,True
right,60,43,0,32,6,7,2,7,5,0,0,7,True
right,60,44,0,26,1,5,0,4,8,2,0,9,True
right,60,45,0,33,3,7,2,5,4,3,0,7,True
right,60,46,0,28,4,5,2,3,6,2,0,9,True
right,60,47,0,27,2,6,1,5,6,2,0,8,True
right,60,48,0,31,1,10,1,9,7,2,0,7,True
right,60,49,0,28,2,7,1,6,6,2,0,10,True
right,60,50,0,25,3,4,0,4,8,0,0,9,True
right,60,51,0,28,5,6,2,6,6,1,0,7,True
right,60,52,0,24,2,5,0,4,5,2,0,8,True
right,60,53,0,31,4,8,2,7,5,1,0,10,True
right,60,54,0,32,4,10,2,7,5,3,0,9,True
right,60,55,0,31,5,5,1,5,6,1,0,8,True
right,60,56,0,18,0,0,0,0,4,1,0,12,True
right,60,57,0,30,2,8,1,7,6,2,0,8,True
right,60,58,0,30,1,7,1,6,7,1,0,9,True
right,60,59,0,20,2,3,1,3,5,1,0,10,True
right,60,60,0,31,3,10,1,10,7,0,0,9,True
right,60,61,0,26,3,8,1,7,7,2,0,9,True
right,60,62,0,35,3,9,1,8,6,1,0,6,True
right,60,63,0,34,4,9,2,8,6,1,0,9,True
right,60,64,0,31,3,8,1,6,7,2,0,9,True
right,60,65,0,10,0,0,0,0,5,1,0,11,True
right,60,66,0,31,5,8,3,6,5,2,0,9,True
right,60,67,0,23,4,6,1,6,7,0,0,10,True
right,60,68,0,32,3,11,1,9,5,2,0,9,True
right,60,69,0,30,4,8,1,7,6,2,0,7,True
right,60,70,0,38,3,9,1,9,5,0,0,9,True
right,60,71,0,24,4,6,2,3,7,3,0,11,True
right,60,72,0,25,2,6,1,5,5,2,0,9,True
right,60,73,0,26,2,8,2,7,5,1,0,9,True
right,60,74,0,29,2,9,1,8,5,2,0,9,True
right,60,75,0,36,2,11,1,9,7,2,0,7,True
right,60,76,0,26,2,9,1,5,6,5,0,8,True
right,60,77,0,30,5,7,1,5,7,2,0,7,True
right,60,78,0,33,2,7,1,6,6,1,0,8,True
right,60,79,0,28,4,7,2,6,5,2,0,8,True
right,60,80,0,25,4,11,2,11,7,1,0,7,True
right,60,81,0,15,0,0,0,0,6,1,0,11,True
right,60,82,0,28,4,8,1,6,6,3,0,7,True
right,60,83,0,24,2,6,1,5,5,2,0,8,True
right,60,84,0,28,2,9,0,9,6,0,0,9,True
right,60,85,0,30,6,8,3,8,6,1,0,7,True
right,60,86,0,27,1,6,0,5,5,2,0,8,True
right,60,87,0,26,2,7,1,5,4,3,0,8,True
right,60,88,0,25,2,6,1,5,7,1,0,10,True
right,60,89,0,27,3,7,0,7,7,1,0,8,True
right,60,90,0,29,4,10,1,10,6,0,0,8,True
right,60,91,0,28,3,8,1,5,5,4,0,8,True
right,60,92,0,27,0,8,0,6,5,2,0,8,True
right,60,93,0,32,2,4,1,4,6,1,0,11,True
right,60,94,0,31,3,9,1,8,7,2,0,9,True
right,60,95,0,28,3,9,0,7,7,4,0,9,True
right,60,96,0,26,5,7,1,7,6,0,0,9,True
right,60,97,0,32,2,10,1,7,5,3,0,7,True
right,60,98,0,30,3,8,1,6,3,3,0,8,True
right,60,99,0,23,5,2,2,1,5,1,0,12,True
right,60,100,0,29,0,10,0,10,7,1,0,9,True
right,150,1,0,32,0,0,0,0,3,2,0,12,True
right,150,2,0,32,0,0,0,0,7,0,0,12,True
right,150,3,0,74,0,0,0,0,5,0,0,12,True
right,150,4,0,43,0,0,0,0,6,0,0,12,True
right,150,5,0,25,0,0,0,0,6,1,0,12,True
right,150,6,0,58,0,0,0,0,4,1,0,12,True
right,150,7,0,27,0,0,0,0,5,1,0,12,True
right,150,8,0,36,0,0,0,0,5,0,0,12,True
right,150,9,0,28,0,0,0,0,5,0,0,12,True
right,150,10,0,53,0,0,0,0,5,0,0,12,True
right,150,11,0,52,0,0,0,0,7,0,0,12,True
right,150,12,0,27,0,0,0,0,5,1,0,12,True
right,150,13,0,45,0,0,0,0,6,0,0,12,True
right,150,14,0,21,0,0,0,0,7,1,0,12,True
right,150,15,0,62,0,0,0,0,6,2,0,12,True
right,150,16,0,28,0,0,0,0,5,0,0,12,True
right,150,17,0,36,0,0,0,0,5,0,0,12,True
right,150,18,0,56,0,0,0,0,5,1,0,12,True
right,150,19,0,53,0,0,0,0,4,1,0,12,True
right,150,20,0,56,0,0,0,0,7,0,0,12,True
right,150,21,0,30,0,0,0,0,5,1,0,12,True
right,150,22,0,46,0,0,0,0,6,0,0,12,True
right,150,23,0,60,0,0,0,0,6,0,0,12,True
right,150,24,0,58,0,0,0,0,5,1,0,12,True
right,150,25,0,38,0,0,0,0,7,1,0,12,True
right,150,26,0,37,0,0,0,0,6,0,0,12,True
right,150,27,0,30,0,0,0,0,6,1,0,12,True
right,150,28,0,42,0,0,0,0,7,0,0,12,True
right,150,29,0,46,0,0,0,0,7,0,0,12,True
right,150,30,0,50,0,0,0,0,6,0,0,12,True
right,150,31,0,46,0,0,0,0,6,1,0,12,True
right,150,32,0,82,0,0,0,0,5,0,0,9,True
right,150,33,0,54,0,0,0,0,6,0,0,12,True
right,150,34,0,26,0,0,0,0,7,1,0,12,True
right,150,35,0,38,0,0,0,0,5,1,0,12,True
right,150,36,0,53,0,0,0,0,6,0,0,12,True
right,150,37,0,37,0,0,0,0,4,1,0,12,True
right,150,38,0,47,0,0,0,0,4,0,0,12,True
right,150,39,0,49,0,0,0,0,7,1,0,12,True
right,150,40,0,12,0,0,0,0,6,1,0,12,True
right,150,41,0,52,0,0,0,0,4,1,0,12,True
right,150,42,0,36,0,0,0,0,5,1,0,12,True
right,150,43,0,54,0,0,0,0,5,0,0,12,True
right,150,44,0,29,0,0,0,0,7,1,0,12,True
right,150,45,0,40,0,0,0,0,4,1,0,12,True
right,150,46,0,39,0,0,0,0,6,0,0,12,True
right,150,47,0,44,0,0,0,0,6,0,0,12,True
right,150,48,0,67,0,0,0,0,7,1,0,12,True
right,150,49,0,42,0,0,0,0,6,1,0,12,True
right,150,50,0,30,0,0,0,0,7,0,0,12,True
right,150,51,0,42,0,0,0,0,6,1,0,12,True
right,150,52,0,33,0,0,0,0,4,1,0,12,True
right,150,53,0,80,0,0,0,0,6,0,0,10,True
right,150,54,0,52,0,0,0,0,6,0,0,12,True
right,150,55,0,46,0,0,0,0,6,1,0,12,True
right,150,56,0,18,0,0,0,0,4,1,0,12,True
right,150,57,0,47,0,0,0,0,6,1,0,12,True
right,150,58,0,37,0,0,0,0,7,0,0,12,True
right,150,59,0,25,0,0,0,0,5,1,0,12,True
right,150,60,0,65,0,0,0,0,7,0,0,12,True
right,150,61,0,46,0,0,0,0,7,1,0,12,True
right,150,62,0,72,0,0,0,0,6,0,0,12,True
right,150,63,0,53,0,0,0,0,6,0,0,12,True
right,150,64,0,44,0,0,0,0,7,0,0,12,True
right,150,65,0,10,0,0,0,0,5,1,0,12,True
right,150,66,0,42,0,0,0,0,6,1,0,12,True
right,150,67,0,41,0,0,0,0,7,0,0,12,True
right,150,68,0,61,0,0,0,0,5,0,0,12,True
right,150,69,0,66,0,0,0,0,6,1,0,11,True
right,150,70,0,65,0,0,0,0,5,0,0,12,True
right,150,71,0,28,0,0,0,0,7,1,0,12,True
right,150,72,0,29,0,0,0,0,5,1,0,12,True
right,150,73,0,31,0,0,0,0,5,1,0,12,True
right,150,74,0,60,0,0,0,0,5,1,0,12,True
right,150,75,0,95,2,3,1,2,7,1,0,11,True
right,150,76,0,69,0,0,0,0,6,1,0,12,True
right,150,77,0,36,0,0,0,0,7,0,0,12,True
right,150,78,0,56,0,0,0,0,6,0,0,12,True
right,150,79,0,42,0,0,0,0,5,1,0,12,True
right,150,80,0,53,0,0,0,0,7,1,0,12,True
right,150,81,0,15,0,0,0,0,6,1,0,12,True
right,150,82,0,65,0,0,0,0,6,0,0,12,True
right,150,83,0,27,0,0,0,0,5,1,0,12,True
right,150,84,0,35,0,0,0,0,6,0,0,12,True
right,150,85,0,50,0,0,0,0,6,1,0,12,True
right,150,86,0,30,0,0,0,0,4,1,0,12,True
right,150,87,0,44,0,0,0,0,4,1,0,12,True
right,150,88,0,30,0,0,0,0,7,0,0,12,True
right,150,89,0,44,0,0,0,0,6,1,0,12,True
right,150,90,0,63,0,0,0,0,6,0,0,12,True
right,150,91,0,64,0,0,0,0,5,1,0,12,True
right,150,92,0,36,0,0,0,0,5,0,0,12,True
right,150,93,0,36,0,0,0,0,6,1,0,12,True
right,150,94,0,47,0,0,0,0,7,1,0,12,True
right,150,95,0,41,0,0,0,0,6,2,0,12,True
right,150,96,0,55,0,0,0,0,6,0,0,12,True
right,150,97,0,82,0,0,0,0,5,0,0,11,True
right,150,98,0,42,0,0,0,0,3,1,0,12,True
right,150,99,0,27,0,0,0,0,5,0,0,12,True
right,150,100,0,80,0,0,0,0,7,1,0,11,True
starve,60,1,0,0,0,0,0,0,4,7,0,0,True
starve,60,2,0,0,0,0,0,0,5,5,0,0,True
starve,60,3,0,0,0,0,0,0,6,6,0,0,True
starve,60,4,0,0,0,0,0,0,6,5,0,0,True
starve,60,5,0,0,0,0,0,0,6,5,0,0,True
starve,60,6,0,0,0,0,0,0,5,5,0,0,True
starve,60,7,0,0,0,0,0,0,6,5,0,0,True
starve,60,8,0,0,0,0,0,0,5,6,0,0,True
starve,60,9,0,0,0,0,0,0,7,6,0,0,True
starve,60,10,0,0,0,0,0,0,6,6,0,0,True
starve,60,11,0,0,0,0,0,0,5,5,0,0,True
starve,60,12,0,0,0,0,0,0,3,7,0,0,True
starve,60,13,0,0,0,0,0,0,6,5,0,0,True
starve,60,14,0,0,0,0,0,0,6,4,0,0,True
starve,60,15,0,0,0,0,0,0,7,4,0,0,True
starve,60,16,0,0,0,0,0,0,6,7,0,0,True
starve,60,17,0,0,0,0,0,0,7,5,0,0,True
starve,60,18,0,0,0,0,0,0,5,7,0,0,True
starve,60,19,0,0,0,0,0,0,7,6,0,0,True
starve,60,20,0,0,0,0,0,0,6,7,0,0,True
starve,60,21,0,0,0,0,0,0,4,5,0,0,True
starve,60,22,0,0,0,0,0,0,8,5,0,0,True
starve,60,23,0,0,0,0,0,0,7,5,0,0,True
starve,60,24,0,0,0,0,0,0,7,4,0,0,True
starve,60,25,0,0,0,0,0,0,7,5,0,0,True
starve,60,26,0,0,0,0,0,0,5,4,0,0,True
starve,60,27,0,0,0,0,0,0,6,4,0,0,True
starve,60,28,0,0,0,0,0,0,4,3,0,0,True
starve,60,29,0,0,2,3,1,1,8,7,0,0,True
starve,60,30,0,0,0,0,0,0,6,6,0,0,True
starve,60,31,0,0,0,0,0,0,5,8,0,0,True
starve,60,32,0,0,0,0,0,0,7,5,0,0,True
starve,60,33,0,0,0,0,0,0,6,7,0,0,True
starve,60,34,0,0,0,0,0,0,5,5,0,0,True
starve,60,35,0,0,0,0,0,0,6,6,0,0,True
starve,60,36,0,0,0,0,0,0,6,6,0,0,True
starve,60,37,0,0,0,0,0,0,7,7,0,0,True
starve,60,38,0,0,0,0,0,0,7,6,0,0,True
starve,60,39,0,0,0,0,0,0,6,5,0,0,True
starve,60,40,0,0,0,0,0,0,6,5,0,0,True
starve,60,41,0,0,0,0,0,0,5,6,0,0,True
starve,60,42,0,0,0,0,0,0,7,5,0,0,True
starve,60,43,0,0,0,0,0,0,5,7,0,0,True
starve,60,44,0,0,0,0,0,0,5,5,0,0,True
starve,60,45,0,0,0,0,0,0,5,7,0,0,True
starve,60,46,0,0,0,0,0,0,6,6,0,0,True
starve,60,47,0,0,0,0,0,0,6,5,0,0,True
starve,60,48,0,0,0,0,0,0,4,6,0,0,True
starve,60,49,0,0,0,0,0,0,6,5,0,0,True
starve,60,50,0,0,0,0,0,0,6,7,0,0,True
starve,60,51,0,0,0,0,0,0,5,5,0,0,True
starve,60,52,0,0,0,0,0,0,5,6,0,0,True
starve,60,53,0,0,0,0,0,0,7,4,0,0,True
starve,60,54,0,0,0,0,0,0,5,6,0,0,True
starve,60,55,0,0,0,0,0,0,4,5,0,0,True
starve,60,56,0,0,0,0,0,0,5,6,0,0,True
starve,60,57,0,0,0,0,0,0,5,7,0,0,True
starve,60,58,0,0,0,0,0,0,6,4,0,0,True
starve,60,59,0,0,0,0,0,0,4,6,0,0,True
starve,60,60,0,0,0,0,0,0,6,7,0,0,True
starve,60,61,0,0,0,0,0,0,5,5,0,0,True
starve,60,62,0,0,0,0,0,0,6,5,0,0,True
starve,60,63,0,0,0,0,0,0,6,4,0,0,True
starve,60,64,0,0,0,0,0,0,6,7,0,0,True
starve,60,65,0,0,0,0,0,0,6,5,0,0,True
starve,60,66,0,0,0,0,0,0,5,5,0,0,True
starve,60,67,0,0,0,0,0,0,7,8,0,0,True
starve,60,68,0,0,0,0,0,0,4,5,0,0,True
starve,60,69,0,0,0,0,0,0,5,6,0,0,True
starve,60,70,0,0,0,0,0,0,5,4,0,0,True
starve,60,71,0,0,0,0,0,0,6,5,0,0,True
starve,60,72,0,0,0,0,0,0,6,7,0,0,True
starve,60,73,0,0,0,0,0,0,4,6,0,0,True
starve,60,74,0,0,0,0,0,0,4,6,0,0,True
starve,60,75,0,0,0,0,0,0,5,7,0,0,True
starve,60,76,0,0,0,0,0,0,6,5,0,0,True
starve,60,77,0,0,0,0,0,0,5,5,0,0,True
starve,60,78,0,0,0,0,0,0,6,6,0,0,True
starve,60,79,0,0,0,0,0,0,6,4,0,0,True
starve,60,80,0,0,0,0,0,0,7,5,0,0,True
starve,60,81,0,0,0,0,0,0,4,6,0,0,True
starve,60,82,0,0,0,0,0,0,6,6,0,0,True
starve,60,83,0,0,0,0,0,0,7,5,0,0,True
starve,60,84,0,0,0,0,0,0,7,6,0,0,True
starve,60,85,0,0,0,0,0,0,7,6,0,0,True
starve,60,86,0,0,0,0,0,0,7,4,0,0,True
starve,60,87,0,0,0,0,0,0,4,5,0,0,True
starve,60,88,0,0,0,0,0,0,5,5,0,0,True
starve,60,89,0,0,0,0,0,0,6,4,0,0,True
starve,60,90,0,0,0,0,0,0,6,4,0,0,True
starve,60,91,0,0,0,0,0,0,6,5,0,0,True
starve,60,92,0,0,0,0,0,0,6,6,0,0,True
starve,60,93,0,0,0,0,0,0,6,6,0,0,True
starve,60,94,0,0,0,0,0,0,5,7,0,0,True
starve,60,95,0,0,0,0,0,0,6,5,0,0,True
starve,60,96,0,0,0,0,0,0,5,4,0,0,True
starve,60,97,0,0,0,0,0,0,6,5,0,0,True
starve,60,98,0,0,0,0,0,0,6,5,0,0,True
starve,60,99,0,0,0,0,0,0,5,6,0,0,True
starve,60,100,0,0,0,0,0,0,6,5,0,0,True
starve,150,1,0,0,0,0,0,0,4,7,0,0,True
starve,150,2,0,0,0,0,0,0,5,5,0,0,True
starve,150,3,0,0,0,0,0,0,6,6,0,0,True
starve,150,4,0,0,0,0,0,0,6,5,0,0,True
starve,150,5,0,0,0,0,0,0,6,5,0,0,True
starve,150,6,0,0,0,0,0,0,5,5,0,0,True
starve,150,7,0,0,0,0,0,0,6,5,0,0,True
starve,150,8,0,0,0,0,0,0,5,6,0,0,True
starve,150,9,0,0,0,0,0,0,7,6,0,0,True
starve,150,10,0,0,0,0,0,0,6,6,0,0,True
starve,150,11,0,0,0,0,0,0,5,5,0,0,True
starve,150,12,0,0,0,0,0,0,3,7,0,0,True
starve,150,13,0,0,0,0,0,0,6,5,0,0,True
starve,150,14,0,0,0,0,0,0,6,4,0,0,True
starve,150,15,0,0,0,0,0,0,7,4,0,0,True
starve,150,16,0,0,0,0,0,0,6,7,0,0,True
starve,150,17,0,0,0,0,0,0,7,5,0,0,True
starve,150,18,0,0,0,0,0,0,5,7,0,0,True
starve,150,19,0,0,0,0,0,0,7,6,0,0,True
starve,150,20,0,0,0,0,0,0,6,7,0,0,True
starve,150,21,0,0,0,0,0,0,4,5,0,0,True
starve,150,22,0,0,0,0,0,0,8,5,0,0,True
starve,150,23,0,0,0,0,0,0,7,5,0,0,True
starve,150,24,0,0,0,0,0,0,7,4,0,0,True
starve,150,25,0,0,0,0,0,0,7,5,0,0,True
starve,150,26,0,0,0,0,0,0,5,4,0,0,True
starve,150,27,0,0,0,0,0,0,6,4,0,0,True
starve,150,28,0,0,0,0,0,0,4,3,0,0,True
starve,150,29,0,0,0,0,0,0,8,7,0,0,True
starve,150,30,0,0,0,0,0,0,6,6,0,0,True
starve,150,31,0,0,0,0,0,0,5,8,0,0,True
starve,150,32,0,0,0,0,0,0,7,5,0,0,True
starve,150,33,0,0,0,0,0,0,6,7,0,0,True
starve,150,34,0,0,0,0,0,0,5,5,0,0,True
starve,150,35,0,0,0,0,0,0,6,6,0,0,True
starve,150,36,0,0,0,0,0,0,6,6,0,0,True
starve,150,37,0,0,0,0,0,0,7,7,0,0,True
starve,150,38,0,0,0,0,0,0,7,6,0,0,True
starve,150,39,0,0,0,0,0,0,6,5,0,0,True
starve,150,40,0,0,0,0,0,0,6,5,0,0,True
starve,150,41,0,0,0,0,0,0,5,6,0,0,True
starve,150,42,0,0,0,0,0,0,7,5,0,0,True
starve,150,43,0,0,0,0,0,0,5,7,0,0,True
starve,150,44,0,0,0,0,0,0,5,5,0,0,True
starve,150,45,0,0,0,0,0,0,5,7,0,0,True
starve,150,46,0,0,0,0,0,0,6,6,0,0,True
starve,150,47,0,0,0,0,0,0,6,5,0,0,True
starve,150,48,0,0,0,0,0,0,4,6,0,0,True
starve,150,49,0,0,0,0,0,0,6,5,0,0,True
starve,150,50,0,0,0,0,0,0,6,7,0,0,True
starve,150,51,0,0,0,0,0,0,5,5,0,0,True
starve,150,52,0,0,0,0,0,0,5,6,0,0,True
starve,150,53,0,0,0,0,0,0,7,4,0,0,True
starve,150,54,0,0,0,0,0,0,5,6,0,0,True
starve,150,55,0,0,0,0,0,0,4,5,0,0,True
starve,150,56,0,0,0,0,0,0,5,6,0,0,True
starve,150,57,0,0,0,0,0,0,5,7,0,0,True
starve,150,58,0,0,0,0,0,0,6,4,0,0,True
starve,150,59,0,0,0,0,0,0,4,6,0,0,True
starve,150,60,0,0,0,0,0,0,6,7,0,0,True
starve,150,61,0,0,0,0,0,0,5,5,0,0,True
starve,150,62,0,0,0,0,0,0,6,5,0,0,True
starve,150,63,0,0,0,0,0,0,6,4,0,0,True
starve,150,64,0,0,0,0,0,0,6,7,0,0,True
starve,150,65,0,0,0,0,0,0,6,5,0,0,True
starve,150,66,0,0,0,0,0,0,5,5,0,0,True
starve,150,67,0,0,0,0,0,0,7,8,0,0,True
starve,150,68,0,0,0,0,0,0,4,5,0,0,True
starve,150,69,0,0,0,0,0,0,5,6,0,0,True
starve,150,70,0,0,0,0,0,0,5,4,0,0,True
starve,150,71,0,0,0,0,0,0,6,5,0,0,True
starve,150,72,0,0,0,0,0,0,6,7,0,0,True
starve,150,73,0,0,0,0,0,0,4,6,0,0,True
starve,150,74,0,0,0,0,0,0,4,6,0,0,True
starve,150,75,0,0,0,0,0,0,5,7,0,0,True
starve,150,76,0,0,0,0,0,0,6,5,0,0,True
starve,150,77,0,0,0,0,0,0,5,5,0,0,True
starve,150,78,0,0,0,0,0,0,6,6,0,0,True
starve,150,79,0,0,0,0,0,0,6,4,0,0,True
starve,150,80,0,0,0,0,0,0,7,5,0,0,True
starve,150,81,0,0,0,0,0,0,4,6,0,0,True
starve,150,82,0,0,0,0,0,0,6,6,0,0,True
starve,150,83,0,0,0,0,0,0,7,5,0,0,True
starve,150,84,0,0,0,0,0,0,7,6,0,0,True
starve,150,85,0,0,0,0,0,0,7,6,0,0,True
starve,150,86,0,0,0,0,0,0,7,4,0,0,True
starve,150,87,0,0,0,0,0,0,4,5,0,0,True
starve,150,88,0,0,0,0,0,0,5,5,0,0,True
starve,150,89,0,0,0,0,0,0,6,4,0,0,True
starve,150,90,0,0,0,0,0,0,6,4,0,0,True
starve,150,91,0,0,0,0,0,0,6,5,0,0,True
starve,150,92,0,0,0,0,0,0,6,6,0,0,True
starve,150,93,0,0,0,0,0,0,6,6,0,0,True
starve,150,94,0,0,0,0,0,0,5,7,0,0,True
starve,150,95,0,0,0,0,0,0,6,5,0,0,True
starve,150,96,0,0,0,0,0,0,5,4,0,0,True
starve,150,97,0,0,0,0,0,0,6,5,0,0,True
starve,150,98,0,0,0,0,0,0,6,5,0,0,True
starve,150,99,0,0,0,0,0,0,5,6,0,0,True
starve,150,100,0,0,0,0,0,0,6,5,0,0,True
