ring,extra,seed,dom
23,α,1,α
23,α,2,α
23,α,3,α
23,α,4,β
23,α,5,β
23,α,6,α
23,α,7,β
23,α,8,α
23,α,9,α
23,α,10,α
23,α,11,α
23,α,12,α
23,α,13,β
23,α,14,α
23,α,15,α
23,α,16,α
23,α,17,α
23,α,18,β
23,α,19,β
23,α,20,α
23,α,21,α
23,α,22,α
23,α,23,α
23,α,24,β
23,α,25,α
23,α,26,α
23,α,27,α
23,α,28,β
23,α,29,α
23,α,30,α
23,α,31,α
23,α,32,α
23,α,33,α
23,α,34,α
23,α,35,β
23,α,36,α
23,α,37,β
23,α,38,α
23,α,39,α
23,α,40,α
23,α,41,α
23,α,42,α
23,α,43,β
23,α,44,β
23,α,45,β
23,α,46,α
23,α,47,α
23,α,48,α
23,α,49,β
23,α,50,α
23,α,51,α
23,α,52,α
23,α,53,α
23,α,54,α
23,α,55,α
23,α,56,α
23,α,57,β
23,α,58,α
23,α,59,α
23,α,60,α
23,α,61,β
23,α,62,α
23,α,63,α
23,α,64,α
23,α,65,β
23,α,66,β
23,α,67,α
23,α,68,α
23,α,69,α
23,α,70,α
23,α,71,β
23,α,72,β
23,α,73,α
23,α,74,β
23,α,75,α
23,α,76,β
23,α,77,α
23,α,78,α
23,α,79,α
23,α,80,α
23,α,81,β
23,α,82,β
23,α,83,α
23,α,84,α
23,α,85,α
23,α,86,α
23,α,87,α
23,α,88,α
23,α,89,α
23,α,90,α
23,α,91,α
23,α,92,α
23,α,93,α
23,α,94,α
23,α,95,β
23,α,96,α
23,α,97,β
23,α,98,β
23,α,99,α
23,α,100,α
23,β,1,α
23,β,2,α
23,β,3,α
23,β,4,β
23,β,5,β
23,β,6,α
23,β,7,α
23,β,8,α
23,β,9,α
23,β,10,β
23,β,11,α
23,β,12,α
23,β,13,β
23,β,14,α
23,β,15,α
23,β,16,α
23,β,17,α
23,β,18,β
23,β,19,β
23,β,20,α
23,β,21,β
23,β,22,α
23,β,23,α
23,β,24,β
23,β,25,α
23,β,26,α
23,β,27,α
23,β,28,β
23,β,29,α
23,β,30,α
23,β,31,α
23,β,32,α
23,β,33,α
23,β,34,β
23,β,35,β
23,β,36,β
23,β,37,β
23,β,38,α
23,β,39,α
23,β,40,α
23,β,41,β
23,β,42,α
23,β,43,β
23,β,44,α
23,β,45,β
23,β,46,α
23,β,47,α
23,β,48,α
23,β,49,β
23,β,50,α
23,β,51,α
23,β,52,α
23,β,53,α
23,β,54,α
23,β,55,α
23,β,56,α
23,β,57,β
23,β,58,α
23,β,59,α
23,β,60,α
23,β,61,β
23,β,62,α
23,β,63,α
23,β,64,α
23,β,65,β
23,β,66,β
23,β,67,α
23,β,68,α
23,β,69,β
23,β,70,α
23,β,71,β
23,β,72,β
23,β,73,α
23,β,74,β
23,β,75,α
23,β,76,β
23,β,77,β
23,β,78,α
23,β,79,α
23,β,80,α
23,β,81,α
23,β,82,β
23,β,83,α
23,β,84,β
23,β,85,α
23,β,86,α
23,β,87,α
23,β,88,α
23,β,89,α
23,β,90,α
23,β,91,α
23,β,92,α
23,β,93,α
23,β,94,α
23,β,95,β
23,β,96,α
23,β,97,β
23,β,98,β
23,β,99,α
23,β,100,α
24,-,1,α
24,-,2,β
24,-,3,α
24,-,4,α
24,-,5,β
24,-,6,β
24,-,7,α
24,-,8,α
24,-,9,α
24,-,10,α
24,-,11,β
24,-,12,β
24,-,13,β
24,-,14,α
24,-,15,α
24,-,16,β
24,-,17,α
24,-,18,α
24,-,19,β
24,-,20,α
24,-,21,α
24,-,22,α
24,-,23,α
24,-,24,β
24,-,25,α
24,-,26,α
24,-,27,α
24,-,28,β
24,-,29,α
24,-,30,α
24,-,31,α
24,-,32,α
24,-,33,α
24,-,34,α
24,-,35,α
24,-,36,β
24,-,37,α
24,-,38,α
24,-,39,α
24,-,40,β
24,-,41,β
24,-,42,α
24,-,43,α
24,-,44,β
24,-,45,α
24,-,46,α
24,-,47,α
24,-,48,α
24,-,49,β
24,-,50,α
24,-,51,β
24,-,52,α
24,-,53,α
24,-,54,β
24,-,55,α
24,-,56,α
24,-,57,β
24,-,58,α
24,-,59,α
24,-,60,β
24,-,61,β
24,-,62,α
24,-,63,α
24,-,64,α
24,-,65,β
24,-,66,α
24,-,67,α
24,-,68,α
24,-,69,α
24,-,70,α
24,-,71,β
24,-,72,α
24,-,73,α
24,-,74,β
24,-,75,α
24,-,76,β
24,-,77,α
24,-,78,α
24,-,79,β
24,-,80,α
24,-,81,β
24,-,82,β
24,-,83,α
24,-,84,α
24,-,85,β
24,-,86,β
24,-,87,α
24,-,88,α
24,-,89,β
24,-,90,α
24,-,91,α
24,-,92,α
24,-,93,β
24,-,94,α
24,-,95,β
24,-,96,α
24,-,97,β
24,-,98,α
24,-,99,α
24,-,100,β
24,-,101,α
24,-,102,α
24,-,103,β
24,-,104,β
24,-,105,α
24,-,106,α
24,-,107,β
24,-,108,α
24,-,109,α
24,-,110,β
24,-,111,α
24,-,112,α
24,-,113,α
24,-,114,α
24,-,115,α
24,-,116,α
24,-,117,α
24,-,118,α
24,-,119,α
24,-,120,α
24,-,121,β
24,-,122,α
24,-,123,α
24,-,124,β
24,-,125,α
24,-,126,α
24,-,127,α
24,-,128,α
24,-,129,β
24,-,130,α
24,-,131,β
24,-,132,α
24,-,133,β
24,-,134,β
24,-,135,α
24,-,136,α
24,-,137,α
24,-,138,α
24,-,139,α
24,-,140,α
24,-,141,α
24,-,142,α
24,-,143,α
24,-,144,β
24,-,145,β
24,-,146,α
24,-,147,α
24,-,148,α
24,-,149,β
24,-,150,α
24,-,151,β
24,-,152,α
24,-,153,β
24,-,154,β
24,-,155,α
24,-,156,β
24,-,157,α
24,-,158,α
24,-,159,β
24,-,160,α
24,-,161,α
24,-,162,α
24,-,163,β
24,-,164,β
24,-,165,α
24,-,166,β
24,-,167,α
24,-,168,α
24,-,169,α
24,-,170,α
24,-,171,α
24,-,172,β
24,-,173,α
24,-,174,β
24,-,175,α
24,-,176,β
24,-,177,α
24,-,178,α
24,-,179,β
24,-,180,α
24,-,181,α
24,-,182,α
24,-,183,α
24,-,184,β
24,-,185,α
24,-,186,β
24,-,187,β
24,-,188,α
24,-,189,α
24,-,190,α
24,-,191,β
24,-,192,α
24,-,193,β
24,-,194,α
24,-,195,α
24,-,196,α
24,-,197,β
24,-,198,α
24,-,199,α
24,-,200,α
25,α,1,α
25,α,2,α
25,α,3,β
25,α,4,α
25,α,5,α
25,α,6,β
25,α,7,α
25,α,8,α
25,α,9,α
25,α,10,β
25,α,11,β
25,α,12,α
25,α,13,α
25,α,14,β
25,α,15,α
25,α,16,α
25,α,17,α
25,α,18,α
25,α,19,β
25,α,20,α
25,α,21,β
25,α,22,α
25,α,23,α
25,α,24,α
25,α,25,α
25,α,26,α
25,α,27,α
25,α,28,β
25,α,29,α
25,α,30,β
25,α,31,β
25,α,32,α
25,α,33,α
25,α,34,β
25,α,35,β
25,α,36,β
25,α,37,β
25,α,38,α
25,α,39,α
25,α,40,α
25,α,41,β
25,α,42,α
25,α,43,α
25,α,44,α
25,α,45,α
25,α,46,α
25,α,47,α
25,α,48,α
25,α,49,β
25,α,50,α
25,α,51,β
25,α,52,α
25,α,53,α
25,α,54,α
25,α,55,α
25,α,56,α
25,α,57,α
25,α,58,α
25,α,59,β
25,α,60,β
25,α,61,α
25,α,62,β
25,α,63,α
25,α,64,α
25,α,65,α
25,α,66,α
25,α,67,α
25,α,68,β
25,α,69,β
25,α,70,β
25,α,71,α
25,α,72,α
25,α,73,α
25,α,74,β
25,α,75,α
25,α,76,α
25,α,77,β
25,α,78,α
25,α,79,β
25,α,80,α
25,α,81,β
25,α,82,β
25,α,83,α
25,α,84,α
25,α,85,β
25,α,86,β
25,α,87,α
25,α,88,β
25,α,89,α
25,α,90,α
25,α,91,α
25,α,92,α
25,α,93,α
25,α,94,α
25,α,95,α
25,α,96,α
25,α,97,β
25,α,98,α
25,α,99,β
25,α,100,β
25,β,1,α
25,β,2,α
25,β,3,β
25,β,4,α
25,β,5,α
25,β,6,α
25,β,7,α
25,β,8,α
25,β,9,α
25,β,10,α
25,β,11,β
25,β,12,α
25,β,13,α
25,β,14,β
25,β,15,α
25,β,16,α
25,β,17,α
25,β,18,α
25,β,19,β
25,β,20,α
25,β,21,α
25,β,22,α
25,β,23,α
25,β,24,α
25,β,25,α
25,β,26,β
25,β,27,α
25,β,28,β
25,β,29,α
25,β,30,β
25,β,31,β
25,β,32,α
25,β,33,α
25,β,34,α
25,β,35,β
25,β,36,β
25,β,37,β
25,β,38,α
25,β,39,α
25,β,40,α
25,β,41,β
25,β,42,α
25,β,43,α
25,β,44,α
25,β,45,α
25,β,46,α
25,β,47,α
25,β,48,α
25,β,49,β
25,β,50,α
25,β,51,β
25,β,52,α
25,β,53,α
25,β,54,α
25,β,55,α
25,β,56,α
25,β,57,β
25,β,58,β
25,β,59,β
25,β,60,β
25,β,61,α
25,β,62,β
25,β,63,α
25,β,64,α
25,β,65,α
25,β,66,α
25,β,67,α
25,β,68,α
25,β,69,β
25,β,70,α
25,β,71,β
25,β,72,β
25,β,73,α
25,β,74,β
25,β,75,α
25,β,76,α
25,β,77,β
25,β,78,α
25,β,79,β
25,β,80,α
25,β,81,β
25,β,82,β
25,β,83,α
25,β,84,α
25,β,85,β
25,β,86,β
25,β,87,α
25,β,88,β
25,β,89,α
25,β,90,α
25,β,91,α
25,β,92,α
25,β,93,α
25,β,94,α
25,β,95,β
25,β,96,α
25,β,97,β
25,β,98,α
25,β,99,β
25,β,100,β
47,α,1,α
47,α,2,α
47,α,3,α
47,α,4,α
47,α,5,α
47,α,6,β
47,α,7,α
47,α,8,α
47,α,9,α
47,α,10,α
47,α,11,α
47,α,12,α
47,α,13,α
47,α,14,α
47,α,15,α
47,α,16,α
47,α,17,α
47,α,18,α
47,α,19,β
47,α,20,α
47,α,21,β
47,α,22,α
47,α,23,α
47,α,24,α
47,α,25,α
47,α,26,α
47,α,27,α
47,α,28,β
47,α,29,α
47,α,30,α
47,α,31,α
47,α,32,α
47,α,33,α
47,α,34,β
47,α,35,α
47,α,36,α
47,α,37,α
47,α,38,α
47,α,39,α
47,α,40,α
47,α,41,β
47,α,42,α
47,α,43,α
47,α,44,α
47,α,45,α
47,α,46,α
47,α,47,α
47,α,48,α
47,α,49,α
47,α,50,α
47,α,51,α
47,α,52,α
47,α,53,α
47,α,54,α
47,α,55,α
47,α,56,α
47,α,57,α
47,α,58,α
47,α,59,α
47,α,60,α
47,α,61,α
47,α,62,β
47,α,63,α
47,α,64,α
47,α,65,α
47,α,66,α
47,α,67,α
47,α,68,α
47,α,69,α
47,α,70,α
47,α,71,α
47,α,72,α
47,α,73,α
47,α,74,α
47,α,75,α
47,α,76,α
47,α,77,α
47,α,78,α
47,α,79,α
47,α,80,α
47,α,81,α
47,α,82,α
47,α,83,α
47,α,84,α
47,α,85,α
47,α,86,α
47,α,87,α
47,α,88,α
47,α,89,α
47,α,90,α
47,α,91,α
47,α,92,α
47,α,93,α
47,α,94,α
47,α,95,β
47,α,96,α
47,α,97,α
47,α,98,α
47,α,99,α
47,α,100,α
47,β,1,α
47,β,2,α
47,β,3,α
47,β,4,α
47,β,5,α
47,β,6,β
47,β,7,α
47,β,8,α
47,β,9,α
47,β,10,α
47,β,11,α
47,β,12,α
47,β,13,α
47,β,14,α
47,β,15,α
47,β,16,α
47,β,17,α
47,β,18,α
47,β,19,β
47,β,20,α
47,β,21,α
47,β,22,α
47,β,23,α
47,β,24,α
47,β,25,α
47,β,26,α
47,β,27,α
47,β,28,β
47,β,29,α
47,β,30,α
47,β,31,α
47,β,32,α
47,β,33,α
47,β,34,β
47,β,35,α
47,β,36,α
47,β,37,α
47,β,38,α
47,β,39,α
47,β,40,α
47,β,41,β
47,β,42,α
47,β,43,α
47,β,44,α
47,β,45,α
47,β,46,α
47,β,47,α
47,β,48,α
47,β,49,α
47,β,50,α
47,β,51,α
47,β,52,α
47,β,53,α
47,β,54,α
47,β,55,α
47,β,56,α
47,β,57,α
47,β,58,α
47,β,59,α
47,β,60,α
47,β,61,α
47,β,62,α
47,β,63,α
47,β,64,α
47,β,65,α
47,β,66,α
47,β,67,β
47,β,68,α
47,β,69,α
47,β,70,α
47,β,71,α
47,β,72,α
47,β,73,α
47,β,74,α
47,β,75,α
47,β,76,α
47,β,77,α
47,β,78,α
47,β,79,α
47,β,80,α
47,β,81,α
47,β,82,α
47,β,83,α
47,β,84,α
47,β,85,α
47,β,86,α
47,β,87,α
47,β,88,α
47,β,89,α
47,β,90,α
47,β,91,α
47,β,92,α
47,β,93,α
47,β,94,α
47,β,95,β
47,β,96,α
47,β,97,α
47,β,98,α
47,β,99,α
47,β,100,α
48,-,1,α
48,-,2,α
48,-,3,α
48,-,4,α
48,-,5,α
48,-,6,α
48,-,7,α
48,-,8,α
48,-,9,α
48,-,10,α
48,-,11,β
48,-,12,α
48,-,13,α
48,-,14,α
48,-,15,α
48,-,16,α
48,-,17,α
48,-,18,α
48,-,19,α
48,-,20,α
48,-,21,β
48,-,22,α
48,-,23,β
48,-,24,α
48,-,25,α
48,-,26,α
48,-,27,α
48,-,28,α
48,-,29,α
48,-,30,α
48,-,31,α
48,-,32,α
48,-,33,β
48,-,34,α
48,-,35,α
48,-,36,α
48,-,37,α
48,-,38,α
48,-,39,α
48,-,40,α
48,-,41,α
48,-,42,α
48,-,43,α
48,-,44,β
48,-,45,β
48,-,46,α
48,-,47,β
48,-,48,α
48,-,49,β
48,-,50,α
48,-,51,β
48,-,52,α
48,-,53,α
48,-,54,α
48,-,55,α
48,-,56,α
48,-,57,α
48,-,58,α
48,-,59,α
48,-,60,α
48,-,61,α
48,-,62,α
48,-,63,α
48,-,64,α
48,-,65,α
48,-,66,α
48,-,67,α
48,-,68,α
48,-,69,α
48,-,70,β
48,-,71,α
48,-,72,α
48,-,73,α
48,-,74,α
48,-,75,α
48,-,76,α
48,-,77,α
48,-,78,α
48,-,79,α
48,-,80,α
48,-,81,α
48,-,82,α
48,-,83,α
48,-,84,α
48,-,85,α
48,-,86,α
48,-,87,α
48,-,88,α
48,-,89,α
48,-,90,α
48,-,91,α
48,-,92,β
48,-,93,α
48,-,94,β
48,-,95,α
48,-,96,α
48,-,97,α
48,-,98,α
48,-,99,α
48,-,100,α
48,-,101,β
48,-,102,α
48,-,103,β
48,-,104,α
48,-,105,α
48,-,106,α
48,-,107,α
48,-,108,α
48,-,109,α
48,-,110,α
48,-,111,α
48,-,112,α
48,-,113,β
48,-,114,α
48,-,115,α
48,-,116,α
48,-,117,α
48,-,118,α
48,-,119,α
48,-,120,α
48,-,121,α
48,-,122,β
48,-,123,α
48,-,124,α
48,-,125,α
48,-,126,α
48,-,127,α
48,-,128,α
48,-,129,α
48,-,130,α
48,-,131,α
48,-,132,α
48,-,133,β
48,-,134,α
48,-,135,α
48,-,136,β
48,-,137,α
48,-,138,α
48,-,139,α
48,-,140,α
48,-,141,α
48,-,142,α
48,-,143,α
48,-,144,α
48,-,145,α
48,-,146,α
48,-,147,β
48,-,148,α
48,-,149,α
48,-,150,β
48,-,151,α
48,-,152,α
48,-,153,α
48,-,154,α
48,-,155,α
48,-,156,α
48,-,157,α
48,-,158,α
48,-,159,α
48,-,160,α
48,-,161,α
48,-,162,α
48,-,163,α
48,-,164,α
48,-,165,α
48,-,166,α
48,-,167,α
48,-,168,α
48,-,169,α
48,-,170,α
48,-,171,α
48,-,172,α
48,-,173,α
48,-,174,α
48,-,175,α
48,-,176,α
48,-,177,β
48,-,178,α
48,-,179,α
48,-,180,α
48,-,181,α
48,-,182,α
48,-,183,α
48,-,184,α
48,-,185,α
48,-,186,α
48,-,187,α
48,-,188,α
48,-,189,α
48,-,190,α
48,-,191,β
48,-,192,α
48,-,193,α
48,-,194,α
48,-,195,α
48,-,196,α
48,-,197,α
48,-,198,β
48,-,199,α
48,-,200,α
49,α,1,α
49,α,2,α
49,α,3,α
49,α,4,α
49,α,5,α
49,α,6,α
49,α,7,α
49,α,8,α
49,α,9,α
49,α,10,α
49,α,11,β
49,α,12,α
49,α,13,α
49,α,14,α
49,α,15,α
49,α,16,α
49,α,17,α
49,α,18,α
49,α,19,α
49,α,20,α
49,α,21,α
49,α,22,α
49,α,23,α
49,α,24,α
49,α,25,α
49,α,26,α
49,α,27,α
49,α,28,α
49,α,29,α
49,α,30,α
49,α,31,α
49,α,32,α
49,α,33,α
49,α,34,β
49,α,35,α
49,α,36,α
49,α,37,α
49,α,38,α
49,α,39,α
49,α,40,β
49,α,41,α
49,α,42,β
49,α,43,α
49,α,44,β
49,α,45,α
49,α,46,α
49,α,47,α
49,α,48,α
49,α,49,α
49,α,50,α
49,α,51,β
49,α,52,β
49,α,53,β
49,α,54,β
49,α,55,α
49,α,56,α
49,α,57,α
49,α,58,α
49,α,59,α
49,α,60,β
49,α,61,α
49,α,62,α
49,α,63,α
49,α,64,α
49,α,65,α
49,α,66,α
49,α,67,α
49,α,68,α
49,α,69,α
49,α,70,α
49,α,71,α
49,α,72,α
49,α,73,α
49,α,74,β
49,α,75,α
49,α,76,β
49,α,77,α
49,α,78,α
49,α,79,α
49,α,80,α
49,α,81,α
49,α,82,α
49,α,83,α
49,α,84,α
49,α,85,α
49,α,86,α
49,α,87,α
49,α,88,α
49,α,89,α
49,α,90,α
49,α,91,α
49,α,92,α
49,α,93,β
49,α,94,β
49,α,95,α
49,α,96,α
49,α,97,α
49,α,98,α
49,α,99,α
49,α,100,α
49,β,1,α
49,β,2,α
49,β,3,α
49,β,4,α
49,β,5,α
49,β,6,α
49,β,7,α
49,β,8,α
49,β,9,α
49,β,10,α
49,β,11,β
49,β,12,α
49,β,13,α
49,β,14,α
49,β,15,α
49,β,16,β
49,β,17,α
49,β,18,α
49,β,19,α
49,β,20,α
49,β,21,β
49,β,22,α
49,β,23,α
49,β,24,α
49,β,25,α
49,β,26,α
49,β,27,α
49,β,28,α
49,β,29,α
49,β,30,α
49,β,31,α
49,β,32,α
49,β,33,α
49,β,34,α
49,β,35,α
49,β,36,α
49,β,37,α
49,β,38,α
49,β,39,α
49,β,40,α
49,β,41,α
49,β,42,α
49,β,43,α
49,β,44,β
49,β,45,α
49,β,46,α
49,β,47,α
49,β,48,α
49,β,49,α
49,β,50,α
49,β,51,β
49,β,52,α
49,β,53,β
49,β,54,β
49,β,55,α
49,β,56,α
49,β,57,α
49,β,58,β
49,β,59,α
49,β,60,β
49,β,61,α
49,β,62,α
49,β,63,α
49,β,64,α
49,β,65,α
49,β,66,α
49,β,67,α
49,β,68,α
49,β,69,α
49,β,70,α
49,β,71,α
49,β,72,α
49,β,73,α
49,β,74,α
49,β,75,α
49,β,76,β
49,β,77,α
49,β,78,α
49,β,79,α
49,β,80,α
49,β,81,α
49,β,82,α
49,β,83,α
49,β,84,α
49,β,85,α
49,β,86,α
49,β,87,α
49,β,88,α
49,β,89,α
49,β,90,α
49,β,91,α
49,β,92,β
49,β,93,β
49,β,94,β
49,β,95,α
49,β,96,α
49,β,97,α
49,β,98,α
49,β,99,α
49,β,100,α
