glyph,arm,seed,pre_cls,pre_p,outcome,exact
α,gated,1,FIXED,1,REPAIR,True
α,gated,2,FIXED,1,REPAIR,True
α,gated,3,FIXED,1,REPAIR,True
α,gated,4,FIXED,1,REPAIR,True
α,gated,5,FIXED,1,REPAIR,True
α,gated,6,FIXED,1,REPAIR,True
α,gated,7,FIXED,1,REPAIR,True
α,gated,8,FIXED,1,REPAIR,True
α,gated,9,FIXED,1,REPAIR,True
α,gated,10,FIXED,1,REPAIR,True
α,gated,11,FIXED,1,REPAIR,True
α,gated,12,FIXED,1,REPAIR,True
α,gated,13,FIXED,1,REPAIR,True
α,gated,14,FIXED,1,REPAIR,True
α,gated,15,FIXED,1,REPAIR,True
α,gated,16,FIXED,1,REPAIR,True
α,gated,17,FIXED,1,REPAIR,True
α,gated,18,FIXED,1,REPAIR,True
α,gated,19,FIXED,1,REPAIR,True
α,gated,20,FIXED,1,REPAIR,True
α,gated,21,FIXED,1,REPAIR,True
α,gated,22,FIXED,1,REPAIR,True
α,gated,23,FIXED,1,REPAIR,True
α,gated,24,FIXED,1,REPAIR,True
α,gated,25,FIXED,1,REPAIR,True
α,gated,26,FIXED,1,REPAIR,True
α,gated,27,FIXED,1,REPAIR,True
α,gated,28,FIXED,1,REPAIR,True
α,gated,29,FIXED,1,REPAIR,True
α,gated,30,FIXED,1,REPAIR,True
α,gated,31,FIXED,1,REPAIR,True
α,gated,32,FIXED,1,REPAIR,True
α,gated,33,FIXED,1,REPAIR,True
α,gated,34,FIXED,1,REPAIR,True
α,gated,35,FIXED,1,REPAIR,True
α,gated,36,FIXED,1,REPAIR,True
α,gated,37,FIXED,1,REPAIR,True
α,gated,38,FIXED,1,REPAIR,True
α,gated,39,FIXED,1,REPAIR,True
α,gated,40,FIXED,1,REPAIR,True
α,gated,41,FIXED,1,REPAIR,True
α,gated,42,FIXED,1,REPAIR,True
α,gated,43,FIXED,1,REPAIR,True
α,gated,44,FIXED,1,REPAIR,True
α,gated,45,FIXED,1,REPAIR,True
α,gated,46,FIXED,1,REPAIR,True
α,gated,47,FIXED,1,REPAIR,True
α,gated,48,FIXED,1,REPAIR,True
α,gated,49,FIXED,1,REPAIR,True
α,gated,50,FIXED,1,REPAIR,True
α,gated,51,FIXED,1,REPAIR,True
α,gated,52,FIXED,1,REPAIR,True
α,gated,53,FIXED,1,REPAIR,True
α,gated,54,FIXED,1,REPAIR,True
α,gated,55,FIXED,1,REPAIR,True
α,gated,56,FIXED,1,REPAIR,True
α,gated,57,FIXED,1,REPAIR,True
α,gated,58,FIXED,1,REPAIR,True
α,gated,59,FIXED,1,REPAIR,True
α,gated,60,FIXED,1,REPAIR,True
α,gated,61,FIXED,1,REPAIR,True
α,gated,62,FIXED,1,REPAIR,True
α,gated,63,FIXED,1,REPAIR,True
α,gated,64,FIXED,1,REPAIR,True
α,gated,65,FIXED,1,REPAIR,True
α,gated,66,FIXED,1,REPAIR,True
α,gated,67,FIXED,1,REPAIR,True
α,gated,68,FIXED,1,REPAIR,True
α,gated,69,FIXED,1,REPAIR,True
α,gated,70,FIXED,1,REPAIR,True
α,gated,71,FIXED,1,REPAIR,True
α,gated,72,FIXED,1,REPAIR,True
α,gated,73,FIXED,1,REPAIR,True
α,gated,74,FIXED,1,REPAIR,True
α,gated,75,FIXED,1,REPAIR,True
α,gated,76,FIXED,1,REPAIR,True
α,gated,77,FIXED,1,REPAIR,True
α,gated,78,FIXED,1,REPAIR,True
α,gated,79,FIXED,1,REPAIR,True
α,gated,80,FIXED,1,REPAIR,True
α,gated,81,FIXED,1,REPAIR,True
α,gated,82,FIXED,1,REPAIR,True
α,gated,83,FIXED,1,REPAIR,True
α,gated,84,FIXED,1,REPAIR,True
α,gated,85,FIXED,1,REPAIR,True
α,gated,86,FIXED,1,REPAIR,True
α,gated,87,FIXED,1,REPAIR,True
α,gated,88,FIXED,1,REPAIR,True
α,gated,89,FIXED,1,REPAIR,True
α,gated,90,FIXED,1,REPAIR,True
α,gated,91,FIXED,1,REPAIR,True
α,gated,92,FIXED,1,REPAIR,True
α,gated,93,FIXED,1,REPAIR,True
α,gated,94,FIXED,1,REPAIR,True
α,gated,95,FIXED,1,REPAIR,True
α,gated,96,FIXED,1,REPAIR,True
α,gated,97,FIXED,1,REPAIR,True
α,gated,98,FIXED,1,REPAIR,True
α,gated,99,FIXED,1,REPAIR,True
α,gated,100,FIXED,1,REPAIR,True
α,gated,101,FIXED,1,REPAIR,True
α,gated,102,FIXED,1,REPAIR,True
α,gated,103,FIXED,1,REPAIR,True
α,gated,104,FIXED,1,REPAIR,True
α,gated,105,FIXED,1,REPAIR,True
α,gated,106,FIXED,1,REPAIR,True
α,gated,107,FIXED,1,REPAIR,True
α,gated,108,FIXED,1,REPAIR,True
α,gated,109,FIXED,1,REPAIR,True
α,gated,110,FIXED,1,REPAIR,True
α,gated,111,FIXED,1,REPAIR,True
α,gated,112,FIXED,1,REPAIR,True
α,gated,113,FIXED,1,REPAIR,True
α,gated,114,FIXED,1,REPAIR,True
α,gated,115,FIXED,1,REPAIR,True
α,gated,116,FIXED,1,REPAIR,True
α,gated,117,FIXED,1,REPAIR,True
α,gated,118,FIXED,1,REPAIR,True
α,gated,119,FIXED,1,REPAIR,True
α,gated,120,FIXED,1,REPAIR,True
α,gated,121,FIXED,1,REPAIR,True
α,gated,122,FIXED,1,REPAIR,True
α,gated,123,FIXED,1,REPAIR,True
α,gated,124,FIXED,1,REPAIR,True
α,gated,125,FIXED,1,REPAIR,True
α,gated,126,FIXED,1,REPAIR,True
α,gated,127,FIXED,1,REPAIR,True
α,gated,128,FIXED,1,REPAIR,True
α,gated,129,FIXED,1,REPAIR,True
α,gated,130,FIXED,1,REPAIR,True
α,gated,131,FIXED,1,REPAIR,True
α,gated,132,FIXED,1,REPAIR,True
α,gated,133,FIXED,1,REPAIR,True
α,gated,134,FIXED,1,REPAIR,True
α,gated,135,FIXED,1,REPAIR,True
α,gated,136,FIXED,1,REPAIR,True
α,gated,137,FIXED,1,REPAIR,True
α,gated,138,FIXED,1,REPAIR,True
α,gated,139,FIXED,1,REPAIR,True
α,gated,140,FIXED,1,REPAIR,True
α,gated,141,FIXED,1,REPAIR,True
α,gated,142,FIXED,1,REPAIR,True
α,gated,143,FIXED,1,REPAIR,True
α,gated,144,FIXED,1,REPAIR,True
α,gated,145,FIXED,1,REPAIR,True
α,gated,146,FIXED,1,REPAIR,True
α,gated,147,FIXED,1,REPAIR,True
α,gated,148,FIXED,1,REPAIR,True
α,gated,149,FIXED,1,REPAIR,True
α,gated,150,FIXED,1,REPAIR,True
α,gated,151,FIXED,1,REPAIR,True
α,gated,152,FIXED,1,REPAIR,True
α,gated,153,FIXED,1,REPAIR,True
α,gated,154,FIXED,1,REPAIR,True
α,gated,155,FIXED,1,REPAIR,True
α,gated,156,FIXED,1,REPAIR,True
α,gated,157,FIXED,1,REPAIR,True
α,gated,158,FIXED,1,REPAIR,True
α,gated,159,FIXED,1,REPAIR,True
α,gated,160,FIXED,1,REPAIR,True
α,gated,161,FIXED,1,REPAIR,True
α,gated,162,FIXED,1,REPAIR,True
α,gated,163,FIXED,1,REPAIR,True
α,gated,164,FIXED,1,REPAIR,True
α,gated,165,FIXED,1,REPAIR,True
α,gated,166,FIXED,1,REPAIR,True
α,gated,167,FIXED,1,REPAIR,True
α,gated,168,FIXED,1,REPAIR,True
α,gated,169,FIXED,1,REPAIR,True
α,gated,170,FIXED,1,REPAIR,True
α,gated,171,FIXED,1,REPAIR,True
α,gated,172,FIXED,1,REPAIR,True
α,gated,173,FIXED,1,REPAIR,True
α,gated,174,FIXED,1,REPAIR,True
α,gated,175,FIXED,1,REPAIR,True
α,gated,176,FIXED,1,REPAIR,True
α,gated,177,FIXED,1,REPAIR,True
α,gated,178,FIXED,1,REPAIR,True
α,gated,179,FIXED,1,REPAIR,True
α,gated,180,FIXED,1,REPAIR,True
α,gated,181,FIXED,1,REPAIR,True
α,gated,182,FIXED,1,REPAIR,True
α,gated,183,FIXED,1,REPAIR,True
α,gated,184,FIXED,1,REPAIR,True
α,gated,185,FIXED,1,REPAIR,True
α,gated,186,FIXED,1,REPAIR,True
α,gated,187,FIXED,1,REPAIR,True
α,gated,188,FIXED,1,REPAIR,True
α,gated,189,FIXED,1,REPAIR,True
α,gated,190,FIXED,1,REPAIR,True
α,gated,191,FIXED,1,REPAIR,True
α,gated,192,FIXED,1,REPAIR,True
α,gated,193,FIXED,1,REPAIR,True
α,gated,194,FIXED,1,REPAIR,True
α,gated,195,FIXED,1,REPAIR,True
α,gated,196,FIXED,1,REPAIR,True
α,gated,197,FIXED,1,REPAIR,True
α,gated,198,FIXED,1,REPAIR,True
α,gated,199,FIXED,1,REPAIR,True
α,gated,200,FIXED,1,REPAIR,True
α,plain,1,FIXED,1,REPAIR,True
α,plain,2,FIXED,1,REPAIR,True
α,plain,3,FIXED,1,REPAIR,True
α,plain,4,FIXED,1,REPAIR,True
α,plain,5,FIXED,1,REPAIR,True
α,plain,6,FIXED,1,REPAIR,True
α,plain,7,FIXED,1,REPAIR,True
α,plain,8,FIXED,1,REPAIR,True
α,plain,9,FIXED,1,REPAIR,True
α,plain,10,FIXED,1,REPAIR,True
α,plain,11,FIXED,1,REPAIR,True
α,plain,12,FIXED,1,REPAIR,True
α,plain,13,FIXED,1,REPAIR,True
α,plain,14,FIXED,1,REPAIR,True
α,plain,15,FIXED,1,REPAIR,True
α,plain,16,FIXED,1,REPAIR,True
α,plain,17,FIXED,1,REPAIR,True
α,plain,18,FIXED,1,REPAIR,True
α,plain,19,FIXED,1,REPAIR,True
α,plain,20,FIXED,1,REPAIR,True
α,plain,21,FIXED,1,REPAIR,True
α,plain,22,FIXED,1,REPAIR,True
α,plain,23,FIXED,1,REPAIR,True
α,plain,24,FIXED,1,REPAIR,True
α,plain,25,FIXED,1,REPAIR,True
α,plain,26,FIXED,1,REPAIR,True
α,plain,27,FIXED,1,REPAIR,True
α,plain,28,FIXED,1,REPAIR,True
α,plain,29,FIXED,1,REPAIR,True
α,plain,30,FIXED,1,REPAIR,True
α,plain,31,FIXED,1,REPAIR,True
α,plain,32,FIXED,1,REPAIR,True
α,plain,33,FIXED,1,REPAIR,True
α,plain,34,FIXED,1,REPAIR,True
α,plain,35,FIXED,1,REPAIR,True
α,plain,36,FIXED,1,REPAIR,True
α,plain,37,FIXED,1,REPAIR,True
α,plain,38,FIXED,1,REPAIR,True
α,plain,39,FIXED,1,REPAIR,True
α,plain,40,FIXED,1,REPAIR,True
α,plain,41,FIXED,1,REPAIR,True
α,plain,42,FIXED,1,REPAIR,True
α,plain,43,FIXED,1,REPAIR,True
α,plain,44,FIXED,1,REPAIR,True
α,plain,45,FIXED,1,REPAIR,True
α,plain,46,FIXED,1,REPAIR,True
α,plain,47,FIXED,1,REPAIR,True
α,plain,48,FIXED,1,REPAIR,True
α,plain,49,FIXED,1,REPAIR,True
α,plain,50,FIXED,1,REPAIR,True
α,plain,51,FIXED,1,REPAIR,True
α,plain,52,FIXED,1,REPAIR,True
α,plain,53,FIXED,1,REPAIR,True
α,plain,54,FIXED,1,REPAIR,True
α,plain,55,FIXED,1,REPAIR,True
α,plain,56,FIXED,1,REPAIR,True
α,plain,57,FIXED,1,REPAIR,True
α,plain,58,FIXED,1,REPAIR,True
α,plain,59,FIXED,1,REPAIR,True
α,plain,60,FIXED,1,REPAIR,True
α,plain,61,FIXED,1,REPAIR,True
α,plain,62,FIXED,1,REPAIR,True
α,plain,63,FIXED,1,REPAIR,True
α,plain,64,FIXED,1,REPAIR,True
α,plain,65,FIXED,1,REPAIR,True
α,plain,66,FIXED,1,REPAIR,True
α,plain,67,FIXED,1,REPAIR,True
α,plain,68,FIXED,1,REPAIR,True
α,plain,69,FIXED,1,REPAIR,True
α,plain,70,FIXED,1,REPAIR,True
α,plain,71,FIXED,1,REPAIR,True
α,plain,72,FIXED,1,REPAIR,True
α,plain,73,FIXED,1,REPAIR,True
α,plain,74,FIXED,1,REPAIR,True
α,plain,75,FIXED,1,REPAIR,True
α,plain,76,FIXED,1,REPAIR,True
α,plain,77,FIXED,1,REPAIR,True
α,plain,78,FIXED,1,REPAIR,True
α,plain,79,FIXED,1,REPAIR,True
α,plain,80,FIXED,1,REPAIR,True
α,plain,81,FIXED,1,REPAIR,True
α,plain,82,FIXED,1,REPAIR,True
α,plain,83,FIXED,1,REPAIR,True
α,plain,84,FIXED,1,REPAIR,True
α,plain,85,FIXED,1,REPAIR,True
α,plain,86,FIXED,1,REPAIR,True
α,plain,87,FIXED,1,REPAIR,True
α,plain,88,FIXED,1,REPAIR,True
α,plain,89,FIXED,1,REPAIR,True
α,plain,90,FIXED,1,REPAIR,True
α,plain,91,FIXED,1,REPAIR,True
α,plain,92,FIXED,1,REPAIR,True
α,plain,93,FIXED,1,REPAIR,True
α,plain,94,FIXED,1,REPAIR,True
α,plain,95,FIXED,1,REPAIR,True
α,plain,96,FIXED,1,REPAIR,True
α,plain,97,FIXED,1,REPAIR,True
α,plain,98,FIXED,1,REPAIR,True
α,plain,99,FIXED,1,REPAIR,True
α,plain,100,FIXED,1,REPAIR,True
α,plain,101,FIXED,1,REPAIR,True
α,plain,102,FIXED,1,REPAIR,True
α,plain,103,FIXED,1,REPAIR,True
α,plain,104,FIXED,1,REPAIR,True
α,plain,105,FIXED,1,REPAIR,True
α,plain,106,FIXED,1,REPAIR,True
α,plain,107,FIXED,1,REPAIR,True
α,plain,108,FIXED,1,REPAIR,True
α,plain,109,FIXED,1,REPAIR,True
α,plain,110,FIXED,1,REPAIR,True
α,plain,111,FIXED,1,REPAIR,True
α,plain,112,FIXED,1,REPAIR,True
α,plain,113,FIXED,1,REPAIR,True
α,plain,114,FIXED,1,REPAIR,True
α,plain,115,FIXED,1,REPAIR,True
α,plain,116,FIXED,1,REPAIR,True
α,plain,117,FIXED,1,REPAIR,True
α,plain,118,FIXED,1,REPAIR,True
α,plain,119,FIXED,1,REPAIR,True
α,plain,120,FIXED,1,REPAIR,True
α,plain,121,FIXED,1,REPAIR,True
α,plain,122,FIXED,1,REPAIR,True
α,plain,123,FIXED,1,REPAIR,True
α,plain,124,FIXED,1,REPAIR,True
α,plain,125,FIXED,1,REPAIR,True
α,plain,126,FIXED,1,REPAIR,True
α,plain,127,FIXED,1,REPAIR,True
α,plain,128,FIXED,1,REPAIR,True
α,plain,129,FIXED,1,REPAIR,True
α,plain,130,FIXED,1,REPAIR,True
α,plain,131,FIXED,1,REPAIR,True
α,plain,132,FIXED,1,REPAIR,True
α,plain,133,FIXED,1,REPAIR,True
α,plain,134,FIXED,1,REPAIR,True
α,plain,135,FIXED,1,REPAIR,True
α,plain,136,FIXED,1,REPAIR,True
α,plain,137,FIXED,1,REPAIR,True
α,plain,138,FIXED,1,REPAIR,True
α,plain,139,FIXED,1,REPAIR,True
α,plain,140,FIXED,1,REPAIR,True
α,plain,141,FIXED,1,REPAIR,True
α,plain,142,FIXED,1,REPAIR,True
α,plain,143,FIXED,1,REPAIR,True
α,plain,144,FIXED,1,REPAIR,True
α,plain,145,FIXED,1,REPAIR,True
α,plain,146,FIXED,1,REPAIR,True
α,plain,147,FIXED,1,REPAIR,True
α,plain,148,FIXED,1,REPAIR,True
α,plain,149,FIXED,1,REPAIR,True
α,plain,150,FIXED,1,REPAIR,True
α,plain,151,FIXED,1,REPAIR,True
α,plain,152,FIXED,1,REPAIR,True
α,plain,153,FIXED,1,REPAIR,True
α,plain,154,FIXED,1,REPAIR,True
α,plain,155,FIXED,1,REPAIR,True
α,plain,156,FIXED,1,REPAIR,True
α,plain,157,FIXED,1,REPAIR,True
α,plain,158,FIXED,1,REPAIR,True
α,plain,159,FIXED,1,REPAIR,True
α,plain,160,FIXED,1,REPAIR,True
α,plain,161,FIXED,1,REPAIR,True
α,plain,162,FIXED,1,REPAIR,True
α,plain,163,FIXED,1,REPAIR,True
α,plain,164,FIXED,1,REPAIR,True
α,plain,165,FIXED,1,REPAIR,True
α,plain,166,FIXED,1,REPAIR,True
α,plain,167,FIXED,1,REPAIR,True
α,plain,168,FIXED,1,REPAIR,True
α,plain,169,FIXED,1,REPAIR,True
α,plain,170,FIXED,1,REPAIR,True
α,plain,171,FIXED,1,REPAIR,True
α,plain,172,FIXED,1,REPAIR,True
α,plain,173,FIXED,1,REPAIR,True
α,plain,174,FIXED,1,REPAIR,True
α,plain,175,FIXED,1,REPAIR,True
α,plain,176,FIXED,1,REPAIR,True
α,plain,177,FIXED,1,REPAIR,True
α,plain,178,FIXED,1,REPAIR,True
α,plain,179,FIXED,1,REPAIR,True
α,plain,180,FIXED,1,REPAIR,True
α,plain,181,FIXED,1,REPAIR,True
α,plain,182,FIXED,1,REPAIR,True
α,plain,183,FIXED,1,REPAIR,True
α,plain,184,FIXED,1,REPAIR,True
α,plain,185,FIXED,1,REPAIR,True
α,plain,186,FIXED,1,REPAIR,True
α,plain,187,FIXED,1,REPAIR,True
α,plain,188,FIXED,1,REPAIR,True
α,plain,189,FIXED,1,REPAIR,True
α,plain,190,FIXED,1,REPAIR,True
α,plain,191,FIXED,1,REPAIR,True
α,plain,192,FIXED,1,REPAIR,True
α,plain,193,FIXED,1,REPAIR,True
α,plain,194,FIXED,1,REPAIR,True
α,plain,195,FIXED,1,REPAIR,True
α,plain,196,FIXED,1,REPAIR,True
α,plain,197,FIXED,1,REPAIR,True
α,plain,198,FIXED,1,REPAIR,True
α,plain,199,FIXED,1,REPAIR,True
α,plain,200,FIXED,1,REPAIR,True
β,gated,1,TRANSLATION,6,REPAIR,True
β,gated,2,TRANSLATION,6,REPAIR,True
β,gated,3,TRANSLATION,6,REPAIR,True
β,gated,4,TRANSLATION,6,REPAIR,True
β,gated,5,TRANSLATION,6,REPAIR,True
β,gated,6,TRANSLATION,6,REPAIR,True
β,gated,7,TRANSLATION,6,REPAIR,True
β,gated,8,TRANSLATION,6,REPAIR,True
β,gated,9,TRANSLATION,6,REPAIR,True
β,gated,10,TRANSLATION,6,REPAIR,True
β,gated,11,TRANSLATION,6,REPAIR,True
β,gated,12,TRANSLATION,6,REPAIR,True
β,gated,13,TRANSLATION,6,REPAIR,True
β,gated,14,TRANSLATION,6,REPAIR,True
β,gated,15,TRANSLATION,6,REPAIR,True
β,gated,16,TRANSLATION,6,REPAIR,True
β,gated,17,TRANSLATION,6,REPAIR,True
β,gated,18,TRANSLATION,6,REPAIR,True
β,gated,19,TRANSLATION,6,REPAIR,True
β,gated,20,TRANSLATION,6,REPAIR,True
β,gated,21,TRANSLATION,6,REPAIR,True
β,gated,22,TRANSLATION,6,REPAIR,True
β,gated,23,TRANSLATION,6,REPAIR,True
β,gated,24,TRANSLATION,6,REPAIR,True
β,gated,25,TRANSLATION,6,REPAIR,True
β,gated,26,TRANSLATION,6,REPAIR,True
β,gated,27,TRANSLATION,6,REPAIR,True
β,gated,28,TRANSLATION,6,REPAIR,True
β,gated,29,TRANSLATION,6,REPAIR,True
β,gated,30,TRANSLATION,6,REPAIR,True
β,gated,31,TRANSLATION,6,REPAIR,True
β,gated,32,TRANSLATION,6,REPAIR,True
β,gated,33,TRANSLATION,6,REPAIR,True
β,gated,34,TRANSLATION,6,REPAIR,True
β,gated,35,TRANSLATION,6,REPAIR,True
β,gated,36,TRANSLATION,6,REPAIR,True
β,gated,37,TRANSLATION,6,REPAIR,True
β,gated,38,TRANSLATION,6,REPAIR,True
β,gated,39,TRANSLATION,6,REPAIR,True
β,gated,40,TRANSLATION,6,REPAIR,True
β,gated,41,TRANSLATION,6,REPAIR,True
β,gated,42,TRANSLATION,6,REPAIR,True
β,gated,43,TRANSLATION,6,REPAIR,True
β,gated,44,TRANSLATION,6,REPAIR,True
β,gated,45,TRANSLATION,6,REPAIR,True
β,gated,46,TRANSLATION,6,REPAIR,True
β,gated,47,TRANSLATION,6,REPAIR,True
β,gated,48,TRANSLATION,6,REPAIR,True
β,gated,49,TRANSLATION,6,REPAIR,True
β,gated,50,TRANSLATION,6,REPAIR,True
β,gated,51,TRANSLATION,6,REPAIR,True
β,gated,52,TRANSLATION,6,REPAIR,True
β,gated,53,TRANSLATION,6,REPAIR,True
β,gated,54,TRANSLATION,6,REPAIR,True
β,gated,55,TRANSLATION,6,REPAIR,True
β,gated,56,TRANSLATION,6,REPAIR,True
β,gated,57,TRANSLATION,6,REPAIR,True
β,gated,58,TRANSLATION,6,REPAIR,True
β,gated,59,TRANSLATION,6,REPAIR,True
β,gated,60,TRANSLATION,6,REPAIR,True
β,gated,61,TRANSLATION,6,REPAIR,True
β,gated,62,TRANSLATION,6,REPAIR,True
β,gated,63,TRANSLATION,6,REPAIR,True
β,gated,64,TRANSLATION,6,REPAIR,True
β,gated,65,TRANSLATION,6,REPAIR,True
β,gated,66,TRANSLATION,6,REPAIR,True
β,gated,67,TRANSLATION,6,REPAIR,True
β,gated,68,TRANSLATION,6,REPAIR,True
β,gated,69,TRANSLATION,6,REPAIR,True
β,gated,70,TRANSLATION,6,REPAIR,True
β,gated,71,TRANSLATION,6,REPAIR,True
β,gated,72,TRANSLATION,6,REPAIR,True
β,gated,73,TRANSLATION,6,REPAIR,True
β,gated,74,TRANSLATION,6,REPAIR,True
β,gated,75,TRANSLATION,6,REPAIR,True
β,gated,76,TRANSLATION,6,REPAIR,True
β,gated,77,TRANSLATION,6,REPAIR,True
β,gated,78,TRANSLATION,6,REPAIR,True
β,gated,79,TRANSLATION,6,REPAIR,True
β,gated,80,TRANSLATION,6,REPAIR,True
β,gated,81,TRANSLATION,6,REPAIR,True
β,gated,82,TRANSLATION,6,REPAIR,True
β,gated,83,TRANSLATION,6,REPAIR,True
β,gated,84,TRANSLATION,6,REPAIR,True
β,gated,85,TRANSLATION,6,REPAIR,True
β,gated,86,TRANSLATION,6,REPAIR,True
β,gated,87,TRANSLATION,6,REPAIR,True
β,gated,88,TRANSLATION,6,REPAIR,True
β,gated,89,TRANSLATION,6,REPAIR,True
β,gated,90,TRANSLATION,6,REPAIR,True
β,gated,91,TRANSLATION,6,REPAIR,True
β,gated,92,TRANSLATION,6,REPAIR,True
β,gated,93,TRANSLATION,6,REPAIR,True
β,gated,94,TRANSLATION,6,REPAIR,True
β,gated,95,TRANSLATION,6,REPAIR,True
β,gated,96,TRANSLATION,6,REPAIR,True
β,gated,97,TRANSLATION,6,REPAIR,True
β,gated,98,TRANSLATION,6,REPAIR,True
β,gated,99,TRANSLATION,6,REPAIR,True
β,gated,100,TRANSLATION,6,REPAIR,True
β,gated,101,TRANSLATION,6,REPAIR,True
β,gated,102,TRANSLATION,6,REPAIR,True
β,gated,103,TRANSLATION,6,REPAIR,True
β,gated,104,TRANSLATION,6,REPAIR,True
β,gated,105,TRANSLATION,6,REPAIR,True
β,gated,106,TRANSLATION,6,REPAIR,True
β,gated,107,TRANSLATION,6,REPAIR,True
β,gated,108,TRANSLATION,6,REPAIR,True
β,gated,109,TRANSLATION,6,REPAIR,True
β,gated,110,TRANSLATION,6,REPAIR,True
β,gated,111,TRANSLATION,6,REPAIR,True
β,gated,112,TRANSLATION,6,REPAIR,True
β,gated,113,TRANSLATION,6,REPAIR,True
β,gated,114,TRANSLATION,6,REPAIR,True
β,gated,115,TRANSLATION,6,REPAIR,True
β,gated,116,TRANSLATION,6,REPAIR,True
β,gated,117,TRANSLATION,6,REPAIR,True
β,gated,118,TRANSLATION,6,REPAIR,True
β,gated,119,TRANSLATION,6,REPAIR,True
β,gated,120,TRANSLATION,6,REPAIR,True
β,gated,121,TRANSLATION,6,REPAIR,True
β,gated,122,TRANSLATION,6,REPAIR,True
β,gated,123,TRANSLATION,6,REPAIR,True
β,gated,124,TRANSLATION,6,REPAIR,True
β,gated,125,TRANSLATION,6,REPAIR,True
β,gated,126,TRANSLATION,6,REPAIR,True
β,gated,127,TRANSLATION,6,REPAIR,True
β,gated,128,TRANSLATION,6,REPAIR,True
β,gated,129,TRANSLATION,6,REPAIR,True
β,gated,130,TRANSLATION,6,REPAIR,True
β,gated,131,TRANSLATION,6,REPAIR,True
β,gated,132,TRANSLATION,6,REPAIR,True
β,gated,133,TRANSLATION,6,REPAIR,True
β,gated,134,TRANSLATION,6,REPAIR,True
β,gated,135,TRANSLATION,6,REPAIR,True
β,gated,136,TRANSLATION,6,REPAIR,True
β,gated,137,TRANSLATION,6,REPAIR,True
β,gated,138,TRANSLATION,6,REPAIR,True
β,gated,139,TRANSLATION,6,REPAIR,True
β,gated,140,TRANSLATION,6,REPAIR,True
β,gated,141,TRANSLATION,6,REPAIR,True
β,gated,142,TRANSLATION,6,REPAIR,True
β,gated,143,TRANSLATION,6,REPAIR,True
β,gated,144,TRANSLATION,6,REPAIR,True
β,gated,145,TRANSLATION,6,REPAIR,True
β,gated,146,TRANSLATION,6,REPAIR,True
β,gated,147,TRANSLATION,6,REPAIR,True
β,gated,148,TRANSLATION,6,REPAIR,True
β,gated,149,TRANSLATION,6,REPAIR,True
β,gated,150,TRANSLATION,6,REPAIR,True
β,gated,151,TRANSLATION,6,REPAIR,True
β,gated,152,TRANSLATION,6,REPAIR,True
β,gated,153,TRANSLATION,6,REPAIR,True
β,gated,154,TRANSLATION,6,REPAIR,True
β,gated,155,TRANSLATION,6,REPAIR,True
β,gated,156,TRANSLATION,6,REPAIR,True
β,gated,157,TRANSLATION,6,REPAIR,True
β,gated,158,TRANSLATION,6,REPAIR,True
β,gated,159,TRANSLATION,6,REPAIR,True
β,gated,160,TRANSLATION,6,REPAIR,True
β,gated,161,TRANSLATION,6,REPAIR,True
β,gated,162,TRANSLATION,6,REPAIR,True
β,gated,163,TRANSLATION,6,REPAIR,True
β,gated,164,TRANSLATION,6,REPAIR,True
β,gated,165,TRANSLATION,6,REPAIR,True
β,gated,166,TRANSLATION,6,REPAIR,True
β,gated,167,TRANSLATION,6,REPAIR,True
β,gated,168,TRANSLATION,6,REPAIR,True
β,gated,169,TRANSLATION,6,REPAIR,True
β,gated,170,TRANSLATION,6,REPAIR,True
β,gated,171,TRANSLATION,6,REPAIR,True
β,gated,172,TRANSLATION,6,REPAIR,True
β,gated,173,TRANSLATION,6,REPAIR,True
β,gated,174,TRANSLATION,6,REPAIR,True
β,gated,175,TRANSLATION,6,REPAIR,True
β,gated,176,TRANSLATION,6,REPAIR,True
β,gated,177,TRANSLATION,6,REPAIR,True
β,gated,178,TRANSLATION,6,REPAIR,True
β,gated,179,TRANSLATION,6,REPAIR,True
β,gated,180,TRANSLATION,6,REPAIR,True
β,gated,181,TRANSLATION,6,REPAIR,True
β,gated,182,TRANSLATION,6,REPAIR,True
β,gated,183,TRANSLATION,6,REPAIR,True
β,gated,184,TRANSLATION,6,REPAIR,True
β,gated,185,TRANSLATION,6,REPAIR,True
β,gated,186,TRANSLATION,6,REPAIR,True
β,gated,187,TRANSLATION,6,REPAIR,True
β,gated,188,TRANSLATION,6,REPAIR,True
β,gated,189,TRANSLATION,6,REPAIR,True
β,gated,190,TRANSLATION,6,REPAIR,True
β,gated,191,TRANSLATION,6,REPAIR,True
β,gated,192,TRANSLATION,6,REPAIR,True
β,gated,193,TRANSLATION,6,REPAIR,True
β,gated,194,TRANSLATION,6,REPAIR,True
β,gated,195,TRANSLATION,6,REPAIR,True
β,gated,196,TRANSLATION,6,REPAIR,True
β,gated,197,TRANSLATION,6,REPAIR,True
β,gated,198,TRANSLATION,6,REPAIR,True
β,gated,199,TRANSLATION,6,REPAIR,True
β,gated,200,TRANSLATION,6,REPAIR,True
β,plain,1,TRANSLATION,6,REPAIR,True
β,plain,2,TRANSLATION,6,REPAIR,True
β,plain,3,TRANSLATION,6,REPAIR,True
β,plain,4,TRANSLATION,6,REPAIR,True
β,plain,5,TRANSLATION,6,REPAIR,True
β,plain,6,TRANSLATION,6,REPAIR,True
β,plain,7,TRANSLATION,6,REPAIR,True
β,plain,8,TRANSLATION,6,REPAIR,True
β,plain,9,TRANSLATION,6,REPAIR,True
β,plain,10,TRANSLATION,6,REPAIR,True
β,plain,11,TRANSLATION,6,REPAIR,True
β,plain,12,TRANSLATION,6,REPAIR,True
β,plain,13,TRANSLATION,6,REPAIR,True
β,plain,14,TRANSLATION,6,REPAIR,True
β,plain,15,TRANSLATION,6,REPAIR,True
β,plain,16,TRANSLATION,6,REPAIR,True
β,plain,17,TRANSLATION,6,REPAIR,True
β,plain,18,TRANSLATION,6,REPAIR,True
β,plain,19,TRANSLATION,6,REPAIR,True
β,plain,20,TRANSLATION,6,REPAIR,True
β,plain,21,TRANSLATION,6,REPAIR,True
β,plain,22,TRANSLATION,6,REPAIR,True
β,plain,23,TRANSLATION,6,REPAIR,True
β,plain,24,TRANSLATION,6,REPAIR,True
β,plain,25,TRANSLATION,6,REPAIR,True
β,plain,26,TRANSLATION,6,REPAIR,True
β,plain,27,TRANSLATION,6,REPAIR,True
β,plain,28,TRANSLATION,6,REPAIR,True
β,plain,29,TRANSLATION,6,REPAIR,True
β,plain,30,TRANSLATION,6,REPAIR,True
β,plain,31,TRANSLATION,6,REPAIR,True
β,plain,32,TRANSLATION,6,REPAIR,True
β,plain,33,TRANSLATION,6,REPAIR,True
β,plain,34,TRANSLATION,6,REPAIR,True
β,plain,35,TRANSLATION,6,REPAIR,True
β,plain,36,TRANSLATION,6,REPAIR,True
β,plain,37,TRANSLATION,6,REPAIR,True
β,plain,38,TRANSLATION,6,REPAIR,True
β,plain,39,TRANSLATION,6,REPAIR,True
β,plain,40,TRANSLATION,6,REPAIR,True
β,plain,41,TRANSLATION,6,REPAIR,True
β,plain,42,TRANSLATION,6,REPAIR,True
β,plain,43,TRANSLATION,6,REPAIR,True
β,plain,44,TRANSLATION,6,REPAIR,True
β,plain,45,TRANSLATION,6,REPAIR,True
β,plain,46,TRANSLATION,6,REPAIR,True
β,plain,47,TRANSLATION,6,REPAIR,True
β,plain,48,TRANSLATION,6,REPAIR,True
β,plain,49,TRANSLATION,6,REPAIR,True
β,plain,50,TRANSLATION,6,REPAIR,True
β,plain,51,TRANSLATION,6,REPAIR,True
β,plain,52,TRANSLATION,6,REPAIR,True
β,plain,53,TRANSLATION,6,REPAIR,True
β,plain,54,TRANSLATION,6,REPAIR,True
β,plain,55,TRANSLATION,6,REPAIR,True
β,plain,56,TRANSLATION,6,REPAIR,True
β,plain,57,TRANSLATION,6,REPAIR,True
β,plain,58,TRANSLATION,6,REPAIR,True
β,plain,59,TRANSLATION,6,REPAIR,True
β,plain,60,TRANSLATION,6,REPAIR,True
β,plain,61,TRANSLATION,6,REPAIR,True
β,plain,62,TRANSLATION,6,REPAIR,True
β,plain,63,TRANSLATION,6,REPAIR,True
β,plain,64,TRANSLATION,6,REPAIR,True
β,plain,65,TRANSLATION,6,REPAIR,True
β,plain,66,TRANSLATION,6,REPAIR,True
β,plain,67,TRANSLATION,6,REPAIR,True
β,plain,68,TRANSLATION,6,REPAIR,True
β,plain,69,TRANSLATION,6,REPAIR,True
β,plain,70,TRANSLATION,6,REPAIR,True
β,plain,71,TRANSLATION,6,REPAIR,True
β,plain,72,TRANSLATION,6,REPAIR,True
β,plain,73,TRANSLATION,6,REPAIR,True
β,plain,74,TRANSLATION,6,REPAIR,True
β,plain,75,TRANSLATION,6,REPAIR,True
β,plain,76,TRANSLATION,6,REPAIR,True
β,plain,77,TRANSLATION,6,REPAIR,True
β,plain,78,TRANSLATION,6,REPAIR,True
β,plain,79,TRANSLATION,6,REPAIR,True
β,plain,80,TRANSLATION,6,REPAIR,True
β,plain,81,TRANSLATION,6,REPAIR,True
β,plain,82,TRANSLATION,6,REPAIR,True
β,plain,83,TRANSLATION,6,REPAIR,True
β,plain,84,TRANSLATION,6,REPAIR,True
β,plain,85,TRANSLATION,6,REPAIR,True
β,plain,86,TRANSLATION,6,REPAIR,True
β,plain,87,TRANSLATION,6,REPAIR,True
β,plain,88,TRANSLATION,6,REPAIR,True
β,plain,89,TRANSLATION,6,REPAIR,True
β,plain,90,TRANSLATION,6,REPAIR,True
β,plain,91,TRANSLATION,6,REPAIR,True
β,plain,92,TRANSLATION,6,REPAIR,True
β,plain,93,TRANSLATION,6,REPAIR,True
β,plain,94,TRANSLATION,6,REPAIR,True
β,plain,95,TRANSLATION,6,REPAIR,True
β,plain,96,TRANSLATION,6,REPAIR,True
β,plain,97,TRANSLATION,6,REPAIR,True
β,plain,98,TRANSLATION,6,REPAIR,True
β,plain,99,TRANSLATION,6,REPAIR,True
β,plain,100,TRANSLATION,6,REPAIR,True
β,plain,101,TRANSLATION,6,REPAIR,True
β,plain,102,TRANSLATION,6,REPAIR,True
β,plain,103,TRANSLATION,6,REPAIR,True
β,plain,104,TRANSLATION,6,REPAIR,True
β,plain,105,TRANSLATION,6,REPAIR,True
β,plain,106,TRANSLATION,6,REPAIR,True
β,plain,107,TRANSLATION,6,REPAIR,True
β,plain,108,TRANSLATION,6,REPAIR,True
β,plain,109,TRANSLATION,6,REPAIR,True
β,plain,110,TRANSLATION,6,REPAIR,True
β,plain,111,TRANSLATION,6,REPAIR,True
β,plain,112,TRANSLATION,6,REPAIR,True
β,plain,113,TRANSLATION,6,REPAIR,True
β,plain,114,TRANSLATION,6,REPAIR,True
β,plain,115,TRANSLATION,6,REPAIR,True
β,plain,116,TRANSLATION,6,REPAIR,True
β,plain,117,TRANSLATION,6,REPAIR,True
β,plain,118,TRANSLATION,6,REPAIR,True
β,plain,119,TRANSLATION,6,REPAIR,True
β,plain,120,TRANSLATION,6,REPAIR,True
β,plain,121,TRANSLATION,6,REPAIR,True
β,plain,122,TRANSLATION,6,REPAIR,True
β,plain,123,TRANSLATION,6,REPAIR,True
β,plain,124,TRANSLATION,6,REPAIR,True
β,plain,125,TRANSLATION,6,REPAIR,True
β,plain,126,TRANSLATION,6,REPAIR,True
β,plain,127,TRANSLATION,6,REPAIR,True
β,plain,128,TRANSLATION,6,REPAIR,True
β,plain,129,TRANSLATION,6,REPAIR,True
β,plain,130,TRANSLATION,6,REPAIR,True
β,plain,131,TRANSLATION,6,REPAIR,True
β,plain,132,TRANSLATION,6,REPAIR,True
β,plain,133,TRANSLATION,6,REPAIR,True
β,plain,134,TRANSLATION,6,REPAIR,True
β,plain,135,TRANSLATION,6,REPAIR,True
β,plain,136,TRANSLATION,6,REPAIR,True
β,plain,137,TRANSLATION,6,REPAIR,True
β,plain,138,TRANSLATION,6,REPAIR,True
β,plain,139,TRANSLATION,6,REPAIR,True
β,plain,140,TRANSLATION,6,REPAIR,True
β,plain,141,TRANSLATION,6,REPAIR,True
β,plain,142,TRANSLATION,6,REPAIR,True
β,plain,143,TRANSLATION,6,REPAIR,True
β,plain,144,TRANSLATION,6,REPAIR,True
β,plain,145,TRANSLATION,6,REPAIR,True
β,plain,146,TRANSLATION,6,REPAIR,True
β,plain,147,TRANSLATION,6,REPAIR,True
β,plain,148,TRANSLATION,6,REPAIR,True
β,plain,149,TRANSLATION,6,REPAIR,True
β,plain,150,TRANSLATION,6,REPAIR,True
β,plain,151,TRANSLATION,6,REPAIR,True
β,plain,152,TRANSLATION,6,REPAIR,True
β,plain,153,TRANSLATION,6,REPAIR,True
β,plain,154,TRANSLATION,6,REPAIR,True
β,plain,155,TRANSLATION,6,REPAIR,True
β,plain,156,TRANSLATION,6,REPAIR,True
β,plain,157,TRANSLATION,6,REPAIR,True
β,plain,158,TRANSLATION,6,REPAIR,True
β,plain,159,TRANSLATION,6,REPAIR,True
β,plain,160,TRANSLATION,6,REPAIR,True
β,plain,161,TRANSLATION,6,REPAIR,True
β,plain,162,TRANSLATION,6,REPAIR,True
β,plain,163,TRANSLATION,6,REPAIR,True
β,plain,164,TRANSLATION,6,REPAIR,True
β,plain,165,TRANSLATION,6,REPAIR,True
β,plain,166,TRANSLATION,6,REPAIR,True
β,plain,167,TRANSLATION,6,REPAIR,True
β,plain,168,TRANSLATION,6,REPAIR,True
β,plain,169,TRANSLATION,6,REPAIR,True
β,plain,170,TRANSLATION,6,REPAIR,True
β,plain,171,TRANSLATION,6,REPAIR,True
β,plain,172,TRANSLATION,6,REPAIR,True
β,plain,173,TRANSLATION,6,REPAIR,True
β,plain,174,TRANSLATION,6,REPAIR,True
β,plain,175,TRANSLATION,6,REPAIR,True
β,plain,176,TRANSLATION,6,REPAIR,True
β,plain,177,TRANSLATION,6,REPAIR,True
β,plain,178,TRANSLATION,6,REPAIR,True
β,plain,179,TRANSLATION,6,REPAIR,True
β,plain,180,TRANSLATION,6,REPAIR,True
β,plain,181,TRANSLATION,6,REPAIR,True
β,plain,182,TRANSLATION,6,REPAIR,True
β,plain,183,TRANSLATION,6,REPAIR,True
β,plain,184,TRANSLATION,6,REPAIR,True
β,plain,185,TRANSLATION,6,REPAIR,True
β,plain,186,TRANSLATION,6,REPAIR,True
β,plain,187,TRANSLATION,6,REPAIR,True
β,plain,188,TRANSLATION,6,REPAIR,True
β,plain,189,TRANSLATION,6,REPAIR,True
β,plain,190,TRANSLATION,6,REPAIR,True
β,plain,191,TRANSLATION,6,REPAIR,True
β,plain,192,TRANSLATION,6,REPAIR,True
β,plain,193,TRANSLATION,6,REPAIR,True
β,plain,194,TRANSLATION,6,REPAIR,True
β,plain,195,TRANSLATION,6,REPAIR,True
β,plain,196,TRANSLATION,6,REPAIR,True
β,plain,197,TRANSLATION,6,REPAIR,True
β,plain,198,TRANSLATION,6,REPAIR,True
β,plain,199,TRANSLATION,6,REPAIR,True
β,plain,200,TRANSLATION,6,REPAIR,True
γ,gated,1,TRANSLATION,6,REPAIR,True
γ,gated,2,TRANSLATION,6,REPAIR,True
γ,gated,3,TRANSLATION,6,REPAIR,True
γ,gated,4,TRANSLATION,6,DIED,True
γ,gated,5,TRANSLATION,6,REPAIR,True
γ,gated,6,TRANSLATION,6,DIED,True
γ,gated,7,TRANSLATION,6,DIED,True
γ,gated,8,TRANSLATION,6,REPAIR,True
γ,gated,9,TRANSLATION,6,REPAIR,True
γ,gated,10,TRANSLATION,6,REPAIR,True
γ,gated,11,TRANSLATION,6,DIED,True
γ,gated,12,TRANSLATION,6,REPAIR,True
γ,gated,13,TRANSLATION,6,DIED,True
γ,gated,14,TRANSLATION,6,DIED,True
γ,gated,15,TRANSLATION,6,DIED,True
γ,gated,16,TRANSLATION,6,REPAIR,True
γ,gated,17,TRANSLATION,6,REPAIR,True
γ,gated,18,TRANSLATION,6,REPAIR,True
γ,gated,19,TRANSLATION,6,DIED,True
γ,gated,20,TRANSLATION,6,REPAIR,True
γ,gated,21,TRANSLATION,6,DIED,True
γ,gated,22,TRANSLATION,6,REPAIR,True
γ,gated,23,TRANSLATION,6,REPAIR,True
γ,gated,24,TRANSLATION,6,REPAIR,True
γ,gated,25,TRANSLATION,6,REPAIR,True
γ,gated,26,TRANSLATION,6,REPAIR,True
γ,gated,27,TRANSLATION,6,DIED,True
γ,gated,28,TRANSLATION,6,DIED,True
γ,gated,29,TRANSLATION,6,DIED,True
γ,gated,30,TRANSLATION,6,REPAIR,True
γ,gated,31,TRANSLATION,6,DIED,True
γ,gated,32,TRANSLATION,6,REPAIR,True
γ,gated,33,TRANSLATION,6,REPAIR,True
γ,gated,34,TRANSLATION,6,DIED,True
γ,gated,35,TRANSLATION,6,DIED,True
γ,gated,36,TRANSLATION,6,REPAIR,True
γ,gated,37,TRANSLATION,6,DIED,True
γ,gated,38,TRANSLATION,6,DIED,True
γ,gated,39,TRANSLATION,6,DIED,True
γ,gated,40,TRANSLATION,6,DIED,True
γ,gated,41,TRANSLATION,6,DIED,True
γ,gated,42,TRANSLATION,6,DIED,True
γ,gated,43,TRANSLATION,6,REPAIR,True
γ,gated,44,TRANSLATION,6,DIED,True
γ,gated,45,TRANSLATION,6,REPAIR,True
γ,gated,46,TRANSLATION,6,DIED,True
γ,gated,47,TRANSLATION,6,REPAIR,True
γ,gated,48,TRANSLATION,6,REPAIR,True
γ,gated,49,TRANSLATION,6,REPAIR,True
γ,gated,50,TRANSLATION,6,DIED,True
γ,gated,51,TRANSLATION,6,REPAIR,True
γ,gated,52,TRANSLATION,6,REPAIR,True
γ,gated,53,TRANSLATION,6,REPAIR,True
γ,gated,54,TRANSLATION,6,REPAIR,True
γ,gated,55,TRANSLATION,6,DIED,True
γ,gated,56,TRANSLATION,6,DIED,True
γ,gated,57,TRANSLATION,6,DIED,True
γ,gated,58,TRANSLATION,6,DIED,True
γ,gated,59,TRANSLATION,6,REPAIR,True
γ,gated,60,TRANSLATION,6,REPAIR,True
γ,gated,61,TRANSLATION,6,REPAIR,True
γ,gated,62,TRANSLATION,6,DIED,True
γ,gated,63,TRANSLATION,6,DIED,True
γ,gated,64,TRANSLATION,6,REPAIR,True
γ,gated,65,TRANSLATION,6,DIED,True
γ,gated,66,TRANSLATION,6,REPAIR,True
γ,gated,67,TRANSLATION,6,REPAIR,True
γ,gated,68,TRANSLATION,6,REPAIR,True
γ,gated,69,TRANSLATION,6,DIED,True
γ,gated,70,TRANSLATION,6,REPAIR,True
γ,gated,71,TRANSLATION,6,DIED,True
γ,gated,72,TRANSLATION,6,DIED,True
γ,gated,73,TRANSLATION,6,REPAIR,True
γ,gated,74,TRANSLATION,6,REPAIR,True
γ,gated,75,TRANSLATION,6,REPAIR,True
γ,gated,76,TRANSLATION,6,REPAIR,True
γ,gated,77,TRANSLATION,6,REPAIR,True
γ,gated,78,TRANSLATION,6,DIED,True
γ,gated,79,TRANSLATION,6,REPAIR,True
γ,gated,80,TRANSLATION,6,REPAIR,True
γ,gated,81,TRANSLATION,6,REPAIR,True
γ,gated,82,TRANSLATION,6,DIED,True
γ,gated,83,TRANSLATION,6,REPAIR,True
γ,gated,84,TRANSLATION,6,REPAIR,True
γ,gated,85,TRANSLATION,6,REPAIR,True
γ,gated,86,TRANSLATION,6,REPAIR,True
γ,gated,87,TRANSLATION,6,REPAIR,True
γ,gated,88,TRANSLATION,6,REPAIR,True
γ,gated,89,TRANSLATION,6,DIED,True
γ,gated,90,TRANSLATION,6,REPAIR,True
γ,gated,91,TRANSLATION,6,REPAIR,True
γ,gated,92,TRANSLATION,6,DIED,True
γ,gated,93,TRANSLATION,6,REPAIR,True
γ,gated,94,TRANSLATION,6,DIED,True
γ,gated,95,TRANSLATION,6,REPAIR,True
γ,gated,96,TRANSLATION,6,REPAIR,True
γ,gated,97,TRANSLATION,6,DIED,True
γ,gated,98,TRANSLATION,6,DIED,True
γ,gated,99,TRANSLATION,6,DIED,True
γ,gated,100,TRANSLATION,6,DIED,True
γ,gated,101,TRANSLATION,6,DIED,True
γ,gated,102,TRANSLATION,6,REPAIR,True
γ,gated,103,TRANSLATION,6,DIED,True
γ,gated,104,TRANSLATION,6,DIED,True
γ,gated,105,TRANSLATION,6,REPAIR,True
γ,gated,106,TRANSLATION,6,DIED,True
γ,gated,107,TRANSLATION,6,REPAIR,True
γ,gated,108,TRANSLATION,6,REPAIR,True
γ,gated,109,TRANSLATION,6,REPAIR,True
γ,gated,110,TRANSLATION,6,DIED,True
γ,gated,111,TRANSLATION,6,DIED,True
γ,gated,112,TRANSLATION,6,DIED,True
γ,gated,113,TRANSLATION,6,DIED,True
γ,gated,114,TRANSLATION,6,DIED,True
γ,gated,115,TRANSLATION,6,REPAIR,True
γ,gated,116,TRANSLATION,6,REPAIR,True
γ,gated,117,TRANSLATION,6,REPAIR,True
γ,gated,118,TRANSLATION,6,REPAIR,True
γ,gated,119,TRANSLATION,6,DIED,True
γ,gated,120,TRANSLATION,6,REPAIR,True
γ,gated,121,TRANSLATION,6,REPAIR,True
γ,gated,122,TRANSLATION,6,DIED,True
γ,gated,123,TRANSLATION,6,REPAIR,True
γ,gated,124,TRANSLATION,6,REPAIR,True
γ,gated,125,TRANSLATION,6,REPAIR,True
γ,gated,126,TRANSLATION,6,REPAIR,True
γ,gated,127,TRANSLATION,6,DIED,True
γ,gated,128,TRANSLATION,6,DIED,True
γ,gated,129,TRANSLATION,6,REPAIR,True
γ,gated,130,TRANSLATION,6,DIED,True
γ,gated,131,TRANSLATION,6,DIED,True
γ,gated,132,TRANSLATION,6,REPAIR,True
γ,gated,133,TRANSLATION,6,DIED,True
γ,gated,134,TRANSLATION,6,REPAIR,True
γ,gated,135,TRANSLATION,6,DIED,True
γ,gated,136,TRANSLATION,6,REPAIR,True
γ,gated,137,TRANSLATION,6,REPAIR,True
γ,gated,138,TRANSLATION,6,REPAIR,True
γ,gated,139,TRANSLATION,6,DIED,True
γ,gated,140,TRANSLATION,6,DIED,True
γ,gated,141,TRANSLATION,6,DIED,True
γ,gated,142,TRANSLATION,6,DIED,True
γ,gated,143,TRANSLATION,6,REPAIR,True
γ,gated,144,TRANSLATION,6,REPAIR,True
γ,gated,145,TRANSLATION,6,DIED,True
γ,gated,146,TRANSLATION,6,REPAIR,True
γ,gated,147,TRANSLATION,6,REPAIR,True
γ,gated,148,TRANSLATION,6,DIED,True
γ,gated,149,TRANSLATION,6,REPAIR,True
γ,gated,150,TRANSLATION,6,REPAIR,True
γ,gated,151,TRANSLATION,6,REPAIR,True
γ,gated,152,TRANSLATION,6,DIED,True
γ,gated,153,TRANSLATION,6,REPAIR,True
γ,gated,154,TRANSLATION,6,REPAIR,True
γ,gated,155,TRANSLATION,6,REPAIR,True
γ,gated,156,TRANSLATION,6,REPAIR,True
γ,gated,157,TRANSLATION,6,REPAIR,True
γ,gated,158,TRANSLATION,6,REPAIR,True
γ,gated,159,TRANSLATION,6,REPAIR,True
γ,gated,160,TRANSLATION,6,REPAIR,True
γ,gated,161,TRANSLATION,6,REPAIR,True
γ,gated,162,TRANSLATION,6,REPAIR,True
γ,gated,163,TRANSLATION,6,DIED,True
γ,gated,164,TRANSLATION,6,REPAIR,True
γ,gated,165,TRANSLATION,6,REPAIR,True
γ,gated,166,TRANSLATION,6,DIED,True
γ,gated,167,TRANSLATION,6,REPAIR,True
γ,gated,168,TRANSLATION,6,REPAIR,True
γ,gated,169,TRANSLATION,6,DIED,True
γ,gated,170,TRANSLATION,6,REPAIR,True
γ,gated,171,TRANSLATION,6,REPAIR,True
γ,gated,172,TRANSLATION,6,DIED,True
γ,gated,173,TRANSLATION,6,DIED,True
γ,gated,174,TRANSLATION,6,REPAIR,True
γ,gated,175,TRANSLATION,6,DIED,True
γ,gated,176,TRANSLATION,6,REPAIR,True
γ,gated,177,TRANSLATION,6,DIED,True
γ,gated,178,TRANSLATION,6,REPAIR,True
γ,gated,179,TRANSLATION,6,DIED,True
γ,gated,180,TRANSLATION,6,REPAIR,True
γ,gated,181,TRANSLATION,6,DIED,True
γ,gated,182,TRANSLATION,6,DIED,True
γ,gated,183,TRANSLATION,6,DIED,True
γ,gated,184,TRANSLATION,6,DIED,True
γ,gated,185,TRANSLATION,6,DIED,True
γ,gated,186,TRANSLATION,6,REPAIR,True
γ,gated,187,TRANSLATION,6,DIED,True
γ,gated,188,TRANSLATION,6,REPAIR,True
γ,gated,189,TRANSLATION,6,DIED,True
γ,gated,190,TRANSLATION,6,DIED,True
γ,gated,191,TRANSLATION,6,REPAIR,True
γ,gated,192,TRANSLATION,6,REPAIR,True
γ,gated,193,TRANSLATION,6,REPAIR,True
γ,gated,194,TRANSLATION,6,DIED,True
γ,gated,195,TRANSLATION,6,REPAIR,True
γ,gated,196,TRANSLATION,6,REPAIR,True
γ,gated,197,TRANSLATION,6,REPAIR,True
γ,gated,198,TRANSLATION,6,REPAIR,True
γ,gated,199,TRANSLATION,6,REPAIR,True
γ,gated,200,TRANSLATION,6,REPAIR,True
γ,plain,1,TRANSLATION,6,DIED,True
γ,plain,2,TRANSLATION,6,DIED,True
γ,plain,3,TRANSLATION,6,REPAIR,True
γ,plain,4,TRANSLATION,6,DIED,True
γ,plain,5,TRANSLATION,6,REPAIR,True
γ,plain,6,TRANSLATION,6,REPAIR,True
γ,plain,7,TRANSLATION,6,DIED,True
γ,plain,8,TRANSLATION,6,REPAIR,True
γ,plain,9,TRANSLATION,6,DIED,True
γ,plain,10,TRANSLATION,6,REPAIR,True
γ,plain,11,TRANSLATION,6,REPAIR,True
γ,plain,12,TRANSLATION,6,DIED,True
γ,plain,13,TRANSLATION,6,DIED,True
γ,plain,14,TRANSLATION,6,REPAIR,True
γ,plain,15,TRANSLATION,6,REPAIR,True
γ,plain,16,TRANSLATION,6,DIED,True
γ,plain,17,TRANSLATION,6,REPAIR,True
γ,plain,18,TRANSLATION,6,DIED,True
γ,plain,19,TRANSLATION,6,REPAIR,True
γ,plain,20,TRANSLATION,6,REPAIR,True
γ,plain,21,TRANSLATION,6,REPAIR,True
γ,plain,22,TRANSLATION,6,REPAIR,True
γ,plain,23,TRANSLATION,6,DIED,True
γ,plain,24,TRANSLATION,6,DIED,True
γ,plain,25,TRANSLATION,6,DIED,True
γ,plain,26,TRANSLATION,6,REPAIR,True
γ,plain,27,TRANSLATION,6,REPAIR,True
γ,plain,28,TRANSLATION,6,REPAIR,True
γ,plain,29,TRANSLATION,6,REPAIR,True
γ,plain,30,TRANSLATION,6,DIED,True
γ,plain,31,TRANSLATION,6,REPAIR,True
γ,plain,32,TRANSLATION,6,REPAIR,True
γ,plain,33,TRANSLATION,6,DIED,True
γ,plain,34,TRANSLATION,6,REPAIR,True
γ,plain,35,TRANSLATION,6,REPAIR,True
γ,plain,36,TRANSLATION,6,DIED,True
γ,plain,37,TRANSLATION,6,DIED,True
γ,plain,38,TRANSLATION,6,REPAIR,True
γ,plain,39,TRANSLATION,6,REPAIR,True
γ,plain,40,TRANSLATION,6,REPAIR,True
γ,plain,41,TRANSLATION,6,REPAIR,True
γ,plain,42,TRANSLATION,6,DIED,True
γ,plain,43,TRANSLATION,6,REPAIR,True
γ,plain,44,TRANSLATION,6,REPAIR,True
γ,plain,45,TRANSLATION,6,REPAIR,True
γ,plain,46,TRANSLATION,6,REPAIR,True
γ,plain,47,TRANSLATION,6,REPAIR,True
γ,plain,48,TRANSLATION,6,DIED,True
γ,plain,49,TRANSLATION,6,DIED,True
γ,plain,50,TRANSLATION,6,REPAIR,True
γ,plain,51,TRANSLATION,6,REPAIR,True
γ,plain,52,TRANSLATION,6,DIED,True
γ,plain,53,TRANSLATION,6,DIED,True
γ,plain,54,TRANSLATION,6,REPAIR,True
γ,plain,55,TRANSLATION,6,REPAIR,True
γ,plain,56,TRANSLATION,6,DIED,True
γ,plain,57,TRANSLATION,6,REPAIR,True
γ,plain,58,TRANSLATION,6,DIED,True
γ,plain,59,TRANSLATION,6,REPAIR,True
γ,plain,60,TRANSLATION,6,DIED,True
γ,plain,61,TRANSLATION,6,REPAIR,True
γ,plain,62,TRANSLATION,6,REPAIR,True
γ,plain,63,TRANSLATION,6,REPAIR,True
γ,plain,64,TRANSLATION,6,DIED,True
γ,plain,65,TRANSLATION,6,REPAIR,True
γ,plain,66,TRANSLATION,6,DIED,True
γ,plain,67,TRANSLATION,6,REPAIR,True
γ,plain,68,TRANSLATION,6,REPAIR,True
γ,plain,69,TRANSLATION,6,REPAIR,True
γ,plain,70,TRANSLATION,6,DIED,True
γ,plain,71,TRANSLATION,6,DIED,True
γ,plain,72,TRANSLATION,6,REPAIR,True
γ,plain,73,TRANSLATION,6,REPAIR,True
γ,plain,74,TRANSLATION,6,REPAIR,True
γ,plain,75,TRANSLATION,6,REPAIR,True
γ,plain,76,TRANSLATION,6,REPAIR,True
γ,plain,77,TRANSLATION,6,REPAIR,True
γ,plain,78,TRANSLATION,6,REPAIR,True
γ,plain,79,TRANSLATION,6,REPAIR,True
γ,plain,80,TRANSLATION,6,REPAIR,True
γ,plain,81,TRANSLATION,6,REPAIR,True
γ,plain,82,TRANSLATION,6,DIED,True
γ,plain,83,TRANSLATION,6,REPAIR,True
γ,plain,84,TRANSLATION,6,REPAIR,True
γ,plain,85,TRANSLATION,6,REPAIR,True
γ,plain,86,TRANSLATION,6,DIED,True
γ,plain,87,TRANSLATION,6,DIED,True
γ,plain,88,TRANSLATION,6,REPAIR,True
γ,plain,89,TRANSLATION,6,DIED,True
γ,plain,90,TRANSLATION,6,REPAIR,True
γ,plain,91,TRANSLATION,6,DIED,True
γ,plain,92,TRANSLATION,6,DIED,True
γ,plain,93,TRANSLATION,6,REPAIR,True
γ,plain,94,TRANSLATION,6,REPAIR,True
γ,plain,95,TRANSLATION,6,REPAIR,True
γ,plain,96,TRANSLATION,6,REPAIR,True
γ,plain,97,TRANSLATION,6,REPAIR,True
γ,plain,98,TRANSLATION,6,REPAIR,True
γ,plain,99,TRANSLATION,6,REPAIR,True
γ,plain,100,TRANSLATION,6,REPAIR,True
γ,plain,101,TRANSLATION,6,REPAIR,True
γ,plain,102,TRANSLATION,6,REPAIR,True
γ,plain,103,TRANSLATION,6,REPAIR,True
γ,plain,104,TRANSLATION,6,REPAIR,True
γ,plain,105,TRANSLATION,6,DIED,True
γ,plain,106,TRANSLATION,6,REPAIR,True
γ,plain,107,TRANSLATION,6,DIED,True
γ,plain,108,TRANSLATION,6,DIED,True
γ,plain,109,TRANSLATION,6,REPAIR,True
γ,plain,110,TRANSLATION,6,DIED,True
γ,plain,111,TRANSLATION,6,REPAIR,True
γ,plain,112,TRANSLATION,6,DIED,True
γ,plain,113,TRANSLATION,6,REPAIR,True
γ,plain,114,TRANSLATION,6,REPAIR,True
γ,plain,115,TRANSLATION,6,REPAIR,True
γ,plain,116,TRANSLATION,6,REPAIR,True
γ,plain,117,TRANSLATION,6,DIED,True
γ,plain,118,TRANSLATION,6,REPAIR,True
γ,plain,119,TRANSLATION,6,DIED,True
γ,plain,120,TRANSLATION,6,REPAIR,True
γ,plain,121,TRANSLATION,6,REPAIR,True
γ,plain,122,TRANSLATION,6,DIED,True
γ,plain,123,TRANSLATION,6,REPAIR,True
γ,plain,124,TRANSLATION,6,REPAIR,True
γ,plain,125,TRANSLATION,6,REPAIR,True
γ,plain,126,TRANSLATION,6,REPAIR,True
γ,plain,127,TRANSLATION,6,DIED,True
γ,plain,128,TRANSLATION,6,REPAIR,True
γ,plain,129,TRANSLATION,6,DIED,True
γ,plain,130,TRANSLATION,6,REPAIR,True
γ,plain,131,TRANSLATION,6,REPAIR,True
γ,plain,132,TRANSLATION,6,REPAIR,True
γ,plain,133,TRANSLATION,6,REPAIR,True
γ,plain,134,TRANSLATION,6,REPAIR,True
γ,plain,135,TRANSLATION,6,DIED,True
γ,plain,136,TRANSLATION,6,DIED,True
γ,plain,137,TRANSLATION,6,DIED,True
γ,plain,138,TRANSLATION,6,REPAIR,True
γ,plain,139,TRANSLATION,6,REPAIR,True
γ,plain,140,TRANSLATION,6,DIED,True
γ,plain,141,TRANSLATION,6,DIED,True
γ,plain,142,TRANSLATION,6,DIED,True
γ,plain,143,TRANSLATION,6,REPAIR,True
γ,plain,144,TRANSLATION,6,REPAIR,True
γ,plain,145,TRANSLATION,6,DIED,True
γ,plain,146,TRANSLATION,6,DIED,True
γ,plain,147,TRANSLATION,6,REPAIR,True
γ,plain,148,TRANSLATION,6,DIED,True
γ,plain,149,TRANSLATION,6,DIED,True
γ,plain,150,TRANSLATION,6,DIED,True
γ,plain,151,TRANSLATION,6,DIED,True
γ,plain,152,TRANSLATION,6,DIED,True
γ,plain,153,TRANSLATION,6,REPAIR,True
γ,plain,154,TRANSLATION,6,REPAIR,True
γ,plain,155,TRANSLATION,6,REPAIR,True
γ,plain,156,TRANSLATION,6,REPAIR,True
γ,plain,157,TRANSLATION,6,DIED,True
γ,plain,158,TRANSLATION,6,DIED,True
γ,plain,159,TRANSLATION,6,DIED,True
γ,plain,160,TRANSLATION,6,REPAIR,True
γ,plain,161,TRANSLATION,6,REPAIR,True
γ,plain,162,TRANSLATION,6,REPAIR,True
γ,plain,163,TRANSLATION,6,DIED,True
γ,plain,164,TRANSLATION,6,REPAIR,True
γ,plain,165,TRANSLATION,6,REPAIR,True
γ,plain,166,TRANSLATION,6,REPAIR,True
γ,plain,167,TRANSLATION,6,REPAIR,True
γ,plain,168,TRANSLATION,6,DIED,True
γ,plain,169,TRANSLATION,6,REPAIR,True
γ,plain,170,TRANSLATION,6,REPAIR,True
γ,plain,171,TRANSLATION,6,DIED,True
γ,plain,172,TRANSLATION,6,DIED,True
γ,plain,173,TRANSLATION,6,REPAIR,True
γ,plain,174,TRANSLATION,6,DIED,True
γ,plain,175,TRANSLATION,6,REPAIR,True
γ,plain,176,TRANSLATION,6,DIED,True
γ,plain,177,TRANSLATION,6,REPAIR,True
γ,plain,178,TRANSLATION,6,DIED,True
γ,plain,179,TRANSLATION,6,REPAIR,True
γ,plain,180,TRANSLATION,6,DIED,True
γ,plain,181,TRANSLATION,6,REPAIR,True
γ,plain,182,TRANSLATION,6,DIED,True
γ,plain,183,TRANSLATION,6,REPAIR,True
γ,plain,184,TRANSLATION,6,REPAIR,True
γ,plain,185,TRANSLATION,6,REPAIR,True
γ,plain,186,TRANSLATION,6,DIED,True
γ,plain,187,TRANSLATION,6,REPAIR,True
γ,plain,188,TRANSLATION,6,DIED,True
γ,plain,189,TRANSLATION,6,DIED,True
γ,plain,190,TRANSLATION,6,REPAIR,True
γ,plain,191,TRANSLATION,6,DIED,True
γ,plain,192,TRANSLATION,6,DIED,True
γ,plain,193,TRANSLATION,6,DIED,True
γ,plain,194,TRANSLATION,6,DIED,True
γ,plain,195,TRANSLATION,6,DIED,True
γ,plain,196,TRANSLATION,6,REPAIR,True
γ,plain,197,TRANSLATION,6,DIED,True
γ,plain,198,TRANSLATION,6,REPAIR,True
γ,plain,199,TRANSLATION,6,REPAIR,True
γ,plain,200,TRANSLATION,6,REPAIR,True
δ,gated,1,FIXED,1,DIED,True
δ,gated,2,FIXED,1,DIED,True
δ,gated,3,FIXED,1,DIED,True
δ,gated,4,FIXED,1,DIED,True
δ,gated,5,FIXED,1,DIED,True
δ,gated,6,FIXED,1,DIED,True
δ,gated,7,FIXED,1,DIED,True
δ,gated,8,FIXED,1,DIED,True
δ,gated,9,FIXED,1,DIED,True
δ,gated,10,FIXED,1,DIED,True
δ,gated,11,FIXED,1,DIED,True
δ,gated,12,FIXED,1,DIED,True
δ,gated,13,FIXED,1,DIED,True
δ,gated,14,FIXED,1,DIED,True
δ,gated,15,FIXED,1,DIED,True
δ,gated,16,FIXED,1,DIED,True
δ,gated,17,FIXED,1,DIED,True
δ,gated,18,FIXED,1,DIED,True
δ,gated,19,FIXED,1,DIED,True
δ,gated,20,FIXED,1,DIED,True
δ,gated,21,FIXED,1,DIED,True
δ,gated,22,FIXED,1,DIED,True
δ,gated,23,FIXED,1,DIED,True
δ,gated,24,FIXED,1,DIED,True
δ,gated,25,FIXED,1,DIED,True
δ,gated,26,FIXED,1,DIED,True
δ,gated,27,FIXED,1,DIED,True
δ,gated,28,FIXED,1,DIED,True
δ,gated,29,FIXED,1,DIED,True
δ,gated,30,FIXED,1,DIED,True
δ,gated,31,FIXED,1,DIED,True
δ,gated,32,FIXED,1,DIED,True
δ,gated,33,FIXED,1,DIED,True
δ,gated,34,FIXED,1,DIED,True
δ,gated,35,FIXED,1,DIED,True
δ,gated,36,FIXED,1,DIED,True
δ,gated,37,FIXED,1,DIED,True
δ,gated,38,FIXED,1,DIED,True
δ,gated,39,FIXED,1,DIED,True
δ,gated,40,FIXED,1,DIED,True
δ,gated,41,FIXED,1,DIED,True
δ,gated,42,FIXED,1,DIED,True
δ,gated,43,FIXED,1,DIED,True
δ,gated,44,FIXED,1,DIED,True
δ,gated,45,FIXED,1,DIED,True
δ,gated,46,FIXED,1,DIED,True
δ,gated,47,FIXED,1,DIED,True
δ,gated,48,FIXED,1,DIED,True
δ,gated,49,FIXED,1,DIED,True
δ,gated,50,FIXED,1,DIED,True
δ,gated,51,FIXED,1,DIED,True
δ,gated,52,FIXED,1,DIED,True
δ,gated,53,FIXED,1,DIED,True
δ,gated,54,FIXED,1,DIED,True
δ,gated,55,FIXED,1,DIED,True
δ,gated,56,FIXED,1,DIED,True
δ,gated,57,FIXED,1,DIED,True
δ,gated,58,FIXED,1,DIED,True
δ,gated,59,FIXED,1,DIED,True
δ,gated,60,FIXED,1,DIED,True
δ,gated,61,FIXED,1,DIED,True
δ,gated,62,FIXED,1,DIED,True
δ,gated,63,FIXED,1,DIED,True
δ,gated,64,FIXED,1,DIED,True
δ,gated,65,FIXED,1,DIED,True
δ,gated,66,FIXED,1,DIED,True
δ,gated,67,FIXED,1,DIED,True
δ,gated,68,FIXED,1,DIED,True
δ,gated,69,FIXED,1,DIED,True
δ,gated,70,FIXED,1,DIED,True
δ,gated,71,FIXED,1,DIED,True
δ,gated,72,FIXED,1,DIED,True
δ,gated,73,FIXED,1,DIED,True
δ,gated,74,FIXED,1,DIED,True
δ,gated,75,FIXED,1,DIED,True
δ,gated,76,FIXED,1,DIED,True
δ,gated,77,FIXED,1,DIED,True
δ,gated,78,FIXED,1,DIED,True
δ,gated,79,FIXED,1,DIED,True
δ,gated,80,FIXED,1,DIED,True
δ,gated,81,FIXED,1,DIED,True
δ,gated,82,FIXED,1,DIED,True
δ,gated,83,FIXED,1,DIED,True
δ,gated,84,FIXED,1,DIED,True
δ,gated,85,FIXED,1,DIED,True
δ,gated,86,FIXED,1,DIED,True
δ,gated,87,FIXED,1,DIED,True
δ,gated,88,FIXED,1,DIED,True
δ,gated,89,FIXED,1,DIED,True
δ,gated,90,FIXED,1,DIED,True
δ,gated,91,FIXED,1,DIED,True
δ,gated,92,FIXED,1,DIED,True
δ,gated,93,FIXED,1,DIED,True
δ,gated,94,FIXED,1,DIED,True
δ,gated,95,FIXED,1,DIED,True
δ,gated,96,FIXED,1,DIED,True
δ,gated,97,FIXED,1,DIED,True
δ,gated,98,FIXED,1,DIED,True
δ,gated,99,FIXED,1,DIED,True
δ,gated,100,FIXED,1,DIED,True
δ,gated,101,FIXED,1,DIED,True
δ,gated,102,FIXED,1,DIED,True
δ,gated,103,FIXED,1,DIED,True
δ,gated,104,FIXED,1,DIED,True
δ,gated,105,FIXED,1,DIED,True
δ,gated,106,FIXED,1,DIED,True
δ,gated,107,FIXED,1,DIED,True
δ,gated,108,FIXED,1,DIED,True
δ,gated,109,FIXED,1,DIED,True
δ,gated,110,FIXED,1,DIED,True
δ,gated,111,FIXED,1,DIED,True
δ,gated,112,FIXED,1,DIED,True
δ,gated,113,FIXED,1,DIED,True
δ,gated,114,FIXED,1,DIED,True
δ,gated,115,FIXED,1,DIED,True
δ,gated,116,FIXED,1,DIED,True
δ,gated,117,FIXED,1,DIED,True
δ,gated,118,FIXED,1,DIED,True
δ,gated,119,FIXED,1,DIED,True
δ,gated,120,FIXED,1,DIED,True
δ,gated,121,FIXED,1,DIED,True
δ,gated,122,FIXED,1,DIED,True
δ,gated,123,FIXED,1,DIED,True
δ,gated,124,FIXED,1,DIED,True
δ,gated,125,FIXED,1,DIED,True
δ,gated,126,FIXED,1,DIED,True
δ,gated,127,FIXED,1,DIED,True
δ,gated,128,FIXED,1,DIED,True
δ,gated,129,FIXED,1,DIED,True
δ,gated,130,FIXED,1,DIED,True
δ,gated,131,FIXED,1,DIED,True
δ,gated,132,FIXED,1,DIED,True
δ,gated,133,FIXED,1,DIED,True
δ,gated,134,FIXED,1,DIED,True
δ,gated,135,FIXED,1,DIED,True
δ,gated,136,FIXED,1,DIED,True
δ,gated,137,FIXED,1,DIED,True
δ,gated,138,FIXED,1,DIED,True
δ,gated,139,FIXED,1,DIED,True
δ,gated,140,FIXED,1,DIED,True
δ,gated,141,FIXED,1,DIED,True
δ,gated,142,FIXED,1,DIED,True
δ,gated,143,FIXED,1,DIED,True
δ,gated,144,FIXED,1,DIED,True
δ,gated,145,FIXED,1,DIED,True
δ,gated,146,FIXED,1,DIED,True
δ,gated,147,FIXED,1,DIED,True
δ,gated,148,FIXED,1,DIED,True
δ,gated,149,FIXED,1,DIED,True
δ,gated,150,FIXED,1,DIED,True
δ,gated,151,FIXED,1,DIED,True
δ,gated,152,FIXED,1,DIED,True
δ,gated,153,FIXED,1,DIED,True
δ,gated,154,FIXED,1,DIED,True
δ,gated,155,FIXED,1,DIED,True
δ,gated,156,FIXED,1,DIED,True
δ,gated,157,FIXED,1,DIED,True
δ,gated,158,FIXED,1,DIED,True
δ,gated,159,FIXED,1,DIED,True
δ,gated,160,FIXED,1,DIED,True
δ,gated,161,FIXED,1,DIED,True
δ,gated,162,FIXED,1,DIED,True
δ,gated,163,FIXED,1,DIED,True
δ,gated,164,FIXED,1,DIED,True
δ,gated,165,FIXED,1,DIED,True
δ,gated,166,FIXED,1,DIED,True
δ,gated,167,FIXED,1,DIED,True
δ,gated,168,FIXED,1,DIED,True
δ,gated,169,FIXED,1,DIED,True
δ,gated,170,FIXED,1,DIED,True
δ,gated,171,FIXED,1,DIED,True
δ,gated,172,FIXED,1,DIED,True
δ,gated,173,FIXED,1,DIED,True
δ,gated,174,FIXED,1,DIED,True
δ,gated,175,FIXED,1,DIED,True
δ,gated,176,FIXED,1,DIED,True
δ,gated,177,FIXED,1,DIED,True
δ,gated,178,FIXED,1,DIED,True
δ,gated,179,FIXED,1,DIED,True
δ,gated,180,FIXED,1,DIED,True
δ,gated,181,FIXED,1,DIED,True
δ,gated,182,FIXED,1,DIED,True
δ,gated,183,FIXED,1,DIED,True
δ,gated,184,FIXED,1,DIED,True
δ,gated,185,FIXED,1,DIED,True
δ,gated,186,FIXED,1,DIED,True
δ,gated,187,FIXED,1,DIED,True
δ,gated,188,FIXED,1,DIED,True
δ,gated,189,FIXED,1,DIED,True
δ,gated,190,FIXED,1,DIED,True
δ,gated,191,FIXED,1,DIED,True
δ,gated,192,FIXED,1,DIED,True
δ,gated,193,FIXED,1,DIED,True
δ,gated,194,FIXED,1,DIED,True
δ,gated,195,FIXED,1,DIED,True
δ,gated,196,FIXED,1,DIED,True
δ,gated,197,FIXED,1,DIED,True
δ,gated,198,FIXED,1,DIED,True
δ,gated,199,FIXED,1,DIED,True
δ,gated,200,FIXED,1,DIED,True
δ,plain,1,FIXED,1,DIED,True
δ,plain,2,FIXED,1,DIED,True
δ,plain,3,FIXED,1,DIED,True
δ,plain,4,FIXED,1,DIED,True
δ,plain,5,FIXED,1,DIED,True
δ,plain,6,FIXED,1,DIED,True
δ,plain,7,FIXED,1,DIED,True
δ,plain,8,FIXED,1,DIED,True
δ,plain,9,FIXED,1,DIED,True
δ,plain,10,FIXED,1,DIED,True
δ,plain,11,FIXED,1,DIED,True
δ,plain,12,FIXED,1,DIED,True
δ,plain,13,FIXED,1,DIED,True
δ,plain,14,FIXED,1,DIED,True
δ,plain,15,FIXED,1,DIED,True
δ,plain,16,FIXED,1,DIED,True
δ,plain,17,FIXED,1,DIED,True
δ,plain,18,FIXED,1,DIED,True
δ,plain,19,FIXED,1,DIED,True
δ,plain,20,FIXED,1,DIED,True
δ,plain,21,FIXED,1,DIED,True
δ,plain,22,FIXED,1,DIED,True
δ,plain,23,FIXED,1,DIED,True
δ,plain,24,FIXED,1,DIED,True
δ,plain,25,FIXED,1,DIED,True
δ,plain,26,FIXED,1,DIED,True
δ,plain,27,FIXED,1,DIED,True
δ,plain,28,FIXED,1,DIED,True
δ,plain,29,FIXED,1,DIED,True
δ,plain,30,FIXED,1,DIED,True
δ,plain,31,FIXED,1,DIED,True
δ,plain,32,FIXED,1,DIED,True
δ,plain,33,FIXED,1,DIED,True
δ,plain,34,FIXED,1,DIED,True
δ,plain,35,FIXED,1,DIED,True
δ,plain,36,FIXED,1,DIED,True
δ,plain,37,FIXED,1,DIED,True
δ,plain,38,FIXED,1,DIED,True
δ,plain,39,FIXED,1,DIED,True
δ,plain,40,FIXED,1,DIED,True
δ,plain,41,FIXED,1,DIED,True
δ,plain,42,FIXED,1,DIED,True
δ,plain,43,FIXED,1,DIED,True
δ,plain,44,FIXED,1,DIED,True
δ,plain,45,FIXED,1,DIED,True
δ,plain,46,FIXED,1,DIED,True
δ,plain,47,FIXED,1,DIED,True
δ,plain,48,FIXED,1,DIED,True
δ,plain,49,FIXED,1,DIED,True
δ,plain,50,FIXED,1,DIED,True
δ,plain,51,FIXED,1,DIED,True
δ,plain,52,FIXED,1,DIED,True
δ,plain,53,FIXED,1,DIED,True
δ,plain,54,FIXED,1,DIED,True
δ,plain,55,FIXED,1,DIED,True
δ,plain,56,FIXED,1,DIED,True
δ,plain,57,FIXED,1,DIED,True
δ,plain,58,FIXED,1,DIED,True
δ,plain,59,FIXED,1,DIED,True
δ,plain,60,FIXED,1,DIED,True
δ,plain,61,FIXED,1,DIED,True
δ,plain,62,FIXED,1,DIED,True
δ,plain,63,FIXED,1,DIED,True
δ,plain,64,FIXED,1,DIED,True
δ,plain,65,FIXED,1,DIED,True
δ,plain,66,FIXED,1,DIED,True
δ,plain,67,FIXED,1,DIED,True
δ,plain,68,FIXED,1,DIED,True
δ,plain,69,FIXED,1,DIED,True
δ,plain,70,FIXED,1,DIED,True
δ,plain,71,FIXED,1,DIED,True
δ,plain,72,FIXED,1,DIED,True
δ,plain,73,FIXED,1,DIED,True
δ,plain,74,FIXED,1,DIED,True
δ,plain,75,FIXED,1,DIED,True
δ,plain,76,FIXED,1,DIED,True
δ,plain,77,FIXED,1,DIED,True
δ,plain,78,FIXED,1,DIED,True
δ,plain,79,FIXED,1,DIED,True
δ,plain,80,FIXED,1,DIED,True
δ,plain,81,FIXED,1,DIED,True
δ,plain,82,FIXED,1,DIED,True
δ,plain,83,FIXED,1,DIED,True
δ,plain,84,FIXED,1,DIED,True
δ,plain,85,FIXED,1,DIED,True
δ,plain,86,FIXED,1,DIED,True
δ,plain,87,FIXED,1,DIED,True
δ,plain,88,FIXED,1,DIED,True
δ,plain,89,FIXED,1,DIED,True
δ,plain,90,FIXED,1,DIED,True
δ,plain,91,FIXED,1,DIED,True
δ,plain,92,FIXED,1,DIED,True
δ,plain,93,FIXED,1,DIED,True
δ,plain,94,FIXED,1,DIED,True
δ,plain,95,FIXED,1,DIED,True
δ,plain,96,FIXED,1,DIED,True
δ,plain,97,FIXED,1,DIED,True
δ,plain,98,FIXED,1,DIED,True
δ,plain,99,FIXED,1,DIED,True
δ,plain,100,FIXED,1,DIED,True
δ,plain,101,FIXED,1,DIED,True
δ,plain,102,FIXED,1,DIED,True
δ,plain,103,FIXED,1,DIED,True
δ,plain,104,FIXED,1,DIED,True
δ,plain,105,FIXED,1,DIED,True
δ,plain,106,FIXED,1,DIED,True
δ,plain,107,FIXED,1,DIED,True
δ,plain,108,FIXED,1,DIED,True
δ,plain,109,FIXED,1,DIED,True
δ,plain,110,FIXED,1,DIED,True
δ,plain,111,FIXED,1,DIED,True
δ,plain,112,FIXED,1,DIED,True
δ,plain,113,FIXED,1,DIED,True
δ,plain,114,FIXED,1,DIED,True
δ,plain,115,FIXED,1,DIED,True
δ,plain,116,FIXED,1,DIED,True
δ,plain,117,FIXED,1,DIED,True
δ,plain,118,FIXED,1,DIED,True
δ,plain,119,FIXED,1,DIED,True
δ,plain,120,FIXED,1,DIED,True
δ,plain,121,FIXED,1,DIED,True
δ,plain,122,FIXED,1,DIED,True
δ,plain,123,FIXED,1,DIED,True
δ,plain,124,FIXED,1,DIED,True
δ,plain,125,FIXED,1,DIED,True
δ,plain,126,FIXED,1,DIED,True
δ,plain,127,FIXED,1,DIED,True
δ,plain,128,FIXED,1,DIED,True
δ,plain,129,FIXED,1,DIED,True
δ,plain,130,FIXED,1,DIED,True
δ,plain,131,FIXED,1,DIED,True
δ,plain,132,FIXED,1,DIED,True
δ,plain,133,FIXED,1,DIED,True
δ,plain,134,FIXED,1,DIED,True
δ,plain,135,FIXED,1,DIED,True
δ,plain,136,FIXED,1,DIED,True
δ,plain,137,FIXED,1,DIED,True
δ,plain,138,FIXED,1,DIED,True
δ,plain,139,FIXED,1,DIED,True
δ,plain,140,FIXED,1,DIED,True
δ,plain,141,FIXED,1,DIED,True
δ,plain,142,FIXED,1,DIED,True
δ,plain,143,FIXED,1,DIED,True
δ,plain,144,FIXED,1,DIED,True
δ,plain,145,FIXED,1,DIED,True
δ,plain,146,FIXED,1,DIED,True
δ,plain,147,FIXED,1,DIED,True
δ,plain,148,FIXED,1,DIED,True
δ,plain,149,FIXED,1,DIED,True
δ,plain,150,FIXED,1,DIED,True
δ,plain,151,FIXED,1,DIED,True
δ,plain,152,FIXED,1,DIED,True
δ,plain,153,FIXED,1,DIED,True
δ,plain,154,FIXED,1,DIED,True
δ,plain,155,FIXED,1,DIED,True
δ,plain,156,FIXED,1,DIED,True
δ,plain,157,FIXED,1,DIED,True
δ,plain,158,FIXED,1,DIED,True
δ,plain,159,FIXED,1,DIED,True
δ,plain,160,FIXED,1,DIED,True
δ,plain,161,FIXED,1,DIED,True
δ,plain,162,FIXED,1,DIED,True
δ,plain,163,FIXED,1,DIED,True
δ,plain,164,FIXED,1,DIED,True
δ,plain,165,FIXED,1,DIED,True
δ,plain,166,FIXED,1,DIED,True
δ,plain,167,FIXED,1,DIED,True
δ,plain,168,FIXED,1,DIED,True
δ,plain,169,FIXED,1,DIED,True
δ,plain,170,FIXED,1,DIED,True
δ,plain,171,FIXED,1,DIED,True
δ,plain,172,FIXED,1,DIED,True
δ,plain,173,FIXED,1,DIED,True
δ,plain,174,FIXED,1,DIED,True
δ,plain,175,FIXED,1,DIED,True
δ,plain,176,FIXED,1,DIED,True
δ,plain,177,FIXED,1,DIED,True
δ,plain,178,FIXED,1,DIED,True
δ,plain,179,FIXED,1,DIED,True
δ,plain,180,FIXED,1,DIED,True
δ,plain,181,FIXED,1,DIED,True
δ,plain,182,FIXED,1,DIED,True
δ,plain,183,FIXED,1,DIED,True
δ,plain,184,FIXED,1,DIED,True
δ,plain,185,FIXED,1,DIED,True
δ,plain,186,FIXED,1,DIED,True
δ,plain,187,FIXED,1,DIED,True
δ,plain,188,FIXED,1,DIED,True
δ,plain,189,FIXED,1,DIED,True
δ,plain,190,FIXED,1,DIED,True
δ,plain,191,FIXED,1,DIED,True
δ,plain,192,FIXED,1,DIED,True
δ,plain,193,FIXED,1,DIED,True
δ,plain,194,FIXED,1,DIED,True
δ,plain,195,FIXED,1,DIED,True
δ,plain,196,FIXED,1,DIED,True
δ,plain,197,FIXED,1,DIED,True
δ,plain,198,FIXED,1,DIED,True
δ,plain,199,FIXED,1,DIED,True
δ,plain,200,FIXED,1,DIED,True
