config,arm,seed,exact,alive,winner,occupancy
melee,control,1,True,0,DEAD,α:0;β:0;γ:0;δ:0
melee,control,2,True,0,DEAD,α:0;β:0;γ:0;δ:0
melee,control,3,True,0,DEAD,α:0;β:0;γ:0;δ:0
melee,control,4,True,0,DEAD,α:0;β:0;γ:0;δ:0
melee,control,5,True,0,DEAD,α:0;β:0;γ:0;δ:0
melee,control,6,True,0,DEAD,α:0;β:0;γ:0;δ:0
melee,control,7,True,0,DEAD,α:0;β:0;γ:0;δ:0
melee,control,8,True,0,DEAD,α:0;β:0;γ:0;δ:0
melee,control,9,True,0,DEAD,α:0;β:0;γ:0;δ:0
melee,control,10,True,0,DEAD,α:0;β:0;γ:0;δ:0
melee,control,11,True,0,DEAD,α:0;β:0;γ:0;δ:0
melee,control,12,True,0,DEAD,α:0;β:0;γ:0;δ:0
melee,control,13,True,0,DEAD,α:0;β:0;γ:0;δ:0
melee,control,14,True,0,DEAD,α:0;β:0;γ:0;δ:0
melee,control,15,True,0,DEAD,α:0;β:0;γ:0;δ:0
melee,control,16,True,0,DEAD,α:0;β:0;γ:0;δ:0
melee,control,17,True,0,DEAD,α:0;β:0;γ:0;δ:0
melee,control,18,True,0,DEAD,α:0;β:0;γ:0;δ:0
melee,control,19,True,0,DEAD,α:0;β:0;γ:0;δ:0
melee,control,20,True,0,DEAD,α:0;β:0;γ:0;δ:0
melee,control,21,True,0,DEAD,α:0;β:0;γ:0;δ:0
melee,control,22,True,0,DEAD,α:0;β:0;γ:0;δ:0
melee,control,23,True,0,DEAD,α:0;β:0;γ:0;δ:0
melee,control,24,True,0,DEAD,α:0;β:0;γ:0;δ:0
melee,control,25,True,0,DEAD,α:0;β:0;γ:0;δ:0
melee,control,26,True,0,DEAD,α:0;β:0;γ:0;δ:0
melee,control,27,True,0,DEAD,α:0;β:0;γ:0;δ:0
melee,control,28,True,0,DEAD,α:0;β:0;γ:0;δ:0
melee,control,29,True,0,DEAD,α:0;β:0;γ:0;δ:0
melee,control,30,True,0,DEAD,α:0;β:0;γ:0;δ:0
melee,control,31,True,0,DEAD,α:0;β:0;γ:0;δ:0
melee,control,32,True,0,DEAD,α:0;β:0;γ:0;δ:0
melee,control,33,True,0,DEAD,α:0;β:0;γ:0;δ:0
melee,control,34,True,0,DEAD,α:0;β:0;γ:0;δ:0
melee,control,35,True,0,DEAD,α:0;β:0;γ:0;δ:0
melee,control,36,True,0,DEAD,α:0;β:0;γ:0;δ:0
melee,control,37,True,0,DEAD,α:0;β:0;γ:0;δ:0
melee,control,38,True,0,DEAD,α:0;β:0;γ:0;δ:0
melee,control,39,True,0,DEAD,α:0;β:0;γ:0;δ:0
melee,control,40,True,0,DEAD,α:0;β:0;γ:0;δ:0
melee,control,41,True,0,DEAD,α:0;β:0;γ:0;δ:0
melee,control,42,True,0,DEAD,α:0;β:0;γ:0;δ:0
melee,control,43,True,0,DEAD,α:0;β:0;γ:0;δ:0
melee,control,44,True,0,DEAD,α:0;β:0;γ:0;δ:0
melee,control,45,True,0,DEAD,α:0;β:0;γ:0;δ:0
melee,control,46,True,0,DEAD,α:0;β:0;γ:0;δ:0
melee,control,47,True,0,DEAD,α:0;β:0;γ:0;δ:0
melee,control,48,True,0,DEAD,α:0;β:0;γ:0;δ:0
melee,control,49,True,0,DEAD,α:0;β:0;γ:0;δ:0
melee,control,50,True,0,DEAD,α:0;β:0;γ:0;δ:0
melee,treat,1,True,23,α,α:24;β:0;γ:0;δ:0
melee,treat,2,True,24,α,α:23;β:0;γ:0;δ:0
melee,treat,3,True,23,α,α:24;β:0;γ:0;δ:0
melee,treat,4,True,0,DEAD,α:0;β:0;γ:0;δ:0
melee,treat,5,True,0,DEAD,α:0;β:0;γ:0;δ:0
melee,treat,6,True,24,β,α:0;β:24;γ:0;δ:0
melee,treat,7,True,24,β,α:0;β:24;γ:0;δ:0
melee,treat,8,True,23,α,α:23;β:0;γ:0;δ:0
melee,treat,9,True,23,α,α:24;β:0;γ:0;δ:0
melee,treat,10,True,23,α,α:23;β:0;γ:0;δ:0
melee,treat,11,True,0,DEAD,α:0;β:0;γ:0;δ:0
melee,treat,12,True,23,α,α:24;β:0;γ:0;δ:0
melee,treat,13,True,23,α,α:24;β:0;γ:0;δ:0
melee,treat,14,True,23,α,α:24;β:0;γ:0;δ:0
melee,treat,15,True,24,α,α:24;β:0;γ:0;δ:0
melee,treat,16,True,24,β,α:0;β:24;γ:0;δ:0
melee,treat,17,True,24,α,α:24;β:0;γ:0;δ:0
melee,treat,18,True,24,α,α:24;β:0;γ:0;δ:0
melee,treat,19,True,23,α,α:24;β:0;γ:0;δ:0
melee,treat,20,True,24,α,α:23;β:0;γ:0;δ:0
melee,treat,21,True,24,α,α:23;β:0;γ:0;δ:0
melee,treat,22,True,0,DEAD,α:0;β:0;γ:0;δ:0
melee,treat,23,True,24,α,α:23;β:0;γ:0;δ:0
melee,treat,24,True,24,β,α:0;β:24;γ:0;δ:0
melee,treat,25,True,24,α,α:24;β:0;γ:0;δ:0
melee,treat,26,True,24,β,α:0;β:24;γ:0;δ:0
melee,treat,27,True,24,α,α:22;β:0;γ:0;δ:0
melee,treat,28,True,24,α,α:24;β:0;γ:0;δ:0
melee,treat,29,True,23,α,α:24;β:0;γ:0;δ:0
melee,treat,30,True,24,α,α:24;β:0;γ:0;δ:0
melee,treat,31,True,24,α,α:24;β:0;γ:0;δ:0
melee,treat,32,True,24,α,α:23;β:0;γ:0;δ:0
melee,treat,33,True,24,β,α:0;β:24;γ:0;δ:0
melee,treat,34,True,0,DEAD,α:0;β:0;γ:0;δ:0
melee,treat,35,True,23,α,α:24;β:0;γ:0;δ:0
melee,treat,36,True,23,α,α:22;β:0;γ:0;δ:0
melee,treat,37,True,24,α,α:23;β:0;γ:0;δ:0
melee,treat,38,True,23,α,α:24;β:0;γ:0;δ:0
melee,treat,39,True,24,α,α:24;β:0;γ:0;δ:0
melee,treat,40,True,0,DEAD,α:0;β:0;γ:0;δ:0
melee,treat,41,True,22,α,α:24;β:0;γ:0;δ:0
melee,treat,42,True,23,α,α:24;β:0;γ:0;δ:0
melee,treat,43,True,23,α,α:24;β:0;γ:0;δ:0
melee,treat,44,True,22,α,α:24;β:0;γ:0;δ:0
melee,treat,45,True,24,β,α:0;β:24;γ:0;δ:0
melee,treat,46,True,24,α,α:24;β:0;γ:0;δ:0
melee,treat,47,True,24,α,α:24;β:0;γ:0;δ:0
melee,treat,48,True,23,α,α:24;β:0;γ:0;δ:0
melee,treat,49,True,24,β,α:0;β:24;γ:0;δ:0
melee,treat,50,True,24,α,α:23;β:0;γ:0;δ:0
α+β,control,1,True,0,DEAD,α:0;β:0
α+β,control,2,True,0,DEAD,α:0;β:0
α+β,control,3,True,0,DEAD,α:0;β:0
α+β,control,4,True,0,DEAD,α:0;β:0
α+β,control,5,True,0,DEAD,α:0;β:0
α+β,control,6,True,0,DEAD,α:0;β:0
α+β,control,7,True,0,DEAD,α:0;β:0
α+β,control,8,True,0,DEAD,α:0;β:0
α+β,control,9,True,0,DEAD,α:0;β:0
α+β,control,10,True,0,DEAD,α:0;β:0
α+β,control,11,True,0,DEAD,α:0;β:0
α+β,control,12,True,0,DEAD,α:0;β:0
α+β,control,13,True,0,DEAD,α:0;β:0
α+β,control,14,True,0,DEAD,α:0;β:0
α+β,control,15,True,0,DEAD,α:0;β:0
α+β,control,16,True,0,DEAD,α:0;β:0
α+β,control,17,True,0,DEAD,α:0;β:0
α+β,control,18,True,0,DEAD,α:0;β:0
α+β,control,19,True,0,DEAD,α:0;β:0
α+β,control,20,True,0,DEAD,α:0;β:0
α+β,control,21,True,0,DEAD,α:0;β:0
α+β,control,22,True,0,DEAD,α:0;β:0
α+β,control,23,True,0,DEAD,α:0;β:0
α+β,control,24,True,0,DEAD,α:0;β:0
α+β,control,25,True,0,DEAD,α:0;β:0
α+β,control,26,True,0,DEAD,α:0;β:0
α+β,control,27,True,0,DEAD,α:0;β:0
α+β,control,28,True,0,DEAD,α:0;β:0
α+β,control,29,True,0,DEAD,α:0;β:0
α+β,control,30,True,0,DEAD,α:0;β:0
α+β,control,31,True,0,DEAD,α:0;β:0
α+β,control,32,True,0,DEAD,α:0;β:0
α+β,control,33,True,0,DEAD,α:0;β:0
α+β,control,34,True,0,DEAD,α:0;β:0
α+β,control,35,True,0,DEAD,α:0;β:0
α+β,control,36,True,0,DEAD,α:0;β:0
α+β,control,37,True,0,DEAD,α:0;β:0
α+β,control,38,True,0,DEAD,α:0;β:0
α+β,control,39,True,0,DEAD,α:0;β:0
α+β,control,40,True,0,DEAD,α:0;β:0
α+β,control,41,True,0,DEAD,α:0;β:0
α+β,control,42,True,0,DEAD,α:0;β:0
α+β,control,43,True,0,DEAD,α:0;β:0
α+β,control,44,True,0,DEAD,α:0;β:0
α+β,control,45,True,0,DEAD,α:0;β:0
α+β,control,46,True,0,DEAD,α:0;β:0
α+β,control,47,True,0,DEAD,α:0;β:0
α+β,control,48,True,0,DEAD,α:0;β:0
α+β,control,49,True,0,DEAD,α:0;β:0
α+β,control,50,True,0,DEAD,α:0;β:0
α+β,treat,1,True,23,α,α:24;β:0
α+β,treat,2,True,24,β,α:0;β:23
α+β,treat,3,True,23,α,α:24;β:0
α+β,treat,4,True,23,α,α:24;β:0
α+β,treat,5,True,24,β,α:0;β:24
α+β,treat,6,True,24,β,α:0;β:24
α+β,treat,7,True,24,α,α:24;β:0
α+β,treat,8,True,23,α,α:23;β:0
α+β,treat,9,True,23,α,α:24;β:0
α+β,treat,10,True,23,α,α:23;β:0
α+β,treat,11,True,24,β,α:0;β:23
α+β,treat,12,True,24,β,α:0;β:24
α+β,treat,13,True,24,β,α:0;β:24
α+β,treat,14,True,23,α,α:24;β:0
α+β,treat,15,True,24,α,α:24;β:0
α+β,treat,16,True,24,β,α:0;β:24
α+β,treat,17,True,24,α,α:24;β:0
α+β,treat,18,True,24,α,α:24;β:0
α+β,treat,19,True,24,β,α:0;β:24
α+β,treat,20,True,24,α,α:23;β:0
α+β,treat,21,True,24,α,α:23;β:0
α+β,treat,22,True,24,α,α:23;β:0
α+β,treat,23,True,24,α,α:23;β:0
α+β,treat,24,True,24,β,α:0;β:24
α+β,treat,25,True,24,α,α:24;β:0
α+β,treat,26,True,22,α,α:23;β:0
α+β,treat,27,True,24,α,α:22;β:0
α+β,treat,28,True,24,β,α:0;β:24
α+β,treat,29,True,23,α,α:24;β:0
α+β,treat,30,True,24,α,α:24;β:0
α+β,treat,31,True,24,α,α:24;β:0
α+β,treat,32,True,24,α,α:23;β:0
α+β,treat,33,True,24,α,α:24;β:0
α+β,treat,34,True,23,α,α:23;β:0
α+β,treat,35,True,23,α,α:24;β:0
α+β,treat,36,True,24,β,α:0;β:24
α+β,treat,37,True,24,α,α:23;β:0
α+β,treat,38,True,23,α,α:24;β:0
α+β,treat,39,True,24,α,α:24;β:0
α+β,treat,40,True,24,β,α:0;β:24
α+β,treat,41,True,24,β,α:0;β:23
α+β,treat,42,True,23,α,α:24;β:0
α+β,treat,43,True,23,α,α:24;β:0
α+β,treat,44,True,24,β,α:0;β:24
α+β,treat,45,True,24,α,α:23;β:0
α+β,treat,46,True,24,α,α:24;β:0
α+β,treat,47,True,24,α,α:24;β:0
α+β,treat,48,True,23,α,α:24;β:0
α+β,treat,49,True,24,β,α:0;β:24
α+β,treat,50,True,24,α,α:23;β:0
α+γ,control,1,True,0,DEAD,α:0;γ:0
α+γ,control,2,True,0,DEAD,α:0;γ:0
α+γ,control,3,True,0,DEAD,α:0;γ:0
α+γ,control,4,True,0,DEAD,α:0;γ:0
α+γ,control,5,True,0,DEAD,α:0;γ:0
α+γ,control,6,True,0,DEAD,α:0;γ:0
α+γ,control,7,True,0,DEAD,α:0;γ:0
α+γ,control,8,True,0,DEAD,α:0;γ:0
α+γ,control,9,True,0,DEAD,α:0;γ:0
α+γ,control,10,True,0,DEAD,α:0;γ:0
α+γ,control,11,True,0,DEAD,α:0;γ:0
α+γ,control,12,True,0,DEAD,α:0;γ:0
α+γ,control,13,True,0,DEAD,α:0;γ:0
α+γ,control,14,True,0,DEAD,α:0;γ:0
α+γ,control,15,True,0,DEAD,α:0;γ:0
α+γ,control,16,True,0,DEAD,α:0;γ:0
α+γ,control,17,True,0,DEAD,α:0;γ:0
α+γ,control,18,True,0,DEAD,α:0;γ:0
α+γ,control,19,True,0,DEAD,α:0;γ:0
α+γ,control,20,True,0,DEAD,α:0;γ:0
α+γ,control,21,True,0,DEAD,α:0;γ:0
α+γ,control,22,True,0,DEAD,α:0;γ:0
α+γ,control,23,True,0,DEAD,α:0;γ:0
α+γ,control,24,True,0,DEAD,α:0;γ:0
α+γ,control,25,True,0,DEAD,α:0;γ:0
α+γ,control,26,True,0,DEAD,α:0;γ:0
α+γ,control,27,True,0,DEAD,α:0;γ:0
α+γ,control,28,True,0,DEAD,α:0;γ:0
α+γ,control,29,True,0,DEAD,α:0;γ:0
α+γ,control,30,True,0,DEAD,α:0;γ:0
α+γ,control,31,True,0,DEAD,α:0;γ:0
α+γ,control,32,True,0,DEAD,α:0;γ:0
α+γ,control,33,True,0,DEAD,α:0;γ:0
α+γ,control,34,True,0,DEAD,α:0;γ:0
α+γ,control,35,True,0,DEAD,α:0;γ:0
α+γ,control,36,True,0,DEAD,α:0;γ:0
α+γ,control,37,True,0,DEAD,α:0;γ:0
α+γ,control,38,True,0,DEAD,α:0;γ:0
α+γ,control,39,True,0,DEAD,α:0;γ:0
α+γ,control,40,True,0,DEAD,α:0;γ:0
α+γ,control,41,True,0,DEAD,α:0;γ:0
α+γ,control,42,True,0,DEAD,α:0;γ:0
α+γ,control,43,True,0,DEAD,α:0;γ:0
α+γ,control,44,True,0,DEAD,α:0;γ:0
α+γ,control,45,True,0,DEAD,α:0;γ:0
α+γ,control,46,True,0,DEAD,α:0;γ:0
α+γ,control,47,True,0,DEAD,α:0;γ:0
α+γ,control,48,True,0,DEAD,α:0;γ:0
α+γ,control,49,True,0,DEAD,α:0;γ:0
α+γ,control,50,True,0,DEAD,α:0;γ:0
α+γ,treat,1,True,23,α,α:24;γ:0
α+γ,treat,2,True,24,α,α:23;γ:0
α+γ,treat,3,True,23,α,α:24;γ:0
α+γ,treat,4,True,23,α,α:24;γ:0
α+γ,treat,5,True,0,DEAD,α:0;γ:0
α+γ,treat,6,True,0,DEAD,α:0;γ:0
α+γ,treat,7,True,24,α,α:24;γ:0
α+γ,treat,8,True,23,α,α:23;γ:0
α+γ,treat,9,True,23,α,α:24;γ:0
α+γ,treat,10,True,23,α,α:23;γ:0
α+γ,treat,11,True,0,DEAD,α:0;γ:0
α+γ,treat,12,True,0,DEAD,α:0;γ:0
α+γ,treat,13,True,23,α,α:24;γ:0
α+γ,treat,14,True,23,α,α:24;γ:0
α+γ,treat,15,True,24,α,α:24;γ:0
α+γ,treat,16,True,24,α,α:24;γ:0
α+γ,treat,17,True,24,α,α:24;γ:0
α+γ,treat,18,True,24,α,α:24;γ:0
α+γ,treat,19,True,23,α,α:24;γ:0
α+γ,treat,20,True,24,α,α:23;γ:0
α+γ,treat,21,True,24,α,α:23;γ:0
α+γ,treat,22,True,0,DEAD,α:0;γ:0
α+γ,treat,23,True,24,α,α:23;γ:0
α+γ,treat,24,True,0,DEAD,α:0;γ:0
α+γ,treat,25,True,0,DEAD,α:0;γ:0
α+γ,treat,26,True,22,α,α:23;γ:0
α+γ,treat,27,True,24,α,α:22;γ:0
α+γ,treat,28,True,24,α,α:24;γ:0
α+γ,treat,29,True,23,α,α:24;γ:0
α+γ,treat,30,True,24,α,α:24;γ:0
α+γ,treat,31,True,24,α,α:24;γ:0
α+γ,treat,32,True,0,DEAD,α:0;γ:0
α+γ,treat,33,True,24,α,α:24;γ:0
α+γ,treat,34,True,2,γ,α:0;γ:2
α+γ,treat,35,True,23,α,α:24;γ:0
α+γ,treat,36,True,23,α,α:22;γ:0
α+γ,treat,37,True,24,α,α:23;γ:0
α+γ,treat,38,True,23,α,α:24;γ:0
α+γ,treat,39,True,24,α,α:24;γ:0
α+γ,treat,40,True,23,α,α:24;γ:0
α+γ,treat,41,True,22,α,α:24;γ:0
α+γ,treat,42,True,23,α,α:24;γ:0
α+γ,treat,43,True,23,α,α:24;γ:0
α+γ,treat,44,True,0,DEAD,α:0;γ:0
α+γ,treat,45,True,24,α,α:23;γ:0
α+γ,treat,46,True,24,α,α:24;γ:0
α+γ,treat,47,True,24,α,α:24;γ:0
α+γ,treat,48,True,23,α,α:24;γ:0
α+γ,treat,49,True,0,DEAD,α:0;γ:0
α+γ,treat,50,True,24,α,α:23;γ:0
α+δ,control,1,True,0,DEAD,α:0;δ:0
α+δ,control,2,True,0,DEAD,α:0;δ:0
α+δ,control,3,True,0,DEAD,α:0;δ:0
α+δ,control,4,True,0,DEAD,α:0;δ:0
α+δ,control,5,True,0,DEAD,α:0;δ:0
α+δ,control,6,True,0,DEAD,α:0;δ:0
α+δ,control,7,True,0,DEAD,α:0;δ:0
α+δ,control,8,True,0,DEAD,α:0;δ:0
α+δ,control,9,True,0,DEAD,α:0;δ:0
α+δ,control,10,True,0,DEAD,α:0;δ:0
α+δ,control,11,True,0,DEAD,α:0;δ:0
α+δ,control,12,True,0,DEAD,α:0;δ:0
α+δ,control,13,True,0,DEAD,α:0;δ:0
α+δ,control,14,True,0,DEAD,α:0;δ:0
α+δ,control,15,True,0,DEAD,α:0;δ:0
α+δ,control,16,True,0,DEAD,α:0;δ:0
α+δ,control,17,True,0,DEAD,α:0;δ:0
α+δ,control,18,True,0,DEAD,α:0;δ:0
α+δ,control,19,True,0,DEAD,α:0;δ:0
α+δ,control,20,True,0,DEAD,α:0;δ:0
α+δ,control,21,True,0,DEAD,α:0;δ:0
α+δ,control,22,True,0,DEAD,α:0;δ:0
α+δ,control,23,True,0,DEAD,α:0;δ:0
α+δ,control,24,True,0,DEAD,α:0;δ:0
α+δ,control,25,True,0,DEAD,α:0;δ:0
α+δ,control,26,True,0,DEAD,α:0;δ:0
α+δ,control,27,True,0,DEAD,α:0;δ:0
α+δ,control,28,True,0,DEAD,α:0;δ:0
α+δ,control,29,True,0,DEAD,α:0;δ:0
α+δ,control,30,True,0,DEAD,α:0;δ:0
α+δ,control,31,True,0,DEAD,α:0;δ:0
α+δ,control,32,True,0,DEAD,α:0;δ:0
α+δ,control,33,True,0,DEAD,α:0;δ:0
α+δ,control,34,True,0,DEAD,α:0;δ:0
α+δ,control,35,True,0,DEAD,α:0;δ:0
α+δ,control,36,True,0,DEAD,α:0;δ:0
α+δ,control,37,True,0,DEAD,α:0;δ:0
α+δ,control,38,True,0,DEAD,α:0;δ:0
α+δ,control,39,True,0,DEAD,α:0;δ:0
α+δ,control,40,True,0,DEAD,α:0;δ:0
α+δ,control,41,True,0,DEAD,α:0;δ:0
α+δ,control,42,True,0,DEAD,α:0;δ:0
α+δ,control,43,True,0,DEAD,α:0;δ:0
α+δ,control,44,True,0,DEAD,α:0;δ:0
α+δ,control,45,True,0,DEAD,α:0;δ:0
α+δ,control,46,True,0,DEAD,α:0;δ:0
α+δ,control,47,True,0,DEAD,α:0;δ:0
α+δ,control,48,True,0,DEAD,α:0;δ:0
α+δ,control,49,True,0,DEAD,α:0;δ:0
α+δ,control,50,True,0,DEAD,α:0;δ:0
α+δ,treat,1,True,23,α,α:24;δ:0
α+δ,treat,2,True,24,α,α:23;δ:0
α+δ,treat,3,True,23,α,α:24;δ:0
α+δ,treat,4,True,23,α,α:24;δ:0
α+δ,treat,5,True,23,α,α:24;δ:0
α+δ,treat,6,True,24,α,α:23;δ:0
α+δ,treat,7,True,24,α,α:24;δ:0
α+δ,treat,8,True,23,α,α:23;δ:0
α+δ,treat,9,True,23,α,α:24;δ:0
α+δ,treat,10,True,23,α,α:23;δ:0
α+δ,treat,11,True,21,α,α:22;δ:0
α+δ,treat,12,True,23,α,α:24;δ:0
α+δ,treat,13,True,23,α,α:24;δ:0
α+δ,treat,14,True,23,α,α:24;δ:0
α+δ,treat,15,True,24,α,α:24;δ:0
α+δ,treat,16,True,24,α,α:24;δ:0
α+δ,treat,17,True,24,α,α:24;δ:0
α+δ,treat,18,True,24,α,α:24;δ:0
α+δ,treat,19,True,23,α,α:24;δ:0
α+δ,treat,20,True,24,α,α:23;δ:0
α+δ,treat,21,True,24,α,α:23;δ:0
α+δ,treat,22,True,24,α,α:23;δ:0
α+δ,treat,23,True,24,α,α:23;δ:0
α+δ,treat,24,True,24,α,α:24;δ:0
α+δ,treat,25,True,24,α,α:24;δ:0
α+δ,treat,26,True,22,α,α:23;δ:0
α+δ,treat,27,True,24,α,α:22;δ:0
α+δ,treat,28,True,24,α,α:24;δ:0
α+δ,treat,29,True,23,α,α:24;δ:0
α+δ,treat,30,True,24,α,α:24;δ:0
α+δ,treat,31,True,24,α,α:24;δ:0
α+δ,treat,32,True,24,α,α:23;δ:0
α+δ,treat,33,True,24,α,α:24;δ:0
α+δ,treat,34,True,23,α,α:23;δ:0
α+δ,treat,35,True,23,α,α:24;δ:0
α+δ,treat,36,True,23,α,α:22;δ:0
α+δ,treat,37,True,24,α,α:23;δ:0
α+δ,treat,38,True,23,α,α:24;δ:0
α+δ,treat,39,True,24,α,α:24;δ:0
α+δ,treat,40,True,23,α,α:24;δ:0
α+δ,treat,41,True,22,α,α:24;δ:0
α+δ,treat,42,True,23,α,α:24;δ:0
α+δ,treat,43,True,23,α,α:24;δ:0
α+δ,treat,44,True,22,α,α:24;δ:0
α+δ,treat,45,True,24,α,α:23;δ:0
α+δ,treat,46,True,24,α,α:24;δ:0
α+δ,treat,47,True,24,α,α:24;δ:0
α+δ,treat,48,True,23,α,α:24;δ:0
α+δ,treat,49,True,23,α,α:23;δ:0
α+δ,treat,50,True,24,α,α:23;δ:0
β+γ,control,1,True,0,DEAD,β:0;γ:0
β+γ,control,2,True,0,DEAD,β:0;γ:0
β+γ,control,3,True,0,DEAD,β:0;γ:0
β+γ,control,4,True,0,DEAD,β:0;γ:0
β+γ,control,5,True,0,DEAD,β:0;γ:0
β+γ,control,6,True,0,DEAD,β:0;γ:0
β+γ,control,7,True,0,DEAD,β:0;γ:0
β+γ,control,8,True,0,DEAD,β:0;γ:0
β+γ,control,9,True,0,DEAD,β:0;γ:0
β+γ,control,10,True,0,DEAD,β:0;γ:0
β+γ,control,11,True,0,DEAD,β:0;γ:0
β+γ,control,12,True,0,DEAD,β:0;γ:0
β+γ,control,13,True,0,DEAD,β:0;γ:0
β+γ,control,14,True,0,DEAD,β:0;γ:0
β+γ,control,15,True,0,DEAD,β:0;γ:0
β+γ,control,16,True,0,DEAD,β:0;γ:0
β+γ,control,17,True,0,DEAD,β:0;γ:0
β+γ,control,18,True,0,DEAD,β:0;γ:0
β+γ,control,19,True,0,DEAD,β:0;γ:0
β+γ,control,20,True,0,DEAD,β:0;γ:0
β+γ,control,21,True,0,DEAD,β:0;γ:0
β+γ,control,22,True,0,DEAD,β:0;γ:0
β+γ,control,23,True,0,DEAD,β:0;γ:0
β+γ,control,24,True,0,DEAD,β:0;γ:0
β+γ,control,25,True,0,DEAD,β:0;γ:0
β+γ,control,26,True,0,DEAD,β:0;γ:0
β+γ,control,27,True,0,DEAD,β:0;γ:0
β+γ,control,28,True,0,DEAD,β:0;γ:0
β+γ,control,29,True,0,DEAD,β:0;γ:0
β+γ,control,30,True,0,DEAD,β:0;γ:0
β+γ,control,31,True,0,DEAD,β:0;γ:0
β+γ,control,32,True,0,DEAD,β:0;γ:0
β+γ,control,33,True,0,DEAD,β:0;γ:0
β+γ,control,34,True,0,DEAD,β:0;γ:0
β+γ,control,35,True,0,DEAD,β:0;γ:0
β+γ,control,36,True,0,DEAD,β:0;γ:0
β+γ,control,37,True,0,DEAD,β:0;γ:0
β+γ,control,38,True,0,DEAD,β:0;γ:0
β+γ,control,39,True,0,DEAD,β:0;γ:0
β+γ,control,40,True,0,DEAD,β:0;γ:0
β+γ,control,41,True,0,DEAD,β:0;γ:0
β+γ,control,42,True,0,DEAD,β:0;γ:0
β+γ,control,43,True,0,DEAD,β:0;γ:0
β+γ,control,44,True,0,DEAD,β:0;γ:0
β+γ,control,45,True,0,DEAD,β:0;γ:0
β+γ,control,46,True,0,DEAD,β:0;γ:0
β+γ,control,47,True,0,DEAD,β:0;γ:0
β+γ,control,48,True,0,DEAD,β:0;γ:0
β+γ,control,49,True,0,DEAD,β:0;γ:0
β+γ,control,50,True,0,DEAD,β:0;γ:0
β+γ,treat,1,True,24,β,β:24;γ:0
β+γ,treat,2,True,0,DEAD,β:0;γ:0
β+γ,treat,3,True,24,β,β:24;γ:0
β+γ,treat,4,True,24,β,β:24;γ:0
β+γ,treat,5,True,24,β,β:24;γ:0
β+γ,treat,6,True,24,β,β:24;γ:0
β+γ,treat,7,True,24,β,β:24;γ:0
β+γ,treat,8,True,0,DEAD,β:0;γ:0
β+γ,treat,9,True,24,β,β:24;γ:0
β+γ,treat,10,True,0,DEAD,β:0;γ:0
β+γ,treat,11,True,24,β,β:23;γ:0
β+γ,treat,12,True,0,DEAD,β:0;γ:0
β+γ,treat,13,True,24,β,β:24;γ:0
β+γ,treat,14,True,0,DEAD,β:0;γ:0
β+γ,treat,15,True,24,β,β:24;γ:0
β+γ,treat,16,True,0,DEAD,β:0;γ:0
β+γ,treat,17,True,24,β,β:24;γ:0
β+γ,treat,18,True,24,β,β:24;γ:0
β+γ,treat,19,True,24,β,β:24;γ:0
β+γ,treat,20,True,24,β,β:24;γ:0
β+γ,treat,21,True,0,DEAD,β:0;γ:0
β+γ,treat,22,True,24,β,β:24;γ:0
β+γ,treat,23,True,0,DEAD,β:0;γ:0
β+γ,treat,24,True,24,β,β:24;γ:0
β+γ,treat,25,True,24,β,β:24;γ:0
β+γ,treat,26,True,0,DEAD,β:0;γ:0
β+γ,treat,27,True,24,β,β:24;γ:0
β+γ,treat,28,True,24,β,β:24;γ:0
β+γ,treat,29,True,24,β,β:24;γ:0
β+γ,treat,30,True,24,β,β:24;γ:0
β+γ,treat,31,True,24,β,β:24;γ:0
β+γ,treat,32,True,0,DEAD,β:0;γ:0
β+γ,treat,33,True,24,β,β:24;γ:0
β+γ,treat,34,True,0,DEAD,β:0;γ:0
β+γ,treat,35,True,0,DEAD,β:0;γ:0
β+γ,treat,36,True,0,DEAD,β:0;γ:0
β+γ,treat,37,True,24,β,β:24;γ:0
β+γ,treat,38,True,0,DEAD,β:0;γ:0
β+γ,treat,39,True,24,β,β:24;γ:0
β+γ,treat,40,True,0,DEAD,β:0;γ:0
β+γ,treat,41,True,24,β,β:23;γ:0
β+γ,treat,42,True,24,β,β:24;γ:0
β+γ,treat,43,True,24,β,β:24;γ:0
β+γ,treat,44,True,24,β,β:24;γ:0
β+γ,treat,45,True,0,DEAD,β:0;γ:0
β+γ,treat,46,True,0,DEAD,β:0;γ:0
β+γ,treat,47,True,0,DEAD,β:0;γ:0
β+γ,treat,48,True,24,β,β:24;γ:0
β+γ,treat,49,True,24,β,β:24;γ:0
β+γ,treat,50,True,24,β,β:24;γ:0
β+δ,control,1,True,0,DEAD,β:0;δ:0
β+δ,control,2,True,0,DEAD,β:0;δ:0
β+δ,control,3,True,0,DEAD,β:0;δ:0
β+δ,control,4,True,0,DEAD,β:0;δ:0
β+δ,control,5,True,0,DEAD,β:0;δ:0
β+δ,control,6,True,0,DEAD,β:0;δ:0
β+δ,control,7,True,0,DEAD,β:0;δ:0
β+δ,control,8,True,0,DEAD,β:0;δ:0
β+δ,control,9,True,0,DEAD,β:0;δ:0
β+δ,control,10,True,0,DEAD,β:0;δ:0
β+δ,control,11,True,0,DEAD,β:0;δ:0
β+δ,control,12,True,0,DEAD,β:0;δ:0
β+δ,control,13,True,0,DEAD,β:0;δ:0
β+δ,control,14,True,0,DEAD,β:0;δ:0
β+δ,control,15,True,0,DEAD,β:0;δ:0
β+δ,control,16,True,0,DEAD,β:0;δ:0
β+δ,control,17,True,0,DEAD,β:0;δ:0
β+δ,control,18,True,0,DEAD,β:0;δ:0
β+δ,control,19,True,0,DEAD,β:0;δ:0
β+δ,control,20,True,0,DEAD,β:0;δ:0
β+δ,control,21,True,0,DEAD,β:0;δ:0
β+δ,control,22,True,0,DEAD,β:0;δ:0
β+δ,control,23,True,0,DEAD,β:0;δ:0
β+δ,control,24,True,0,DEAD,β:0;δ:0
β+δ,control,25,True,0,DEAD,β:0;δ:0
β+δ,control,26,True,0,DEAD,β:0;δ:0
β+δ,control,27,True,0,DEAD,β:0;δ:0
β+δ,control,28,True,0,DEAD,β:0;δ:0
β+δ,control,29,True,0,DEAD,β:0;δ:0
β+δ,control,30,True,0,DEAD,β:0;δ:0
β+δ,control,31,True,0,DEAD,β:0;δ:0
β+δ,control,32,True,0,DEAD,β:0;δ:0
β+δ,control,33,True,0,DEAD,β:0;δ:0
β+δ,control,34,True,0,DEAD,β:0;δ:0
β+δ,control,35,True,0,DEAD,β:0;δ:0
β+δ,control,36,True,0,DEAD,β:0;δ:0
β+δ,control,37,True,0,DEAD,β:0;δ:0
β+δ,control,38,True,0,DEAD,β:0;δ:0
β+δ,control,39,True,0,DEAD,β:0;δ:0
β+δ,control,40,True,0,DEAD,β:0;δ:0
β+δ,control,41,True,0,DEAD,β:0;δ:0
β+δ,control,42,True,0,DEAD,β:0;δ:0
β+δ,control,43,True,0,DEAD,β:0;δ:0
β+δ,control,44,True,0,DEAD,β:0;δ:0
β+δ,control,45,True,0,DEAD,β:0;δ:0
β+δ,control,46,True,0,DEAD,β:0;δ:0
β+δ,control,47,True,0,DEAD,β:0;δ:0
β+δ,control,48,True,0,DEAD,β:0;δ:0
β+δ,control,49,True,0,DEAD,β:0;δ:0
β+δ,control,50,True,0,DEAD,β:0;δ:0
β+δ,treat,1,True,24,β,β:24;δ:0
β+δ,treat,2,True,24,β,β:23;δ:0
β+δ,treat,3,True,24,β,β:24;δ:0
β+δ,treat,4,True,24,β,β:24;δ:0
β+δ,treat,5,True,24,β,β:24;δ:0
β+δ,treat,6,True,24,β,β:24;δ:0
β+δ,treat,7,True,24,β,β:24;δ:0
β+δ,treat,8,True,24,β,β:24;δ:0
β+δ,treat,9,True,24,β,β:24;δ:0
β+δ,treat,10,True,24,β,β:24;δ:0
β+δ,treat,11,True,24,β,β:23;δ:0
β+δ,treat,12,True,24,β,β:24;δ:0
β+δ,treat,13,True,24,β,β:24;δ:0
β+δ,treat,14,True,24,β,β:23;δ:0
β+δ,treat,15,True,24,β,β:24;δ:0
β+δ,treat,16,True,24,β,β:24;δ:0
β+δ,treat,17,True,24,β,β:24;δ:0
β+δ,treat,18,True,24,β,β:24;δ:0
β+δ,treat,19,True,24,β,β:24;δ:0
β+δ,treat,20,True,24,β,β:24;δ:0
β+δ,treat,21,True,24,β,β:24;δ:0
β+δ,treat,22,True,24,β,β:24;δ:0
β+δ,treat,23,True,24,β,β:24;δ:0
β+δ,treat,24,True,24,β,β:24;δ:0
β+δ,treat,25,True,24,β,β:24;δ:0
β+δ,treat,26,True,24,β,β:24;δ:0
β+δ,treat,27,True,24,β,β:24;δ:0
β+δ,treat,28,True,24,β,β:24;δ:0
β+δ,treat,29,True,24,β,β:24;δ:0
β+δ,treat,30,True,24,β,β:24;δ:0
β+δ,treat,31,True,24,β,β:24;δ:0
β+δ,treat,32,True,24,β,β:24;δ:0
β+δ,treat,33,True,24,β,β:24;δ:0
β+δ,treat,34,True,24,β,β:24;δ:0
β+δ,treat,35,True,24,β,β:24;δ:0
β+δ,treat,36,True,24,β,β:24;δ:0
β+δ,treat,37,True,24,β,β:24;δ:0
β+δ,treat,38,True,24,β,β:24;δ:0
β+δ,treat,39,True,24,β,β:24;δ:0
β+δ,treat,40,True,24,β,β:24;δ:0
β+δ,treat,41,True,24,β,β:23;δ:0
β+δ,treat,42,True,24,β,β:24;δ:0
β+δ,treat,43,True,24,β,β:24;δ:0
β+δ,treat,44,True,24,β,β:24;δ:0
β+δ,treat,45,True,24,β,β:24;δ:0
β+δ,treat,46,True,24,β,β:24;δ:0
β+δ,treat,47,True,24,β,β:24;δ:0
β+δ,treat,48,True,24,β,β:24;δ:0
β+δ,treat,49,True,24,β,β:24;δ:0
β+δ,treat,50,True,24,β,β:24;δ:0
β+ε,control,1,True,0,DEAD,β:0;ε:0
β+ε,control,2,True,0,DEAD,β:0;ε:0
β+ε,control,3,True,0,DEAD,β:0;ε:0
β+ε,control,4,True,0,DEAD,β:0;ε:0
β+ε,control,5,True,0,DEAD,β:0;ε:0
β+ε,control,6,True,0,DEAD,β:0;ε:0
β+ε,control,7,True,0,DEAD,β:0;ε:0
β+ε,control,8,True,0,DEAD,β:0;ε:0
β+ε,control,9,True,0,DEAD,β:0;ε:0
β+ε,control,10,True,0,DEAD,β:0;ε:0
β+ε,control,11,True,0,DEAD,β:0;ε:0
β+ε,control,12,True,0,DEAD,β:0;ε:0
β+ε,control,13,True,0,DEAD,β:0;ε:0
β+ε,control,14,True,0,DEAD,β:0;ε:0
β+ε,control,15,True,0,DEAD,β:0;ε:0
β+ε,control,16,True,0,DEAD,β:0;ε:0
β+ε,control,17,True,0,DEAD,β:0;ε:0
β+ε,control,18,True,0,DEAD,β:0;ε:0
β+ε,control,19,True,0,DEAD,β:0;ε:0
β+ε,control,20,True,0,DEAD,β:0;ε:0
β+ε,control,21,True,0,DEAD,β:0;ε:0
β+ε,control,22,True,0,DEAD,β:0;ε:0
β+ε,control,23,True,0,DEAD,β:0;ε:0
β+ε,control,24,True,0,DEAD,β:0;ε:0
β+ε,control,25,True,0,DEAD,β:0;ε:0
β+ε,control,26,True,0,DEAD,β:0;ε:0
β+ε,control,27,True,0,DEAD,β:0;ε:0
β+ε,control,28,True,0,DEAD,β:0;ε:0
β+ε,control,29,True,0,DEAD,β:0;ε:0
β+ε,control,30,True,0,DEAD,β:0;ε:0
β+ε,control,31,True,0,DEAD,β:0;ε:0
β+ε,control,32,True,0,DEAD,β:0;ε:0
β+ε,control,33,True,0,DEAD,β:0;ε:0
β+ε,control,34,True,0,DEAD,β:0;ε:0
β+ε,control,35,True,0,DEAD,β:0;ε:0
β+ε,control,36,True,0,DEAD,β:0;ε:0
β+ε,control,37,True,0,DEAD,β:0;ε:0
β+ε,control,38,True,0,DEAD,β:0;ε:0
β+ε,control,39,True,0,DEAD,β:0;ε:0
β+ε,control,40,True,0,DEAD,β:0;ε:0
β+ε,control,41,True,0,DEAD,β:0;ε:0
β+ε,control,42,True,0,DEAD,β:0;ε:0
β+ε,control,43,True,0,DEAD,β:0;ε:0
β+ε,control,44,True,0,DEAD,β:0;ε:0
β+ε,control,45,True,0,DEAD,β:0;ε:0
β+ε,control,46,True,0,DEAD,β:0;ε:0
β+ε,control,47,True,0,DEAD,β:0;ε:0
β+ε,control,48,True,0,DEAD,β:0;ε:0
β+ε,control,49,True,0,DEAD,β:0;ε:0
β+ε,control,50,True,0,DEAD,β:0;ε:0
β+ε,treat,1,True,24,β,β:24;ε:0
β+ε,treat,2,True,24,ε,β:0;ε:23
β+ε,treat,3,True,24,β,β:24;ε:0
β+ε,treat,4,True,24,β,β:24;ε:0
β+ε,treat,5,True,24,ε,β:0;ε:24
β+ε,treat,6,True,24,β,β:24;ε:0
β+ε,treat,7,True,24,β,β:24;ε:0
β+ε,treat,8,True,24,ε,β:0;ε:24
β+ε,treat,9,True,24,β,β:24;ε:0
β+ε,treat,10,True,24,ε,β:0;ε:24
β+ε,treat,11,True,24,β,β:23;ε:0
β+ε,treat,12,True,24,ε,β:0;ε:24
β+ε,treat,13,True,24,ε,β:0;ε:24
β+ε,treat,14,True,24,ε,β:0;ε:23
β+ε,treat,15,True,24,β,β:24;ε:0
β+ε,treat,16,True,24,ε,β:0;ε:24
β+ε,treat,17,True,24,β,β:24;ε:0
β+ε,treat,18,True,24,ε,β:0;ε:24
β+ε,treat,19,True,24,β,β:24;ε:0
β+ε,treat,20,True,24,β,β:24;ε:0
β+ε,treat,21,True,24,β,β:24;ε:0
β+ε,treat,22,True,24,β,β:24;ε:0
β+ε,treat,23,True,24,ε,β:0;ε:24
β+ε,treat,24,True,24,β,β:24;ε:0
β+ε,treat,25,True,24,β,β:24;ε:0
β+ε,treat,26,True,24,ε,β:0;ε:24
β+ε,treat,27,True,24,β,β:24;ε:0
β+ε,treat,28,True,24,β,β:24;ε:0
β+ε,treat,29,True,24,β,β:24;ε:0
β+ε,treat,30,True,24,β,β:24;ε:0
β+ε,treat,31,True,24,β,β:24;ε:0
β+ε,treat,32,True,24,ε,β:0;ε:24
β+ε,treat,33,True,24,β,β:24;ε:0
β+ε,treat,34,True,24,ε,β:0;ε:24
β+ε,treat,35,True,24,ε,β:0;ε:24
β+ε,treat,36,True,24,ε,β:0;ε:24
β+ε,treat,37,True,24,β,β:24;ε:0
β+ε,treat,38,True,24,ε,β:0;ε:23
β+ε,treat,39,True,24,β,β:24;ε:0
β+ε,treat,40,True,24,ε,β:0;ε:24
β+ε,treat,41,True,24,β,β:23;ε:0
β+ε,treat,42,True,24,β,β:24;ε:0
β+ε,treat,43,True,24,β,β:24;ε:0
β+ε,treat,44,True,24,β,β:24;ε:0
β+ε,treat,45,True,24,ε,β:0;ε:24
β+ε,treat,46,True,24,ε,β:0;ε:24
β+ε,treat,47,True,24,ε,β:0;ε:24
β+ε,treat,48,True,24,ε,β:0;ε:24
β+ε,treat,49,True,24,β,β:24;ε:0
β+ε,treat,50,True,24,ε,β:0;ε:24
γ+δ,control,1,True,0,DEAD,γ:0;δ:0
γ+δ,control,2,True,0,DEAD,γ:0;δ:0
γ+δ,control,3,True,0,DEAD,γ:0;δ:0
γ+δ,control,4,True,0,DEAD,γ:0;δ:0
γ+δ,control,5,True,0,DEAD,γ:0;δ:0
γ+δ,control,6,True,0,DEAD,γ:0;δ:0
γ+δ,control,7,True,0,DEAD,γ:0;δ:0
γ+δ,control,8,True,0,DEAD,γ:0;δ:0
γ+δ,control,9,True,0,DEAD,γ:0;δ:0
γ+δ,control,10,True,0,DEAD,γ:0;δ:0
γ+δ,control,11,True,0,DEAD,γ:0;δ:0
γ+δ,control,12,True,0,DEAD,γ:0;δ:0
γ+δ,control,13,True,0,DEAD,γ:0;δ:0
γ+δ,control,14,True,0,DEAD,γ:0;δ:0
γ+δ,control,15,True,0,DEAD,γ:0;δ:0
γ+δ,control,16,True,0,DEAD,γ:0;δ:0
γ+δ,control,17,True,0,DEAD,γ:0;δ:0
γ+δ,control,18,True,0,DEAD,γ:0;δ:0
γ+δ,control,19,True,0,DEAD,γ:0;δ:0
γ+δ,control,20,True,0,DEAD,γ:0;δ:0
γ+δ,control,21,True,0,DEAD,γ:0;δ:0
γ+δ,control,22,True,0,DEAD,γ:0;δ:0
γ+δ,control,23,True,0,DEAD,γ:0;δ:0
γ+δ,control,24,True,0,DEAD,γ:0;δ:0
γ+δ,control,25,True,0,DEAD,γ:0;δ:0
γ+δ,control,26,True,0,DEAD,γ:0;δ:0
γ+δ,control,27,True,0,DEAD,γ:0;δ:0
γ+δ,control,28,True,0,DEAD,γ:0;δ:0
γ+δ,control,29,True,0,DEAD,γ:0;δ:0
γ+δ,control,30,True,0,DEAD,γ:0;δ:0
γ+δ,control,31,True,0,DEAD,γ:0;δ:0
γ+δ,control,32,True,0,DEAD,γ:0;δ:0
γ+δ,control,33,True,0,DEAD,γ:0;δ:0
γ+δ,control,34,True,0,DEAD,γ:0;δ:0
γ+δ,control,35,True,0,DEAD,γ:0;δ:0
γ+δ,control,36,True,0,DEAD,γ:0;δ:0
γ+δ,control,37,True,0,DEAD,γ:0;δ:0
γ+δ,control,38,True,0,DEAD,γ:0;δ:0
γ+δ,control,39,True,0,DEAD,γ:0;δ:0
γ+δ,control,40,True,0,DEAD,γ:0;δ:0
γ+δ,control,41,True,0,DEAD,γ:0;δ:0
γ+δ,control,42,True,0,DEAD,γ:0;δ:0
γ+δ,control,43,True,0,DEAD,γ:0;δ:0
γ+δ,control,44,True,0,DEAD,γ:0;δ:0
γ+δ,control,45,True,0,DEAD,γ:0;δ:0
γ+δ,control,46,True,0,DEAD,γ:0;δ:0
γ+δ,control,47,True,0,DEAD,γ:0;δ:0
γ+δ,control,48,True,0,DEAD,γ:0;δ:0
γ+δ,control,49,True,0,DEAD,γ:0;δ:0
γ+δ,control,50,True,0,DEAD,γ:0;δ:0
γ+δ,treat,1,True,0,DEAD,γ:0;δ:0
γ+δ,treat,2,True,0,DEAD,γ:0;δ:0
γ+δ,treat,3,True,0,DEAD,γ:0;δ:0
γ+δ,treat,4,True,0,DEAD,γ:0;δ:0
γ+δ,treat,5,True,0,DEAD,γ:0;δ:0
γ+δ,treat,6,True,0,DEAD,γ:0;δ:0
γ+δ,treat,7,True,0,DEAD,γ:0;δ:0
γ+δ,treat,8,True,0,DEAD,γ:0;δ:0
γ+δ,treat,9,True,0,DEAD,γ:0;δ:0
γ+δ,treat,10,True,0,DEAD,γ:0;δ:0
γ+δ,treat,11,True,0,DEAD,γ:0;δ:0
γ+δ,treat,12,True,0,DEAD,γ:0;δ:0
γ+δ,treat,13,True,0,DEAD,γ:0;δ:0
γ+δ,treat,14,True,0,DEAD,γ:0;δ:0
γ+δ,treat,15,True,0,DEAD,γ:0;δ:0
γ+δ,treat,16,True,0,DEAD,γ:0;δ:0
γ+δ,treat,17,True,0,DEAD,γ:0;δ:0
γ+δ,treat,18,True,0,DEAD,γ:0;δ:0
γ+δ,treat,19,True,0,DEAD,γ:0;δ:0
γ+δ,treat,20,True,0,DEAD,γ:0;δ:0
γ+δ,treat,21,True,0,DEAD,γ:0;δ:0
γ+δ,treat,22,True,0,DEAD,γ:0;δ:0
γ+δ,treat,23,True,0,DEAD,γ:0;δ:0
γ+δ,treat,24,True,0,DEAD,γ:0;δ:0
γ+δ,treat,25,True,0,DEAD,γ:0;δ:0
γ+δ,treat,26,True,0,DEAD,γ:0;δ:0
γ+δ,treat,27,True,0,DEAD,γ:0;δ:0
γ+δ,treat,28,True,0,DEAD,γ:0;δ:0
γ+δ,treat,29,True,0,DEAD,γ:0;δ:0
γ+δ,treat,30,True,0,DEAD,γ:0;δ:0
γ+δ,treat,31,True,0,DEAD,γ:0;δ:0
γ+δ,treat,32,True,0,DEAD,γ:0;δ:0
γ+δ,treat,33,True,0,DEAD,γ:0;δ:0
γ+δ,treat,34,True,0,DEAD,γ:0;δ:0
γ+δ,treat,35,True,0,DEAD,γ:0;δ:0
γ+δ,treat,36,True,0,DEAD,γ:0;δ:0
γ+δ,treat,37,True,0,DEAD,γ:0;δ:0
γ+δ,treat,38,True,0,DEAD,γ:0;δ:0
γ+δ,treat,39,True,0,DEAD,γ:0;δ:0
γ+δ,treat,40,True,0,DEAD,γ:0;δ:0
γ+δ,treat,41,True,0,DEAD,γ:0;δ:0
γ+δ,treat,42,True,0,DEAD,γ:0;δ:0
γ+δ,treat,43,True,0,DEAD,γ:0;δ:0
γ+δ,treat,44,True,0,DEAD,γ:0;δ:0
γ+δ,treat,45,True,0,DEAD,γ:0;δ:0
γ+δ,treat,46,True,0,DEAD,γ:0;δ:0
γ+δ,treat,47,True,0,DEAD,γ:0;δ:0
γ+δ,treat,48,True,0,DEAD,γ:0;δ:0
γ+δ,treat,49,True,0,DEAD,γ:0;δ:0
γ+δ,treat,50,True,0,DEAD,γ:0;δ:0
