ring,w,seed,dom,steps,dsum,d2sum,up,down,absorbed
24,1.0,1,α,1191,-12,140,64,76,α
24,1.0,2,β,655,12,108,60,48,β
24,1.0,3,α,1096,-12,120,54,66,α
24,1.0,4,α,484,-12,44,16,28,α
24,1.0,5,β,584,11,115,63,52,β
24,1.0,6,β,103,12,24,18,6,β
24,1.0,7,α,672,-12,94,41,53,α
24,1.0,8,α,450,-12,40,14,26,α
24,1.0,9,α,452,-12,44,16,28,α
24,1.0,10,α,760,-12,76,32,44,α
24,1.0,11,β,414,12,70,41,29,β
24,1.0,12,β,2486,12,370,191,179,β
24,1.0,13,β,1159,12,202,107,95,β
24,1.0,14,α,1195,-12,208,98,110,α
24,1.0,15,α,999,-12,132,60,72,α
24,1.0,16,β,789,12,154,83,71,β
24,1.0,17,α,266,-11,25,7,18,α
24,1.0,18,α,634,-12,80,34,46,α
24,1.0,19,β,243,12,48,30,18,β
24,1.0,20,α,1414,-12,152,70,82,α
24,1.0,21,α,526,-12,60,24,36,α
24,1.0,22,α,889,-12,110,49,61,α
24,1.0,23,α,371,-12,36,12,24,α
24,1.0,24,β,80,11,17,14,3,β
24,1.0,25,α,1264,-12,158,73,85,α
24,1.0,26,α,421,-12,50,19,31,α
24,1.0,27,α,570,-12,66,27,39,α
24,1.0,28,β,432,12,80,46,34,β
24,1.0,29,α,2243,-12,304,146,158,α
24,1.0,30,α,515,-12,50,19,31,α
24,1.0,31,α,628,-12,76,32,44,α
24,1.0,32,α,453,-12,56,22,34,α
24,1.0,33,α,624,-12,56,22,34,α
24,1.0,34,α,1193,-12,160,74,86,α
24,1.0,35,α,606,-12,62,25,37,α
24,1.0,36,β,291,11,69,40,29,β
24,1.0,37,α,505,-12,64,26,38,α
24,1.0,38,α,422,-12,46,17,29,α
24,1.0,39,α,1642,-12,178,83,95,α
24,1.0,40,β,873,12,116,64,52,β
24,1.0,41,β,294,11,55,33,22,β
24,1.0,42,α,163,-12,16,2,14,α
24,1.0,43,α,559,-12,64,26,38,α
24,1.0,44,β,348,12,62,37,25,β
24,1.0,45,α,533,-12,48,18,30,α
24,1.0,46,α,1310,-12,164,76,88,α
24,1.0,47,α,1807,-12,224,106,118,α
24,1.0,48,α,985,-11,89,39,50,α
24,1.0,49,β,199,12,34,23,11,β
24,1.0,50,α,388,-12,32,10,22,α
24,1.0,51,β,188,12,50,31,19,β
24,1.0,52,α,2814,-12,344,166,178,α
24,1.0,53,α,1907,-12,260,124,136,α
24,1.0,54,β,224,12,56,34,22,β
24,1.0,55,α,2120,-12,250,119,131,α
24,1.0,56,α,779,-12,80,34,46,α
24,1.0,57,β,1380,12,272,142,130,β
24,1.0,58,α,402,-12,38,13,25,α
24,1.0,59,α,798,-12,130,59,71,α
24,1.0,60,β,320,12,48,30,18,β
48,1.0,1,α,1549,-24,112,44,68,α
48,1.0,2,α,1290,-24,94,35,59,α
48,1.0,3,α,3679,-5,295,145,150,none
48,1.0,4,α,2582,-24,258,117,141,α
48,1.0,5,α,3538,-24,322,149,173,α
48,1.0,6,α,3090,-24,308,142,166,α
48,1.0,7,α,3679,-9,327,159,168,none
48,1.0,8,α,3357,-24,234,105,129,α
48,1.0,9,α,1403,-24,82,29,53,α
48,1.0,10,α,1373,-24,98,37,61,α
48,1.0,11,β,3679,5,457,231,226,none
48,1.0,12,α,2474,-24,160,68,92,α
48,1.0,13,α,2888,-24,238,107,131,α
48,1.0,14,α,2254,-24,132,54,78,α
48,1.0,15,α,2083,-24,140,58,82,α
48,1.0,16,α,3679,-5,427,211,216,none
48,1.0,17,α,3543,-24,244,110,134,α
48,1.0,18,α,2384,-24,124,50,74,α
48,1.0,19,α,3679,-5,313,154,159,none
48,1.0,20,α,3679,-20,342,161,181,none
48,1.0,21,β,2661,24,338,181,157,β
48,1.0,22,α,2092,-24,106,41,65,α
48,1.0,23,β,3679,0,370,185,185,none
48,1.0,24,α,3321,-24,260,118,142,α
48,1.0,25,α,2355,-24,144,60,84,α
48,1.0,26,α,2467,-24,212,94,118,α
48,1.0,27,α,3679,-18,304,143,161,none
48,1.0,28,α,3679,-11,297,143,154,none
48,1.0,29,α,1335,-24,108,42,66,α
48,1.0,30,α,1836,-24,88,32,56,α
48,1.0,31,α,3451,-24,194,85,109,α
48,1.0,32,α,3679,-19,301,141,160,none
48,1.0,33,β,3679,1,313,157,156,none
48,1.0,34,α,1660,-24,100,38,62,α
48,1.0,35,α,2349,-24,112,44,68,α
48,1.0,36,α,3315,-24,196,86,110,α
48,1.0,37,α,3679,-23,333,155,178,none
48,1.0,38,α,3679,-17,205,94,111,none
48,1.0,39,α,3679,-22,208,93,115,none
48,1.0,40,α,3137,-24,300,138,162,α
48,1.0,41,α,1552,-24,98,37,61,α
48,1.0,42,α,3447,-24,288,132,156,α
48,1.0,43,α,1240,-24,82,29,53,α
48,1.0,44,β,1997,24,300,162,138,β
48,1.0,45,β,3679,4,340,172,168,none
48,1.0,46,α,1380,-24,80,28,52,α
48,1.0,47,β,3006,24,414,219,195,β
48,1.0,48,α,3679,-12,444,216,228,none
48,1.0,49,β,3679,-2,312,155,157,none
48,1.0,50,α,2188,-24,108,42,66,α
48,1.0,51,β,3679,0,410,205,205,none
48,1.0,52,α,3679,-17,349,166,183,none
48,1.0,53,α,3664,-24,224,100,124,α
48,1.0,54,α,3679,-19,337,159,178,none
48,1.0,55,α,3066,-24,152,64,88,α
48,1.0,56,α,1066,-24,60,18,42,α
48,1.0,57,α,3679,-13,469,228,241,none
48,1.0,58,α,2226,-24,150,63,87,α
48,1.0,59,α,2399,-24,112,44,68,α
48,1.0,60,α,3425,-24,384,180,204,α
48,1.1,1,α,3679,-20,270,125,145,none
48,1.1,2,α,3679,-11,363,176,187,none
48,1.1,3,α,3102,-24,284,130,154,α
48,1.1,4,α,3679,-22,340,159,181,none
48,1.1,5,β,3676,25,533,279,254,β
48,1.1,6,α,2804,-24,208,92,116,α
48,1.1,7,α,3679,-17,251,117,134,none
48,1.1,8,α,3679,-17,287,135,152,none
48,1.1,9,α,3679,-7,423,208,215,none
48,1.1,10,α,3679,-21,227,103,124,none
48,1.1,11,β,3679,15,501,258,243,none
48,1.1,12,α,3679,-10,364,177,187,none
48,1.1,13,α,2110,-24,126,51,75,α
48,1.1,14,α,1456,-24,86,31,55,α
48,1.1,15,α,2566,-24,218,97,121,α
48,1.1,16,β,1150,24,202,113,89,β
48,1.1,17,β,3679,22,420,221,199,none
48,1.1,18,α,2372,-24,154,65,89,α
48,1.1,19,α,3679,-5,493,244,249,none
48,1.1,20,α,3679,-9,355,173,182,none
48,1.1,21,α,3679,-23,291,134,157,none
48,1.1,22,α,3679,-12,356,172,184,none
48,1.1,23,β,3679,8,352,180,172,none
48,1.1,24,β,3033,24,500,262,238,β
48,1.1,25,α,1023,-24,48,12,36,α
48,1.1,26,α,1295,-24,62,19,43,α
48,1.1,27,α,3679,-10,340,165,175,none
48,1.1,28,α,1765,-24,148,62,86,α
48,1.1,29,α,2262,-24,168,72,96,α
48,1.1,30,α,3679,-19,303,142,161,none
48,1.1,31,α,3679,-19,363,172,191,none
48,1.1,32,α,3679,-7,427,210,217,none
48,1.1,33,α,2848,-24,190,83,107,α
48,1.1,34,β,3679,1,375,188,187,none
48,1.1,35,α,3533,-24,208,92,116,α
48,1.1,36,α,3679,-21,325,152,173,none
48,1.1,37,α,3635,-24,242,109,133,α
48,1.1,38,α,1704,-24,70,23,47,α
48,1.1,39,β,3679,8,354,181,173,none
48,1.1,40,α,3679,-6,348,171,177,none
48,1.1,41,α,3434,-24,240,108,132,α
48,1.1,42,β,3120,24,532,278,254,β
48,1.1,43,α,2905,-24,174,75,99,α
48,1.1,44,α,3679,-14,318,152,166,none
48,1.1,45,α,3679,-12,342,165,177,none
48,1.1,46,β,2131,24,300,162,138,β
48,1.1,47,β,3315,24,350,187,163,β
48,1.1,48,α,3016,-24,294,135,159,α
48,1.1,49,β,3679,20,556,288,268,none
48,1.1,50,α,1727,-24,104,40,64,α
48,1.1,51,β,1722,24,260,142,118,β
48,1.1,52,β,3679,2,304,153,151,none
48,1.1,53,α,3679,-23,231,104,127,none
48,1.1,54,β,1229,24,196,110,86,β
48,1.1,55,α,3679,-12,254,121,133,none
48,1.1,56,β,3679,15,437,226,211,none
48,1.1,57,β,1822,24,304,164,140,β
48,1.1,58,α,2573,-24,194,85,109,α
48,1.1,59,α,3679,-7,411,202,209,none
48,1.1,60,α,3679,-6,346,170,176,none
48,1.2,1,β,3679,4,366,185,181,none
48,1.2,2,α,3679,-19,241,111,130,none
48,1.2,3,α,1799,-24,158,67,91,α
48,1.2,4,β,1330,24,216,120,96,β
48,1.2,5,β,1290,24,178,101,77,β
48,1.2,6,α,3679,-2,342,170,172,none
48,1.2,7,α,1428,-24,108,42,66,α
48,1.2,8,β,2458,24,370,197,173,β
48,1.2,9,α,2775,-24,190,83,107,α
48,1.2,10,α,1269,-24,92,34,58,α
48,1.2,11,α,2517,-24,136,56,80,α
48,1.2,12,β,982,24,140,82,58,β
48,1.2,13,β,3679,11,489,250,239,none
48,1.2,14,α,3679,-15,335,160,175,none
48,1.2,15,β,1587,24,270,147,123,β
48,1.2,16,β,2107,24,350,187,163,β
48,1.2,17,β,1851,24,230,127,103,β
48,1.2,18,α,602,-24,52,14,38,α
48,1.2,19,α,1272,-25,83,29,54,α
48,1.2,20,α,2275,-24,154,65,89,α
48,1.2,21,α,3679,-9,427,209,218,none
48,1.2,22,α,3299,-24,350,163,187,α
48,1.2,23,β,3528,24,492,258,234,β
48,1.2,24,α,3334,-24,212,94,118,α
48,1.2,25,β,1903,24,258,141,117,β
48,1.2,26,β,2258,24,366,195,171,β
48,1.2,27,β,3679,5,465,235,230,none
48,1.2,28,α,3679,-8,388,190,198,none
48,1.2,29,β,2228,24,284,154,130,β
48,1.2,30,β,2284,24,352,188,164,β
48,1.2,31,β,3679,22,478,250,228,none
48,1.2,32,β,1270,24,192,108,84,β
48,1.2,33,β,1384,24,200,112,88,β
48,1.2,34,β,889,24,136,80,56,β
48,1.2,35,α,2350,-24,144,60,84,α
48,1.2,36,α,3679,-7,479,236,243,none
48,1.2,37,β,3679,0,482,241,241,none
48,1.2,38,α,3679,-13,241,114,127,none
48,1.2,39,α,3679,-13,277,132,145,none
48,1.2,40,α,3679,-2,500,249,251,none
48,1.2,41,β,1823,24,264,144,120,β
48,1.2,42,β,1410,24,220,122,98,β
48,1.2,43,β,3679,7,357,182,175,none
48,1.2,44,β,3679,5,403,204,199,none
48,1.2,45,β,1353,24,236,130,106,β
48,1.2,46,β,3679,9,515,262,253,none
48,1.2,47,β,509,24,80,52,28,β
48,1.2,48,β,3679,14,566,290,276,none
48,1.2,49,α,3679,-9,425,208,217,none
48,1.2,50,β,2778,24,282,153,129,β
48,1.2,51,α,2518,-24,184,80,104,α
48,1.2,52,β,1820,24,322,173,149,β
48,1.2,53,β,3679,2,342,172,170,none
48,1.2,54,β,2024,24,316,170,146,β
48,1.2,55,α,3598,-24,188,82,106,α
48,1.2,56,β,3475,24,378,201,177,β
48,1.2,57,β,1470,24,240,132,108,β
48,1.2,58,α,3679,-14,276,131,145,none
48,1.2,59,β,3679,22,398,210,188,none
48,1.2,60,α,3679,-12,316,152,164,none
48,1.3,1,β,1989,24,246,135,111,β
48,1.3,2,α,2915,-24,220,98,122,α
48,1.3,3,α,1261,-24,88,32,56,α
48,1.3,4,β,3679,7,505,256,249,none
48,1.3,5,β,2806,24,458,241,217,β
48,1.3,6,β,1673,24,248,136,112,β
48,1.3,7,β,3679,-1,475,237,238,none
48,1.3,8,β,3528,24,424,224,200,β
48,1.3,9,β,3679,4,444,224,220,none
48,1.3,10,α,3679,-7,337,165,172,none
48,1.3,11,α,3679,-8,410,201,209,none
48,1.3,12,β,1936,24,268,146,122,β
48,1.3,13,β,2653,24,372,198,174,β
48,1.3,14,β,2369,24,340,182,158,β
48,1.3,15,α,2648,-24,192,84,108,α
48,1.3,16,β,742,24,118,71,47,β
48,1.3,17,β,3679,9,333,171,162,none
48,1.3,18,β,1531,24,202,113,89,β
48,1.3,19,β,3679,12,536,274,262,none
48,1.3,20,β,3150,24,458,241,217,β
48,1.3,21,α,2587,-24,226,101,125,α
48,1.3,22,β,2688,24,372,198,174,β
48,1.3,23,β,2507,24,352,188,164,β
48,1.3,24,β,2629,24,444,234,210,β
48,1.3,25,α,3679,-17,239,111,128,none
48,1.3,26,β,1959,24,246,135,111,β
48,1.3,27,β,2226,24,332,178,154,β
48,1.3,28,β,2838,24,424,224,200,β
48,1.3,29,α,2610,-24,210,93,117,α
48,1.3,30,β,892,24,138,81,57,β
48,1.3,31,β,2055,24,358,191,167,β
48,1.3,32,β,3215,24,380,202,178,β
48,1.3,33,β,1374,24,224,124,100,β
48,1.3,34,β,943,24,134,79,55,β
48,1.3,35,α,2142,-24,160,68,92,α
48,1.3,36,β,1735,24,296,160,136,β
48,1.3,37,α,3679,-9,391,191,200,none
48,1.3,38,β,3679,8,430,219,211,none
48,1.3,39,α,1823,-24,110,43,67,α
48,1.3,40,β,1818,24,292,158,134,β
48,1.3,41,α,1487,-24,116,46,70,α
48,1.3,42,β,1703,24,274,149,125,β
48,1.3,43,β,1414,24,262,143,119,β
48,1.3,44,β,3122,24,438,231,207,β
48,1.3,45,α,3638,-24,318,147,171,α
48,1.3,46,β,1054,24,122,73,49,β
48,1.3,47,β,2336,24,376,200,176,β
48,1.3,48,α,3679,-3,335,166,169,none
48,1.3,49,β,2978,24,420,222,198,β
48,1.3,50,α,1791,-24,100,38,62,α
48,1.3,51,β,1736,24,252,138,114,β
48,1.3,52,β,3679,21,451,236,215,none
48,1.3,53,β,3679,-3,293,145,148,none
48,1.3,54,β,1678,24,250,137,113,β
48,1.3,55,α,985,-24,60,18,42,α
48,1.3,56,α,3605,-24,166,71,95,α
48,1.3,57,β,1871,24,286,155,131,β
48,1.3,58,α,3679,-13,319,153,166,none
48,1.3,59,β,2918,24,436,230,206,β
48,1.3,60,β,1675,24,268,146,122,β
48,1.4,1,β,3679,7,439,223,216,none
48,1.4,2,α,1992,-24,146,61,85,α
48,1.4,3,β,2894,24,526,275,251,β
48,1.4,4,β,3008,24,370,197,173,β
48,1.4,5,β,1908,24,300,162,138,β
48,1.4,6,β,2546,24,362,193,169,β
48,1.4,7,α,854,-24,52,14,38,α
48,1.4,8,β,1559,24,238,131,107,β
48,1.4,9,β,3648,24,468,246,222,β
48,1.4,10,α,3679,-20,302,141,161,none
48,1.4,11,α,3679,-21,385,182,203,none
48,1.4,12,β,1723,24,242,133,109,β
48,1.4,13,α,3679,-14,240,113,127,none
48,1.4,14,β,978,24,152,88,64,β
48,1.4,15,β,3524,24,568,296,272,β
48,1.4,16,β,2605,24,410,217,193,β
48,1.4,17,β,1587,24,210,117,93,β
48,1.4,18,α,857,-24,52,14,38,α
48,1.4,19,β,2022,23,319,171,148,β
48,1.4,20,β,3679,21,397,209,188,none
48,1.4,21,β,1963,24,306,165,141,β
48,1.4,22,β,1881,24,272,148,124,β
48,1.4,23,β,1324,24,192,108,84,β
48,1.4,24,β,1677,24,230,127,103,β
48,1.4,25,β,2105,24,284,154,130,β
48,1.4,26,β,1649,24,246,135,111,β
48,1.4,27,β,3647,24,508,266,242,β
48,1.4,28,β,2200,24,368,196,172,β
48,1.4,29,β,3679,22,620,321,299,none
48,1.4,30,β,2163,24,322,173,149,β
48,1.4,31,β,833,24,148,86,62,β
48,1.4,32,β,1700,24,232,128,104,β
48,1.4,33,β,2808,24,394,209,185,β
48,1.4,34,β,3679,-1,435,217,218,none
48,1.4,35,α,913,-24,52,14,38,α
48,1.4,36,β,2576,24,426,225,201,β
48,1.4,37,β,2953,24,392,208,184,β
48,1.4,38,β,3679,6,382,194,188,none
48,1.4,39,α,3679,-13,297,142,155,none
48,1.4,40,β,1271,24,204,114,90,β
48,1.4,41,α,1764,-24,144,60,84,α
48,1.4,42,β,3676,24,630,327,303,β
48,1.4,43,β,3679,4,476,240,236,none
48,1.4,44,β,1446,24,222,123,99,β
48,1.4,45,β,659,24,90,57,33,β
48,1.4,46,β,1298,24,188,106,82,β
48,1.4,47,β,2867,24,378,201,177,β
48,1.4,48,α,3679,-9,269,130,139,none
48,1.4,49,β,2602,24,398,211,187,β
48,1.4,50,β,2169,24,290,157,133,β
48,1.4,51,β,3679,7,383,195,188,none
48,1.4,52,β,3062,24,462,243,219,β
48,1.4,53,β,1067,24,140,82,58,β
48,1.4,54,β,981,24,152,88,64,β
48,1.4,55,β,1296,24,198,111,87,β
48,1.4,56,β,3679,7,395,201,194,none
48,1.4,57,β,1150,24,184,104,80,β
48,1.4,58,β,2484,24,272,148,124,β
48,1.4,59,α,1282,-24,118,47,71,α
48,1.4,60,β,3181,24,458,241,217,β
48,1.5,1,β,1461,24,204,114,90,β
48,1.5,2,β,2544,24,274,149,125,β
48,1.5,3,β,3648,24,512,268,244,β
48,1.5,4,β,1589,24,244,134,110,β
48,1.5,5,β,1093,24,154,89,65,β
48,1.5,6,β,2104,24,342,183,159,β
48,1.5,7,β,2659,24,398,211,187,β
48,1.5,8,β,1677,24,242,133,109,β
48,1.5,9,β,1501,24,218,121,97,β
48,1.5,10,β,3679,3,371,187,184,none
48,1.5,11,β,1069,24,178,101,77,β
48,1.5,12,β,2677,24,394,209,185,β
48,1.5,13,β,1359,24,204,114,90,β
48,1.5,14,β,1175,24,160,92,68,β
48,1.5,15,α,3679,-11,391,190,201,none
48,1.5,16,β,980,24,156,90,66,β
48,1.5,17,β,3679,23,383,203,180,none
48,1.5,18,β,3679,-3,443,220,223,none
48,1.5,19,β,1645,23,279,151,128,β
48,1.5,20,β,2224,24,338,181,157,β
48,1.5,21,β,1388,24,196,110,86,β
48,1.5,22,β,1322,24,192,108,84,β
48,1.5,23,β,1300,24,208,116,92,β
48,1.5,24,β,1851,25,297,161,136,β
48,1.5,25,β,1523,24,218,121,97,β
48,1.5,26,β,2683,24,378,201,177,β
48,1.5,27,β,890,24,138,81,57,β
48,1.5,28,β,2170,24,356,190,166,β
48,1.5,29,β,1664,24,252,138,114,β
48,1.5,30,β,1427,24,214,119,95,β
48,1.5,31,β,1098,24,186,105,81,β
48,1.5,32,β,3354,24,450,237,213,β
48,1.5,33,β,3679,23,565,294,271,none
48,1.5,34,β,888,24,154,89,65,β
48,1.5,35,β,3679,22,474,248,226,none
48,1.5,36,β,1038,24,178,101,77,β
48,1.5,37,α,3679,-12,414,201,213,none
48,1.5,38,β,1900,24,306,165,141,β
48,1.5,39,β,2084,24,338,181,157,β
48,1.5,40,β,1417,24,232,128,104,β
48,1.5,41,β,1558,24,252,138,114,β
48,1.5,42,β,2687,24,454,239,215,β
48,1.5,43,β,1675,24,234,129,105,β
48,1.5,44,β,1500,24,192,108,84,β
48,1.5,45,β,1794,24,252,138,114,β
48,1.5,46,β,3679,21,593,307,286,none
48,1.5,47,β,831,24,132,78,54,β
48,1.5,48,β,776,24,116,70,46,β
48,1.5,49,β,2568,24,452,238,214,β
48,1.5,50,α,3679,-3,411,204,207,none
48,1.5,51,β,1120,24,168,96,72,β
48,1.5,52,β,2482,24,402,213,189,β
48,1.5,53,β,2372,24,316,170,146,β
48,1.5,54,β,1213,24,170,97,73,β
48,1.5,55,α,3679,-15,259,122,137,none
48,1.5,56,β,1987,24,290,157,133,β
48,1.5,57,β,1180,24,210,117,93,β
48,1.5,58,β,3679,12,486,249,237,none
48,1.5,59,β,546,24,94,59,35,β
48,1.5,60,β,940,24,140,82,58,β
96,1.0,1,α,3108,-48,250,101,149,α
96,1.0,2,α,4159,-47,135,44,91,none
96,1.0,3,α,4159,-18,396,189,207,none
96,1.0,4,α,3114,-48,150,51,99,α
96,1.0,5,α,3756,-48,232,92,140,α
96,1.0,6,α,4159,-34,304,135,169,none
96,1.0,7,α,2890,-48,142,47,95,α
96,1.0,8,α,4159,-42,338,148,190,none
96,1.0,9,α,4159,-25,355,165,190,none
96,1.0,10,α,4159,-45,255,105,150,none
96,1.0,11,α,4159,-45,321,138,183,none
96,1.0,12,α,3639,-48,160,56,104,α
96,1.0,13,α,3573,-48,208,80,128,α
96,1.0,14,α,4159,-32,396,182,214,none
96,1.0,15,α,3982,-48,194,73,121,α
96,1.0,16,α,4159,-30,352,161,191,none
96,1.0,17,α,4159,-47,171,62,109,none
96,1.0,18,α,4159,-33,239,103,136,none
96,1.0,19,α,3590,-48,162,57,105,α
96,1.0,20,α,2897,-48,144,48,96,α
96,1.0,21,α,2976,-48,162,57,105,α
96,1.0,22,α,2211,-48,106,29,77,α
96,1.0,23,α,4159,-46,196,75,121,none
96,1.0,24,α,4159,-41,213,86,127,none
96,1.0,25,α,3687,-48,252,102,150,α
96,1.0,26,α,4159,-40,360,160,200,none
96,1.0,27,α,4000,-48,214,83,131,α
96,1.0,28,α,4159,-41,233,96,137,none
96,1.0,29,α,4159,-27,345,159,186,none
96,1.0,30,α,4159,-43,359,158,201,none
96,1.0,31,α,3174,-48,136,44,92,α
96,1.0,32,α,2648,-48,178,65,113,α
96,1.0,33,α,4159,-39,313,137,176,none
96,1.0,34,α,2518,-48,164,58,106,α
96,1.0,35,α,4159,-44,278,117,161,none
96,1.0,36,α,2971,-48,124,38,86,α
96,1.0,37,α,4159,-36,374,169,205,none
96,1.0,38,α,4159,-46,200,77,123,none
96,1.0,39,α,4159,-46,318,136,182,none
96,1.0,40,α,4159,-37,487,225,262,none
96,1.0,41,β,4159,5,701,353,348,none
96,1.0,42,α,3761,-48,192,72,120,α
96,1.0,43,α,4159,-31,339,154,185,none
96,1.0,44,α,3771,-48,192,72,120,α
96,1.0,45,α,4159,-44,192,74,118,none
96,1.0,46,α,2745,-48,120,36,84,α
96,1.0,47,α,4159,-47,239,96,143,none
96,1.0,48,α,4159,-43,341,149,192,none
96,1.0,49,α,4159,-17,419,201,218,none
96,1.0,50,α,4159,-42,260,109,151,none
96,1.0,51,α,4068,-48,232,92,140,α
96,1.0,52,α,4159,-41,197,78,119,none
96,1.0,53,α,4159,-43,259,108,151,none
96,1.0,54,α,4159,-46,358,156,202,none
96,1.0,55,α,4159,-41,273,116,157,none
96,1.0,56,α,3075,-48,132,42,90,α
96,1.0,57,α,4159,-34,308,137,171,none
96,1.0,58,α,4159,-37,281,122,159,none
96,1.0,59,α,4159,-36,366,165,201,none
96,1.0,60,α,4159,-45,311,133,178,none
