step,pop1,pop2,pop3,pop4,pop5,fire,share1,share2,share3,share4,share5,meanrung,bank1,bank2,bank3,bank4,bank5,banktot,bankmean
1000,544,274,102,36,30,0,0.5517,0.2779,0.1034,0.0365,0.0304,1.7160,13,6,3,0,2,24,1.8333
2000,1032,612,201,64,55,0,0.5255,0.3116,0.1023,0.0326,0.0280,1.7261,23,14,3,1,3,44,1.7955
3000,1166,602,169,41,22,0,0.5830,0.3010,0.0845,0.0205,0.0110,1.5755,24,14,6,1,3,48,1.8542
4000,1253,570,138,22,10,0,0.6287,0.2860,0.0692,0.0110,0.0050,1.4777,28,16,7,0,3,54,1.7778
5000,1353,527,90,7,4,0,0.6830,0.2660,0.0454,0.0035,0.0020,1.3756,37,17,9,0,3,66,1.7121
6000,1442,480,49,2,2,0,0.7301,0.2430,0.0248,0.0010,0.0010,1.2997,42,19,9,0,3,73,1.6712
7000,1527,405,33,1,0,0,0.7767,0.2060,0.0168,0.0005,0.0000,1.2411,50,21,7,0,3,81,1.5802
8000,1588,352,19,0,0,0,0.8106,0.1797,0.0097,0.0000,0.0000,1.1991,55,22,9,0,3,89,1.5843
9000,1655,281,8,1,0,0,0.8509,0.1445,0.0041,0.0005,0.0000,1.1542,65,25,9,0,3,102,1.5392
10000,1684,250,4,0,0,0,0.8689,0.1290,0.0021,0.0000,0.0000,1.1331,73,25,8,0,3,109,1.4862
11000,1739,194,5,0,0,0,0.8973,0.1001,0.0026,0.0000,0.0000,1.1053,73,26,7,0,3,109,1.4771
12000,1759,171,2,0,1,0,0.9100,0.0885,0.0010,0.0000,0.0005,1.0926,77,27,7,0,3,114,1.4649
13000,1804,135,1,0,0,0,0.9299,0.0696,0.0005,0.0000,0.0000,1.0706,76,22,7,0,3,108,1.4444
14000,1825,112,1,0,0,0,0.9417,0.0578,0.0005,0.0000,0.0000,1.0588,80,22,5,0,3,110,1.4000
15000,1835,93,1,0,0,0,0.9513,0.0482,0.0005,0.0000,0.0000,1.0492,91,20,5,0,2,118,1.3220
16000,1846,81,2,0,0,0,0.9570,0.0420,0.0010,0.0000,0.0000,1.0441,94,18,5,0,2,119,1.3025
17000,1847,82,0,0,1,0,0.9570,0.0425,0.0000,0.0000,0.0005,1.0446,93,16,6,0,2,117,1.3077
18000,1852,73,1,0,0,0,0.9616,0.0379,0.0005,0.0000,0.0000,1.0389,99,15,5,0,1,120,1.2417
19000,1850,81,1,0,0,0,0.9576,0.0419,0.0005,0.0000,0.0000,1.0430,95,14,5,0,1,115,1.2435
20000,1843,83,2,0,0,0,0.9559,0.0430,0.0010,0.0000,0.0000,1.0451,102,12,5,0,1,120,1.2167
21000,1835,84,4,1,0,0,0.9537,0.0437,0.0021,0.0005,0.0000,1.0494,106,11,4,0,1,122,1.1885
22000,1831,91,3,0,0,0,0.9512,0.0473,0.0016,0.0000,0.0000,1.0504,107,11,3,0,1,122,1.1721
23000,1849,68,6,0,0,0,0.9615,0.0354,0.0031,0.0000,0.0000,1.0416,110,11,2,0,1,124,1.1532
24000,1847,70,2,0,0,0,0.9625,0.0365,0.0010,0.0000,0.0000,1.0386,115,10,2,0,1,128,1.1406
25000,1864,51,2,0,0,0,0.9724,0.0266,0.0010,0.0000,0.0000,1.0287,117,10,2,0,1,130,1.1385
26000,1861,51,1,0,0,0,0.9728,0.0267,0.0005,0.0000,0.0000,1.0277,121,11,2,0,1,135,1.1407
27000,1862,42,1,0,1,0,0.9769,0.0220,0.0005,0.0000,0.0005,1.0252,126,12,2,0,1,141,1.1418
28000,1848,54,0,0,2,0,0.9706,0.0284,0.0000,0.0000,0.0011,1.0326,130,11,2,0,0,143,1.1049
29000,1845,50,1,1,1,0,0.9721,0.0263,0.0005,0.0005,0.0005,1.0311,136,11,2,0,0,149,1.1007
30000,1841,51,1,1,0,0,0.9720,0.0269,0.0005,0.0005,0.0000,1.0296,140,11,2,0,0,153,1.0980
31000,1840,48,3,0,0,0,0.9730,0.0254,0.0016,0.0000,0.0000,1.0286,145,10,1,0,0,156,1.0769
32000,1840,54,2,0,0,0,0.9705,0.0285,0.0011,0.0000,0.0000,1.0306,142,9,1,0,0,152,1.0724
33000,1838,52,1,0,1,0,0.9715,0.0275,0.0005,0.0000,0.0005,1.0307,146,9,1,0,0,156,1.0705
34000,1831,64,0,0,0,0,0.9662,0.0338,0.0000,0.0000,0.0000,1.0338,144,8,1,0,0,153,1.0654
35000,1832,67,1,0,0,0,0.9642,0.0353,0.0005,0.0000,0.0000,1.0363,139,8,1,0,0,148,1.0676
36000,1849,53,1,0,0,0,0.9716,0.0279,0.0005,0.0000,0.0000,1.0289,135,9,1,0,0,145,1.0759
37000,1858,44,1,0,0,0,0.9764,0.0231,0.0005,0.0000,0.0000,1.0242,135,8,1,0,0,144,1.0694
38000,1849,53,0,0,0,0,0.9721,0.0279,0.0000,0.0000,0.0000,1.0279,138,7,1,0,0,146,1.0616
39000,1857,42,0,0,0,0,0.9779,0.0221,0.0000,0.0000,0.0000,1.0221,141,6,1,0,0,148,1.0541
40000,1861,48,1,0,0,0,0.9743,0.0251,0.0005,0.0000,0.0000,1.0262,132,5,1,0,0,138,1.0507
41000,1394,48,0,0,0,361,0.9667,0.0333,0.0000,0.0000,0.0000,1.0333,131,4,1,0,0,136,1.0441
42000,945,49,2,2,0,670,0.9469,0.0491,0.0020,0.0020,0.0000,1.0591,131,4,1,0,0,136,1.0441
43000,570,26,2,2,1,873,0.9484,0.0433,0.0033,0.0033,0.0017,1.0666,133,4,1,0,0,138,1.0435
44000,283,22,12,5,2,984,0.8735,0.0679,0.0370,0.0154,0.0062,1.2130,136,4,1,0,0,141,1.0426
45000,132,34,25,10,4,979,0.6439,0.1659,0.1220,0.0488,0.0195,1.6341,144,4,1,0,0,149,1.0403
46000,110,59,51,23,9,888,0.4365,0.2341,0.2024,0.0913,0.0357,2.0556,149,5,2,0,0,156,1.0577
47000,108,52,63,42,10,882,0.3927,0.1891,0.2291,0.1527,0.0364,2.2509,152,9,3,0,0,164,1.0915
48000,137,50,69,62,17,861,0.4090,0.1493,0.2060,0.1851,0.0507,2.3194,155,10,4,2,0,171,1.1404
49000,128,53,93,71,29,873,0.3422,0.1417,0.2487,0.1898,0.0775,2.5187,158,12,5,2,0,177,1.1582
50000,111,57,99,93,34,887,0.2817,0.1447,0.2513,0.2360,0.0863,2.7005,160,14,5,2,0,181,1.1657
51000,100,54,90,120,46,888,0.2439,0.1317,0.2195,0.2927,0.1122,2.8976,165,16,7,2,1,191,1.2094
52000,99,53,97,136,54,893,0.2255,0.1207,0.2210,0.3098,0.1230,2.9841,166,16,8,3,2,195,1.2513
53000,85,69,91,144,65,888,0.1872,0.1520,0.2004,0.3172,0.1432,3.0771,166,18,11,3,2,200,1.2850
54000,88,59,94,151,75,845,0.1884,0.1263,0.2013,0.3233,0.1606,3.1413,169,19,11,4,2,205,1.2976
55000,94,64,117,158,82,794,0.1825,0.1243,0.2272,0.3068,0.1592,3.1359,173,21,11,4,4,213,1.3333
56000,69,59,124,184,84,794,0.1327,0.1135,0.2385,0.3538,0.1615,3.2981,176,21,12,5,5,219,1.3653
57000,85,55,120,194,91,792,0.1560,0.1009,0.2202,0.3560,0.1670,3.2771,179,21,12,5,5,222,1.3604
58000,89,65,131,198,98,815,0.1532,0.1119,0.2255,0.3408,0.1687,3.2599,181,22,13,5,6,227,1.3833
59000,73,68,141,202,113,779,0.1223,0.1139,0.2362,0.3384,0.1893,3.3585,182,22,14,7,7,232,1.4267
60000,89,58,132,219,121,792,0.1438,0.0937,0.2132,0.3538,0.1955,3.3635,182,25,15,7,7,236,1.4407
61000,85,51,122,234,123,785,0.1382,0.0829,0.1984,0.3805,0.2000,3.4211,183,25,15,7,7,237,1.4388
62000,115,55,96,240,133,751,0.1800,0.0861,0.1502,0.3756,0.2081,3.3459,183,29,16,8,7,243,1.4650
63000,92,42,93,249,143,787,0.1486,0.0679,0.1502,0.4023,0.2310,3.4992,187,29,17,9,10,252,1.5159
64000,70,39,84,264,149,770,0.1155,0.0644,0.1386,0.4356,0.2459,3.6320,188,29,18,11,10,256,1.5391
65000,71,52,94,272,164,742,0.1087,0.0796,0.1440,0.4165,0.2511,3.6217,193,31,18,12,10,264,1.5417
66000,86,45,95,271,183,707,0.1265,0.0662,0.1397,0.3985,0.2691,3.6176,194,32,19,15,11,271,1.5867
67000,123,35,88,281,196,699,0.1701,0.0484,0.1217,0.3887,0.2711,3.5422,197,32,19,15,12,275,1.5927
68000,101,48,90,282,207,743,0.1387,0.0659,0.1236,0.3874,0.2843,3.6126,198,33,19,16,14,280,1.6250
69000,65,39,91,284,215,707,0.0937,0.0562,0.1311,0.4092,0.3098,3.7853,200,33,22,18,16,289,1.6747
70000,71,53,85,286,236,667,0.0971,0.0725,0.1163,0.3912,0.3228,3.7702,202,33,24,18,16,293,1.6792
71000,69,53,105,287,256,666,0.0896,0.0688,0.1364,0.3727,0.3325,3.7896,202,33,24,21,16,296,1.7027
72000,66,62,117,291,264,643,0.0825,0.0775,0.1462,0.3638,0.3300,3.7812,203,34,24,23,16,300,1.7167
73000,97,52,107,291,292,633,0.1156,0.0620,0.1275,0.3468,0.3480,3.7497,203,34,26,26,19,308,1.7792
74000,82,37,110,303,292,613,0.0995,0.0449,0.1335,0.3677,0.3544,3.8325,203,36,28,29,19,315,1.8095
75000,101,32,113,329,316,592,0.1134,0.0359,0.1268,0.3692,0.3547,3.8159,205,37,28,32,20,322,1.8354
76000,102,33,94,338,329,583,0.1138,0.0368,0.1049,0.3772,0.3672,3.8471,207,37,28,34,20,326,1.8436
77000,89,34,93,360,360,558,0.0951,0.0363,0.0994,0.3846,0.3846,3.9274,208,38,28,34,21,329,1.8511
78000,69,36,95,383,381,530,0.0716,0.0373,0.0985,0.3973,0.3952,4.0073,209,38,31,36,24,338,1.8994
79000,65,35,101,384,419,482,0.0647,0.0349,0.1006,0.3825,0.4173,4.0528,209,39,31,37,26,342,1.9240
80000,65,42,107,401,430,479,0.0622,0.0402,0.1024,0.3837,0.4115,4.0421,212,40,31,36,27,346,1.9191
81000,78,41,107,406,442,457,0.0726,0.0382,0.0996,0.3780,0.4115,4.0177,212,40,33,36,28,349,1.9341
82000,78,40,93,408,452,438,0.0728,0.0373,0.0868,0.3810,0.4220,4.0420,212,41,34,37,29,353,1.9518
83000,78,41,99,424,454,431,0.0712,0.0374,0.0903,0.3869,0.4142,4.0356,213,41,34,40,31,359,1.9833
84000,72,38,104,437,483,397,0.0635,0.0335,0.0917,0.3854,0.4259,4.0767,213,41,35,40,31,360,1.9861
85000,84,38,103,443,504,363,0.0717,0.0324,0.0879,0.3780,0.4300,4.0623,215,42,35,41,32,365,1.9945
86000,82,47,91,457,501,386,0.0696,0.0399,0.0772,0.3879,0.4253,4.0594,215,42,35,42,32,366,2.0000
87000,88,43,83,423,514,390,0.0765,0.0374,0.0721,0.3675,0.4466,4.0704,215,42,36,44,32,369,2.0136
88000,99,37,86,403,543,375,0.0848,0.0317,0.0736,0.3450,0.4649,4.0736,216,43,36,48,34,377,2.0477
89000,92,38,86,425,566,347,0.0762,0.0315,0.0713,0.3521,0.4689,4.1060,216,43,37,49,38,383,2.0862
90000,93,37,81,427,594,322,0.0755,0.0300,0.0657,0.3466,0.4821,4.1299,216,43,37,50,40,386,2.1062
91000,96,33,73,410,617,324,0.0781,0.0269,0.0594,0.3336,0.5020,4.1546,217,43,38,50,42,390,2.1205
92000,88,21,85,416,643,275,0.0702,0.0168,0.0678,0.3320,0.5132,4.2011,218,43,38,53,42,394,2.1320
93000,83,34,101,422,664,244,0.0637,0.0261,0.0775,0.3236,0.5092,4.1887,219,44,39,54,43,399,2.1429
94000,91,29,116,426,686,211,0.0675,0.0215,0.0861,0.3160,0.5089,4.1773,220,44,40,58,43,405,2.1605
95000,104,32,121,434,709,178,0.0743,0.0229,0.0864,0.3100,0.5064,4.1514,221,44,41,58,43,407,2.1597
96000,99,31,121,443,746,153,0.0688,0.0215,0.0840,0.3076,0.5181,4.1847,222,44,43,58,45,412,2.1748
97000,112,31,109,437,756,128,0.0775,0.0215,0.0754,0.3024,0.5232,4.1723,222,45,45,59,45,416,2.1827
98000,100,49,112,442,777,123,0.0676,0.0331,0.0757,0.2986,0.5250,4.1804,222,46,45,59,48,420,2.2024
99000,94,26,117,444,785,120,0.0641,0.0177,0.0798,0.3029,0.5355,4.2278,223,46,45,59,49,422,2.2062
100000,120,28,120,444,797,74,0.0795,0.0186,0.0795,0.2942,0.5282,4.1730,225,46,46,61,51,429,2.2238
101000,129,35,118,448,798,57,0.0844,0.0229,0.0772,0.2932,0.5223,4.1459,227,47,48,64,51,437,2.2334
102000,135,44,120,473,799,22,0.0859,0.0280,0.0764,0.3011,0.5086,4.1184,228,47,50,65,52,442,2.2443
103000,208,56,146,475,717,0,0.1298,0.0350,0.0911,0.2965,0.4476,3.8970,227,48,51,66,52,444,2.2523
104000,314,73,170,463,579,0,0.1964,0.0457,0.1063,0.2896,0.3621,3.5754,227,47,51,65,55,445,2.2674
105000,419,98,189,436,463,0,0.2611,0.0611,0.1178,0.2717,0.2885,3.2654,225,48,49,65,56,443,2.2754
106000,551,138,193,383,331,0,0.3452,0.0865,0.1209,0.2400,0.2074,2.8778,228,47,51,69,56,451,2.2860
107000,711,165,203,290,230,0,0.4447,0.1032,0.1270,0.1814,0.1438,2.4765,228,46,52,68,54,448,2.2723
108000,874,174,180,207,153,0,0.5504,0.1096,0.1134,0.1304,0.0963,2.1127,233,51,53,68,54,459,2.2571
109000,1030,191,161,138,71,0,0.6474,0.1201,0.1012,0.0867,0.0446,1.7612,233,50,53,66,54,456,2.2500
110000,1142,208,127,84,42,0,0.7124,0.1298,0.0792,0.0524,0.0262,1.5502,232,50,50,61,52,445,2.2157
111000,1266,201,90,36,15,0,0.7873,0.1250,0.0560,0.0224,0.0093,1.3414,231,53,49,58,48,439,2.1777
112000,1382,163,53,16,8,0,0.8520,0.1005,0.0327,0.0099,0.0049,1.2152,222,53,50,56,45,426,2.1761
113000,1447,152,29,6,1,0,0.8850,0.0930,0.0177,0.0037,0.0006,1.1419,222,51,48,49,43,413,2.1283
114000,1496,139,8,4,4,0,0.9061,0.0842,0.0048,0.0024,0.0024,1.1108,215,48,46,47,41,397,2.1209
115000,1526,128,6,4,1,0,0.9165,0.0769,0.0036,0.0024,0.0006,1.0937,211,46,42,45,38,382,2.0916
116000,1545,117,6,4,1,0,0.9235,0.0699,0.0036,0.0024,0.0006,1.0867,212,44,41,42,35,374,2.0481
117000,1567,108,8,3,5,0,0.9267,0.0639,0.0047,0.0018,0.0030,1.0905,204,43,37,41,31,356,2.0225
118000,1587,107,7,2,2,0,0.9308,0.0628,0.0041,0.0012,0.0012,1.0792,202,40,35,37,29,343,1.9825
119000,1614,89,5,1,1,0,0.9439,0.0520,0.0029,0.0006,0.0006,1.0620,206,38,33,34,27,338,1.9290
120000,1630,76,3,0,3,0,0.9521,0.0444,0.0018,0.0000,0.0018,1.0549,207,40,32,34,23,336,1.8869
121000,1635,77,8,2,1,0,0.9489,0.0447,0.0046,0.0012,0.0006,1.0598,205,36,31,31,22,325,1.8585
122000,1661,63,5,0,1,0,0.9601,0.0364,0.0029,0.0000,0.0006,1.0445,200,33,32,31,21,317,1.8644
123000,1674,62,6,2,1,0,0.9593,0.0355,0.0034,0.0011,0.0006,1.0481,194,30,29,29,21,303,1.8548
124000,1695,58,2,2,0,0,0.9647,0.0330,0.0011,0.0011,0.0000,1.0387,186,30,28,26,20,290,1.8414
125000,1700,56,6,1,1,0,0.9637,0.0317,0.0034,0.0006,0.0006,1.0425,186,30,25,23,18,282,1.7837
126000,1713,49,6,2,2,0,0.9667,0.0277,0.0034,0.0011,0.0011,1.0423,183,31,24,22,15,275,1.7455
127000,1741,33,3,1,1,0,0.9786,0.0185,0.0017,0.0006,0.0006,1.0259,179,31,23,22,13,268,1.7276
128000,1738,41,1,1,2,0,0.9748,0.0230,0.0006,0.0006,0.0011,1.0303,181,30,23,20,10,264,1.6667
129000,1755,39,4,1,0,0,0.9755,0.0217,0.0022,0.0006,0.0000,1.0278,168,30,22,19,9,248,1.6734
130000,1778,35,1,2,1,0,0.9785,0.0193,0.0006,0.0011,0.0006,1.0259,157,28,21,16,9,231,1.6667
131000,1792,27,0,2,2,0,0.9830,0.0148,0.0000,0.0011,0.0011,1.0225,156,27,18,15,8,224,1.6250
132000,1785,35,1,2,0,0,0.9792,0.0192,0.0005,0.0011,0.0000,1.0236,161,27,16,14,7,225,1.5733
133000,1770,39,2,3,0,0,0.9757,0.0215,0.0011,0.0017,0.0000,1.0287,172,26,15,13,6,232,1.5129
134000,1773,38,5,0,0,0,0.9763,0.0209,0.0028,0.0000,0.0000,1.0264,172,25,15,13,6,231,1.5108
135000,1780,43,3,2,0,0,0.9737,0.0235,0.0016,0.0011,0.0000,1.0301,164,24,13,13,5,219,1.4977
136000,1779,50,4,1,1,0,0.9695,0.0272,0.0022,0.0005,0.0005,1.0354,163,22,12,12,4,213,1.4601
137000,1782,45,2,1,0,0,0.9738,0.0246,0.0011,0.0005,0.0000,1.0284,166,22,12,12,4,216,1.4537
138000,1781,56,1,1,1,0,0.9679,0.0304,0.0005,0.0005,0.0005,1.0353,161,22,11,11,3,208,1.4279
139000,1786,57,1,0,0,0,0.9685,0.0309,0.0005,0.0000,0.0000,1.0320,159,20,11,11,3,204,1.4265
140000,1786,61,3,0,0,0,0.9654,0.0330,0.0016,0.0000,0.0000,1.0362,155,21,8,11,2,197,1.3959
141000,1790,61,2,1,0,0,0.9655,0.0329,0.0011,0.0005,0.0000,1.0367,154,19,8,10,2,193,1.3782
142000,1794,60,3,0,0,0,0.9661,0.0323,0.0016,0.0000,0.0000,1.0355,155,17,6,10,2,190,1.3526
143000,1804,58,2,1,0,0,0.9673,0.0311,0.0011,0.0005,0.0000,1.0349,148,17,6,10,2,183,1.3661
144000,1798,61,1,0,0,0,0.9667,0.0328,0.0005,0.0000,0.0000,1.0339,155,15,5,10,2,187,1.3369
145000,1791,62,2,1,0,0,0.9650,0.0334,0.0011,0.0005,0.0000,1.0372,160,15,5,9,2,191,1.3141
146000,1789,76,1,0,1,0,0.9582,0.0407,0.0005,0.0000,0.0005,1.0439,151,14,5,9,2,181,1.3260
147000,1790,80,1,0,0,0,0.9567,0.0428,0.0005,0.0000,0.0000,1.0438,148,14,5,8,2,177,1.3164
148000,1790,81,1,0,0,0,0.9562,0.0433,0.0005,0.0000,0.0000,1.0443,151,12,5,8,0,176,1.2614
149000,1812,66,2,0,0,0,0.9638,0.0351,0.0011,0.0000,0.0000,1.0372,145,11,5,7,0,168,1.2500
150000,1820,62,1,0,0,0,0.9665,0.0329,0.0005,0.0000,0.0000,1.0340,141,11,5,7,0,164,1.2561
151000,1827,58,3,0,0,0,0.9677,0.0307,0.0016,0.0000,0.0000,1.0339,139,10,4,7,0,160,1.2437
152000,1831,55,1,0,0,0,0.9703,0.0291,0.0005,0.0000,0.0000,1.0302,140,10,4,7,0,161,1.2422
153000,1834,52,2,0,0,0,0.9714,0.0275,0.0011,0.0000,0.0000,1.0297,140,9,4,6,0,159,1.2201
154000,1840,43,0,1,0,0,0.9766,0.0228,0.0000,0.0005,0.0000,1.0244,143,10,5,5,0,163,1.2147
155000,1827,52,0,1,0,0,0.9718,0.0277,0.0000,0.0005,0.0000,1.0293,148,10,4,5,0,167,1.1976
156000,1823,55,1,1,1,0,0.9692,0.0292,0.0005,0.0005,0.0005,1.0340,149,9,4,5,0,167,1.1916
157000,1815,65,1,1,0,0,0.9644,0.0345,0.0005,0.0005,0.0000,1.0372,149,9,4,4,0,166,1.1747
158000,1812,73,2,1,0,0,0.9597,0.0387,0.0011,0.0005,0.0000,1.0424,146,9,4,1,0,160,1.1250
159000,1823,67,1,0,0,0,0.9640,0.0354,0.0005,0.0000,0.0000,1.0365,144,8,4,1,0,157,1.1210
160000,1823,72,3,0,0,0,0.9605,0.0379,0.0016,0.0000,0.0000,1.0411,138,8,3,1,0,150,1.1133
161000,1830,63,1,0,0,0,0.9662,0.0333,0.0005,0.0000,0.0000,1.0343,141,8,3,1,0,153,1.1111
162000,1826,65,0,0,0,0,0.9656,0.0344,0.0000,0.0000,0.0000,1.0344,145,8,2,1,0,156,1.0962
163000,1842,51,0,0,0,0,0.9731,0.0269,0.0000,0.0000,0.0000,1.0269,144,8,2,1,0,155,1.0968
164000,1832,60,1,1,0,0,0.9673,0.0317,0.0005,0.0005,0.0000,1.0343,144,7,2,1,0,154,1.0909
165000,1847,45,0,0,0,0,0.9762,0.0238,0.0000,0.0000,0.0000,1.0238,146,7,2,0,0,155,1.0710
166000,1839,52,0,0,0,0,0.9725,0.0275,0.0000,0.0000,0.0000,1.0275,147,7,2,0,0,156,1.0705
167000,1836,57,1,0,1,0,0.9689,0.0301,0.0005,0.0000,0.0005,1.0332,145,7,1,0,0,153,1.0588
168000,1843,52,0,0,0,0,0.9726,0.0274,0.0000,0.0000,0.0000,1.0274,145,7,1,0,0,153,1.0588
169000,1844,48,0,0,0,0,0.9746,0.0254,0.0000,0.0000,0.0000,1.0254,148,6,1,0,0,155,1.0516
170000,1843,48,0,0,1,0,0.9741,0.0254,0.0000,0.0000,0.0005,1.0275,148,7,1,0,0,156,1.0577
171000,1832,57,2,0,0,0,0.9688,0.0301,0.0011,0.0000,0.0000,1.0323,149,8,0,0,0,157,1.0510
172000,1835,50,1,0,0,0,0.9730,0.0265,0.0005,0.0000,0.0000,1.0276,153,8,0,0,0,161,1.0497
173000,1843,55,1,0,0,0,0.9705,0.0290,0.0005,0.0000,0.0000,1.0300,142,7,0,0,0,149,1.0470
174000,1848,48,2,0,0,0,0.9737,0.0253,0.0011,0.0000,0.0000,1.0274,142,7,0,0,0,149,1.0470
175000,1851,51,2,1,0,0,0.9717,0.0268,0.0010,0.0005,0.0000,1.0304,137,6,0,0,0,143,1.0420
176000,1847,48,2,1,0,0,0.9731,0.0253,0.0011,0.0005,0.0000,1.0290,144,5,0,0,0,149,1.0336
177000,1840,51,1,0,0,0,0.9725,0.0270,0.0005,0.0000,0.0000,1.0280,151,5,0,0,0,156,1.0321
178000,1833,63,2,0,0,0,0.9658,0.0332,0.0011,0.0000,0.0000,1.0353,143,6,0,0,0,149,1.0403
179000,1833,62,2,0,0,0,0.9663,0.0327,0.0011,0.0000,0.0000,1.0348,146,5,0,0,0,151,1.0331
180000,1823,70,3,0,0,0,0.9615,0.0369,0.0016,0.0000,0.0000,1.0401,147,5,0,0,0,152,1.0329
181000,1831,62,1,1,0,0,0.9662,0.0327,0.0005,0.0005,0.0000,1.0354,148,5,0,0,0,153,1.0327
182000,1826,64,2,0,0,0,0.9651,0.0338,0.0011,0.0000,0.0000,1.0359,148,6,0,0,0,154,1.0390
183000,1841,58,0,0,0,0,0.9695,0.0305,0.0000,0.0000,0.0000,1.0305,142,6,0,0,0,148,1.0405
184000,1844,54,0,1,0,0,0.9710,0.0284,0.0000,0.0005,0.0000,1.0300,144,5,0,0,0,149,1.0336
185000,1836,49,0,0,1,0,0.9735,0.0260,0.0000,0.0000,0.0005,1.0281,156,5,0,0,0,161,1.0311
186000,1833,51,1,0,0,0,0.9724,0.0271,0.0005,0.0000,0.0000,1.0281,157,5,0,0,0,162,1.0309
187000,1845,41,2,0,0,0,0.9772,0.0217,0.0011,0.0000,0.0000,1.0238,155,4,0,0,0,159,1.0252
188000,1838,50,0,0,0,0,0.9735,0.0265,0.0000,0.0000,0.0000,1.0265,156,4,0,0,0,160,1.0250
189000,1827,59,1,0,0,0,0.9682,0.0313,0.0005,0.0000,0.0000,1.0323,157,4,0,0,0,161,1.0248
190000,1828,59,3,0,0,0,0.9672,0.0312,0.0016,0.0000,0.0000,1.0344,152,5,0,0,0,157,1.0318
191000,1815,68,3,0,0,0,0.9624,0.0361,0.0016,0.0000,0.0000,1.0392,156,5,0,0,0,161,1.0311
192000,1805,83,1,0,0,0,0.9555,0.0439,0.0005,0.0000,0.0000,1.0450,153,6,0,0,0,159,1.0377
193000,1819,67,2,0,0,0,0.9635,0.0355,0.0011,0.0000,0.0000,1.0376,153,6,0,0,0,159,1.0377
194000,1817,72,1,0,1,0,0.9609,0.0381,0.0005,0.0000,0.0005,1.0412,150,7,0,0,0,157,1.0446
195000,1823,64,1,0,0,0,0.9656,0.0339,0.0005,0.0000,0.0000,1.0350,151,8,0,0,0,159,1.0503
196000,1823,65,1,0,0,0,0.9651,0.0344,0.0005,0.0000,0.0000,1.0355,150,9,0,0,0,159,1.0566
197000,1824,60,0,0,0,0,0.9682,0.0318,0.0000,0.0000,0.0000,1.0318,155,9,0,0,0,164,1.0549
198000,1836,57,0,0,0,0,0.9699,0.0301,0.0000,0.0000,0.0000,1.0301,147,7,0,0,0,154,1.0455
199000,1836,56,0,0,0,0,0.9704,0.0296,0.0000,0.0000,0.0000,1.0296,149,7,0,0,0,156,1.0449
200000,1839,50,0,0,0,0,0.9735,0.0265,0.0000,0.0000,0.0000,1.0265,152,6,0,0,0,158,1.0380
201000,1837,49,1,0,0,0,0.9735,0.0260,0.0005,0.0000,0.0000,1.0270,155,6,0,0,0,161,1.0373
202000,1836,52,0,0,0,0,0.9725,0.0275,0.0000,0.0000,0.0000,1.0275,154,5,0,0,0,159,1.0314
203000,1828,62,2,0,0,0,0.9662,0.0328,0.0011,0.0000,0.0000,1.0349,151,5,0,0,0,156,1.0321
204000,1836,60,2,0,0,0,0.9673,0.0316,0.0011,0.0000,0.0000,1.0337,146,4,0,0,0,150,1.0267
205000,1828,64,0,0,0,0,0.9662,0.0338,0.0000,0.0000,0.0000,1.0338,152,4,0,0,0,156,1.0256
206000,1832,55,0,0,0,0,0.9709,0.0291,0.0000,0.0000,0.0000,1.0291,154,5,0,0,0,159,1.0314
207000,1841,55,0,0,0,0,0.9710,0.0290,0.0000,0.0000,0.0000,1.0290,146,5,0,0,0,151,1.0331
208000,1836,61,0,0,0,0,0.9678,0.0322,0.0000,0.0000,0.0000,1.0322,145,5,0,0,0,150,1.0333
209000,1832,58,1,0,0,0,0.9688,0.0307,0.0005,0.0000,0.0000,1.0317,151,6,0,0,0,157,1.0382
210000,1827,60,0,0,0,0,0.9682,0.0318,0.0000,0.0000,0.0000,1.0318,154,6,0,0,0,160,1.0375
211000,1831,54,0,0,0,0,0.9714,0.0286,0.0000,0.0000,0.0000,1.0286,156,6,0,0,0,162,1.0370
212000,1841,47,1,0,1,0,0.9741,0.0249,0.0005,0.0000,0.0005,1.0280,150,7,0,0,0,157,1.0446
213000,1829,55,0,0,0,0,0.9708,0.0292,0.0000,0.0000,0.0000,1.0292,157,7,0,0,0,164,1.0427
214000,1831,52,2,0,0,0,0.9714,0.0276,0.0011,0.0000,0.0000,1.0297,155,6,0,0,0,161,1.0373
215000,1836,54,1,0,0,0,0.9709,0.0286,0.0005,0.0000,0.0000,1.0296,152,5,0,0,0,157,1.0318
216000,1839,50,1,0,0,0,0.9730,0.0265,0.0005,0.0000,0.0000,1.0275,153,4,0,0,0,157,1.0255
217000,1837,55,1,0,0,0,0.9704,0.0291,0.0005,0.0000,0.0000,1.0301,152,3,0,0,0,155,1.0194
218000,1830,55,2,0,0,0,0.9698,0.0291,0.0011,0.0000,0.0000,1.0313,158,3,0,0,0,161,1.0186
219000,1828,51,2,0,0,0,0.9718,0.0271,0.0011,0.0000,0.0000,1.0292,163,3,0,0,0,166,1.0181
220000,1828,51,1,0,0,0,0.9723,0.0271,0.0005,0.0000,0.0000,1.0282,165,3,0,0,0,168,1.0179
220000,1828,51,1,0,0,0,0.9723,0.0271,0.0005,0.0000,0.0000,1.0282,165,3,0,0,0,168,1.0179
