lambda,wi,wr,seed,events,score,extinct
0.3750,6,16,1,3,-1,1
0.3750,6,16,2,387,-1,1
0.3750,6,16,3,95,-1,1
0.3750,6,16,4,1,-1,1
0.3750,6,16,5,13,-1,1
0.3750,6,16,6,1,-1,1
0.3750,6,16,7,1,-1,1
0.3750,6,16,8,351,-1,1
0.3750,6,16,9,1,-1,1
0.3750,6,16,10,1,-1,1
0.3750,6,16,11,25,-1,1
0.3750,6,16,12,1,-1,1
0.3750,6,16,13,1,-1,1
0.3750,6,16,14,3,-1,1
0.3750,6,16,15,3,-1,1
0.3750,6,16,16,67,-1,1
0.3750,6,16,17,1,-1,1
0.3750,6,16,18,15,-1,1
0.3750,6,16,19,35,-1,1
0.3750,6,16,20,7,-1,1
0.3750,6,16,21,117,-1,1
0.3750,6,16,22,13,-1,1
0.3750,6,16,23,1,-1,1
0.3750,6,16,24,3,-1,1
0.3750,6,16,25,3,-1,1
0.3750,6,16,26,1,-1,1
0.3750,6,16,27,135,-1,1
0.3750,6,16,28,1381,-1,1
0.3750,6,16,29,3,-1,1
0.3750,6,16,30,3,-1,1
0.3750,6,16,31,1,-1,1
0.3750,6,16,32,53,-1,1
0.3750,6,16,33,1,-1,1
0.3750,6,16,34,5,-1,1
0.3750,6,16,35,1,-1,1
0.3750,6,16,36,1,-1,1
0.3750,6,16,37,27,-1,1
0.3750,6,16,38,57,-1,1
0.3750,6,16,39,337,-1,1
0.3750,6,16,40,1,-1,1
0.3750,6,16,41,119,-1,1
0.3750,6,16,42,35,-1,1
0.3750,6,16,43,5,-1,1
0.3750,6,16,44,83,-1,1
0.3750,6,16,45,47,-1,1
0.3750,6,16,46,3,-1,1
0.3750,6,16,47,99,-1,1
0.3750,6,16,48,11,-1,1
0.3750,6,16,49,59,-1,1
0.3750,6,16,50,1,-1,1
0.4375,7,16,1,3,-1,1
0.4375,7,16,2,20001,49,0
0.4375,7,16,3,1715,-1,1
0.4375,7,16,4,1,-1,1
0.4375,7,16,5,9,-1,1
0.4375,7,16,6,1,-1,1
0.4375,7,16,7,1,-1,1
0.4375,7,16,8,20000,100,0
0.4375,7,16,9,1,-1,1
0.4375,7,16,10,1,-1,1
0.4375,7,16,11,9607,-1,1
0.4375,7,16,12,1,-1,1
0.4375,7,16,13,14879,-1,1
0.4375,7,16,14,3,-1,1
0.4375,7,16,15,3,-1,1
0.4375,7,16,16,139,-1,1
0.4375,7,16,17,1,-1,1
0.4375,7,16,18,15,-1,1
0.4375,7,16,19,127,-1,1
0.4375,7,16,20,7,-1,1
0.4375,7,16,21,87,-1,1
0.4375,7,16,22,241,-1,1
0.4375,7,16,23,1,-1,1
0.4375,7,16,24,3,-1,1
0.4375,7,16,25,3,-1,1
0.4375,7,16,26,1,-1,1
0.4375,7,16,27,23,-1,1
0.4375,7,16,28,20001,79,0
0.4375,7,16,29,3,-1,1
0.4375,7,16,30,3,-1,1
0.4375,7,16,31,1,-1,1
0.4375,7,16,32,13,-1,1
0.4375,7,16,33,295,-1,1
0.4375,7,16,34,20000,72,0
0.4375,7,16,35,1,-1,1
0.4375,7,16,36,1,-1,1
0.4375,7,16,37,63,-1,1
0.4375,7,16,38,20001,61,0
0.4375,7,16,39,179,-1,1
0.4375,7,16,40,1,-1,1
0.4375,7,16,41,361,-1,1
0.4375,7,16,42,5849,-1,1
0.4375,7,16,43,5,-1,1
0.4375,7,16,44,20001,45,0
0.4375,7,16,45,20000,100,0
0.4375,7,16,46,45,-1,1
0.4375,7,16,47,67,-1,1
0.4375,7,16,48,20001,89,0
0.4375,7,16,49,20001,39,0
0.4375,7,16,50,1,-1,1
0.5000,8,16,1,3,-1,1
0.5000,8,16,2,20001,171,0
0.5000,8,16,3,20001,159,0
0.5000,8,16,4,1,-1,1
0.5000,8,16,5,9,-1,1
0.5000,8,16,6,1,-1,1
0.5000,8,16,7,1,-1,1
0.5000,8,16,8,20001,137,0
0.5000,8,16,9,1,-1,1
0.5000,8,16,10,1,-1,1
0.5000,8,16,11,47,-1,1
0.5000,8,16,12,1,-1,1
0.5000,8,16,13,25,-1,1
0.5000,8,16,14,3,-1,1
0.5000,8,16,15,3,-1,1
0.5000,8,16,16,20000,200,0
0.5000,8,16,17,1,-1,1
0.5000,8,16,18,20001,157,0
0.5000,8,16,19,20001,177,0
0.5000,8,16,20,7,-1,1
0.5000,8,16,21,20001,177,0
0.5000,8,16,22,20001,177,0
0.5000,8,16,23,1,-1,1
0.5000,8,16,24,3,-1,1
0.5000,8,16,25,3,-1,1
0.5000,8,16,26,1,-1,1
0.5000,8,16,27,15,-1,1
0.5000,8,16,28,20001,151,0
0.5000,8,16,29,87,-1,1
0.5000,8,16,30,41,-1,1
0.5000,8,16,31,1,-1,1
0.5000,8,16,32,20001,157,0
0.5000,8,16,33,47,-1,1
0.5000,8,16,34,20001,185,0
0.5000,8,16,35,1,-1,1
0.5000,8,16,36,1,-1,1
0.5000,8,16,37,20001,217,0
0.5000,8,16,38,20001,167,0
0.5000,8,16,39,20001,191,0
0.5000,8,16,40,1,-1,1
0.5000,8,16,41,20001,193,0
0.5000,8,16,42,20001,127,0
0.5000,8,16,43,5,-1,1
0.5000,8,16,44,20001,163,0
0.5000,8,16,45,20000,128,0
0.5000,8,16,46,20001,207,0
0.5000,8,16,47,20001,171,0
0.5000,8,16,48,20001,165,0
0.5000,8,16,49,20001,157,0
0.5000,8,16,50,3,-1,1
0.6250,10,16,1,3,-1,1
0.6250,10,16,2,20001,287,0
0.6250,10,16,3,20001,249,0
0.6250,10,16,4,1,-1,1
0.6250,10,16,5,9,-1,1
0.6250,10,16,6,1,-1,1
0.6250,10,16,7,1,-1,1
0.6250,10,16,8,20000,276,0
0.6250,10,16,9,1,-1,1
0.6250,10,16,10,1,-1,1
0.6250,10,16,11,20001,277,0
0.6250,10,16,12,20001,261,0
0.6250,10,16,13,20001,287,0
0.6250,10,16,14,20001,273,0
0.6250,10,16,15,3,-1,1
0.6250,10,16,16,20000,232,0
0.6250,10,16,17,1,-1,1
0.6250,10,16,18,20001,233,0
0.6250,10,16,19,20000,296,0
0.6250,10,16,20,20001,267,0
0.6250,10,16,21,20001,245,0
0.6250,10,16,22,9,-1,1
0.6250,10,16,23,1,-1,1
0.6250,10,16,24,20001,217,0
0.6250,10,16,25,3,-1,1
0.6250,10,16,26,1,-1,1
0.6250,10,16,27,20001,273,0
0.6250,10,16,28,20001,279,0
0.6250,10,16,29,20001,259,0
0.6250,10,16,30,20001,275,0
0.6250,10,16,31,1,-1,1
0.6250,10,16,32,20001,277,0
0.6250,10,16,33,20001,271,0
0.6250,10,16,34,20001,259,0
0.6250,10,16,35,20001,279,0
0.6250,10,16,36,1,-1,1
0.6250,10,16,37,20001,243,0
0.6250,10,16,38,20001,251,0
0.6250,10,16,39,20000,256,0
0.6250,10,16,40,1,-1,1
0.6250,10,16,41,20001,263,0
0.6250,10,16,42,20001,265,0
0.6250,10,16,43,5,-1,1
0.6250,10,16,44,20001,271,0
0.6250,10,16,45,20000,280,0
0.6250,10,16,46,20001,291,0
0.6250,10,16,47,20000,280,0
0.6250,10,16,48,20001,271,0
0.6250,10,16,49,20001,293,0
0.6250,10,16,50,7,-1,1
